// Code generated by gen.go from shader.metal; DO NOT EDIT.

//go:build darwin

package metal

// shaderLibrarySum is the SHA-256 of the shader.metal shaderLibrary was
// compiled from.
const shaderLibrarySum = "4da90a730d930353a3960a904b8161139bbba5de0d89e93fcae93af94e6c8d57"

var shaderLibrary = []byte{
	0x4d, 0x54, 0x4c, 0x42, 0x01, 0x80, 0x02, 0x00, 0x06, 0x00, 0x00, 0x81, 0x0c, 0x00, 0x00, 0x00,
	0xc0, 0x52, 0x00, 0x00, 0x00, 0x00, 0x00, 0x00, 0x58, 0x00, 0x00, 0x00, 0x00, 0x00, 0x00, 0x00,
	0xf0, 0x00, 0x00, 0x00, 0x00, 0x00, 0x00, 0x00, 0x50, 0x01, 0x00, 0x00, 0x00, 0x00, 0x00, 0x00,
	0x10, 0x00, 0x00, 0x00, 0x00, 0x00, 0x00, 0x00, 0x60, 0x01, 0x00, 0x00, 0x00, 0x00, 0x00, 0x00,
	0x10, 0x00, 0x00, 0x00, 0x00, 0x00, 0x00, 0x00, 0x70, 0x01, 0x00, 0x00, 0x00, 0x00, 0x00, 0x00,
	0x50, 0x51, 0x00, 0x00, 0x00, 0x00, 0x00, 0x00, 0x02, 0x00, 0x00, 0x00, 0x78, 0x00, 0x00, 0x00,
	0x4e, 0x41, 0x4d, 0x45, 0x03, 0x00, 0x76, 0x73, 0x00, 0x54, 0x59, 0x50, 0x45, 0x01, 0x00, 0x00,
	0x48, 0x41, 0x53, 0x48, 0x20, 0x00, 0xd2, 0x6f, 0x53, 0xe8, 0xd9, 0x51, 0x49, 0x1f, 0xb8, 0xcb,
	0x50, 0x4b, 0x47, 0xb2, 0x01, 0xf5, 0xce, 0xae, 0xb8, 0xe0, 0x9d, 0xeb, 0x0d, 0x4d, 0x7e, 0x90,
	0x66, 0x75, 0x6a, 0xf2, 0xd2, 0x6c, 0x4d, 0x44, 0x53, 0x5a, 0x08, 0x00, 0xb0, 0x11, 0x00, 0x00,
	0x00, 0x00, 0x00, 0x00, 0x4f, 0x46, 0x46, 0x54, 0x18, 0x00, 0x00, 0x00, 0x00, 0x00, 0x00, 0x00,
	0x00, 0x00, 0x00, 0x00, 0x00, 0x00, 0x00, 0x00, 0x00, 0x00, 0x00, 0x00, 0x00, 0x00, 0x00, 0x00,
	0x00, 0x00, 0x56, 0x45, 0x52, 0x53, 0x08, 0x00, 0x02, 0x00, 0x04, 0x00, 0x02, 0x00, 0x04, 0x00,
	0x45, 0x4e, 0x44, 0x54, 0x78, 0x00, 0x00, 0x00, 0x4e, 0x41, 0x4d, 0x45, 0x03, 0x00, 0x70, 0x73,
	0x00, 0x54, 0x59, 0x50, 0x45, 0x01, 0x00, 0x01, 0x48, 0x41, 0x53, 0x48, 0x20, 0x00, 0x98, 0x17,
	0xd4, 0xf2, 0x62, 0xc7, 0x0e, 0x52, 0x91, 0x9f, 0x6f, 0xe6, 0x0b, 0x21, 0xaf, 0x17, 0xe2, 0x8e,
	0x9f, 0x90, 0x58, 0xd2, 0xe9, 0xdc, 0xac, 0x40, 0x7a, 0x9f, 0x3c, 0x53, 0xd9, 0xe9, 0x4d, 0x44,
	0x53, 0x5a, 0x08, 0x00, 0xa0, 0x3f, 0x00, 0x00, 0x00, 0x00, 0x00, 0x00, 0x4f, 0x46, 0x46, 0x54,
	0x18, 0x00, 0x08, 0x00, 0x00, 0x00, 0x00, 0x00, 0x00, 0x00, 0x08, 0x00, 0x00, 0x00, 0x00, 0x00,
	0x00, 0x00, 0xb0, 0x11, 0x00, 0x00, 0x00, 0x00, 0x00, 0x00, 0x56, 0x45, 0x52, 0x53, 0x08, 0x00,
	0x02, 0x00, 0x04, 0x00, 0x02, 0x00, 0x04, 0x00, 0x45, 0x4e, 0x44, 0x54, 0x45, 0x4e, 0x44, 0x54,
	0x04, 0x00, 0x00, 0x00, 0x45, 0x4e, 0x44, 0x54, 0x04, 0x00, 0x00, 0x00, 0x45, 0x4e, 0x44, 0x54,
	0x04, 0x00, 0x00, 0x00, 0x45, 0x4e, 0x44, 0x54, 0x04, 0x00, 0x00, 0x00, 0x45, 0x4e, 0x44, 0x54,
	0xde, 0xc0, 0x17, 0x0b, 0x00, 0x00, 0x00, 0x00, 0x14, 0x00, 0x00, 0x00, 0x94, 0x11, 0x00, 0x00,
	0xff, 0xff, 0xff, 0xff, 0x42, 0x43, 0xc0, 0xde, 0x35, 0x14, 0x00, 0x00, 0x03, 0x00, 0x00, 0x00,
	0x62, 0x0c, 0x30, 0x24, 0x80, 0x10, 0x05, 0xc8, 0x14, 0x00, 0x00, 0x00, 0x21, 0x0c, 0x00, 0x00,
	0x17, 0x04, 0x00, 0x00, 0x0b, 0x02, 0x21, 0x00, 0x02, 0x00, 0x00, 0x00, 0x13, 0x00, 0x00, 0x00,
	0x07, 0x81, 0x23, 0x91, 0x41, 0xc8, 0x04, 0x49, 0x06, 0x10, 0x32, 0x39, 0x92, 0x01, 0x84, 0x0c,
	0x25, 0x05, 0x08, 0x19, 0x1e, 0x04, 0x8b, 0x62, 0x80, 0x14, 0x45, 0x02, 0x42, 0x92, 0x0b, 0x42,
	0xa4, 0x10, 0x32, 0x14, 0x38, 0x08, 0x18, 0x4b, 0x0a, 0x32, 0x52, 0x88, 0x48, 0x90, 0x14, 0x20,
	0x43, 0x46, 0x88, 0xa5, 0x00, 0x19, 0x32, 0x42, 0x04, 0x49, 0x0e, 0x90, 0x91, 0x22, 0xc4, 0x50,
	0x41, 0x51, 0x81, 0x8c, 0xe1, 0x83, 0xe5, 0x8a, 0x04, 0x29, 0x46, 0x06, 0x89, 0x20, 0x00, 0x00,
	0x1c, 0x00, 0x00, 0x00, 0x32, 0x22, 0x48, 0x09, 0x20, 0x64, 0x85, 0x04, 0x93, 0x22, 0xa4, 0x84,
	0x04, 0x93, 0x22, 0xe3, 0x84, 0xa1, 0x90, 0x14, 0x12, 0x4c, 0x8a, 0x8c, 0x0b, 0x84, 0xa4, 0x4c,
	0x10, 0x5c, 0x33, 0x00, 0xc3, 0x08, 0x04, 0x30, 0x8c, 0x20, 0x00, 0x73, 0x04, 0x60, 0x60, 0x89,
	0x20, 0xc4, 0xb8, 0x45, 0x9a, 0x22, 0x4a, 0x98, 0x7c, 0xb1, 0x91, 0x26, 0xb4, 0x84, 0x10, 0x42,
	0x08, 0x21, 0x84, 0x10, 0x06, 0x11, 0x8a, 0x60, 0x10, 0x21, 0x10, 0x4a, 0x41, 0xc6, 0x30, 0x87,
	0x50, 0x21, 0x84, 0x10, 0x82, 0x54, 0x11, 0xc0, 0x20, 0x36, 0x10, 0x90, 0x02, 0x63, 0x8e, 0x00,
	0x14, 0x06, 0x11, 0x82, 0x60, 0x8e, 0x20, 0x98, 0x02, 0x18, 0x01, 0x18, 0x46, 0x10, 0x86, 0x61,
	0x04, 0x62, 0x00, 0x00, 0x51, 0x18, 0x00, 0x00, 0x7f, 0x00, 0x00, 0x00, 0x1b, 0xc0, 0x24, 0xf8,
	0xff, 0xff, 0xff, 0xff, 0x01, 0x68, 0x03, 0x40, 0x02, 0x2a, 0x22, 0x1c, 0xe0, 0x01, 0x1e, 0xe4,
	0xe1, 0x1d, 0xf0, 0xa1, 0x0d, 0xcc, 0xa1, 0x1e, 0xdc, 0x61, 0x1c, 0xda, 0xc0, 0x1c, 0xe0, 0xa1,
	0x0d, 0xda, 0x21, 0x1c, 0xe8, 0x01, 0x1d, 0x00, 0x7a, 0x90, 0x87, 0x7a, 0x28, 0x07, 0x80, 0x68,
	0x87, 0x74, 0x70, 0x87, 0x36, 0x60, 0x87, 0x72, 0x38, 0x87, 0x70, 0x60, 0x87, 0x36, 0xb0, 0x87,
	0x72, 0x18, 0x07, 0x7a, 0x78, 0x07, 0x79, 0x68, 0x83, 0x7b, 0x48, 0x07, 0x72, 0xa0, 0x07, 0x74,
	0x00, 0xec, 0x80, 0x0e, 0x80, 0xc1, 0x1d, 0xde, 0xa1, 0x0d, 0xc4, 0xa1, 0x1e, 0xd2, 0x81, 0x1d,
	0xe8, 0x21, 0x1d, 0xdc, 0x61, 0x1e, 0x00, 0xc2, 0x1d, 0xde, 0xa1, 0x0d, 0xcc, 0x41, 0x1e, 0xc2,
	0xa1, 0x1d, 0xca, 0xa1, 0x0d, 0xe0, 0xe1, 0x1d, 0xd2, 0xc1, 0x1d, 0xe8, 0xa1, 0x1c, 0xe4, 0xa1,
	0x0d, 0xca, 0x81, 0x1d, 0xd2, 0xa1, 0x1d, 0x00, 0x7a, 0x90, 0x87, 0x7a, 0x28, 0x07, 0x80, 0x70,
	0x87, 0x77, 0x68, 0x03, 0x73, 0x90, 0x87, 0x70, 0x68, 0x87, 0x72, 0x68, 0x03, 0x78, 0x78, 0x87,
	0x74, 0x70, 0x07, 0x7a, 0x28, 0x07, 0x79, 0x68, 0x83, 0x72, 0x60, 0x87, 0x74, 0x68, 0x87, 0x36,
	0x70, 0x87, 0x77, 0x70, 0x87, 0x36, 0x60, 0x87, 0x72, 0x08, 0x07, 0x73, 0x00, 0xe8, 0x41, 0x1e,
	0xea, 0xa1, 0x1c, 0x00, 0xc2, 0x1d, 0xde, 0xa1, 0x0d, 0xd2, 0xc1, 0x1d, 0xcc, 0x61, 0x1e, 0xda,
	0xc0, 0x1c, 0xe0, 0xa1, 0x0d, 0xda, 0x21, 0x1c, 0xe8, 0x01, 0x1d, 0x00, 0x7a, 0x90, 0x87, 0x7a,
	0x28, 0x07, 0x80, 0x70, 0x87, 0x77, 0x68, 0x03, 0x77, 0x08, 0x07, 0x77, 0x98, 0x87, 0x36, 0x30,
	0x07, 0x78, 0x68, 0x83, 0x76, 0x08, 0x07, 0x7a, 0x40, 0x07, 0x80, 0x1e, 0xe4, 0xa1, 0x1e, 0xca,
	0x01, 0x20, 0xdc, 0xe1, 0x1d, 0xda, 0x60, 0x1e, 0xd2, 0xe1, 0x1c, 0xdc, 0xa1, 0x1c, 0xc8, 0xa1,
	0x0d, 0xf4, 0xa1, 0x1c, 0xe4, 0xe1, 0x1d, 0xe6, 0xa1, 0x0d, 0xcc, 0x01, 0x1e, 0xda, 0xa0, 0x1d,
	0xc2, 0x81, 0x1e, 0xd0, 0x01, 0xa0, 0x07, 0x79, 0xa8, 0x87, 0x72, 0x00, 0x08, 0x77, 0x78, 0x87,
	0x36, 0xa0, 0x07, 0x79, 0x08, 0x07, 0x78, 0x80, 0x87, 0x74, 0x70, 0x87, 0x73, 0x68, 0x83, 0x76,
	0x08, 0x07, 0x7a, 0x40, 0x07, 0x80, 0x1e, 0xe4, 0xa1, 0x1e, 0xca, 0x01, 0x20, 0xe6, 0x81, 0x1e,
	0xc2, 0x61, 0x1c, 0xd6, 0xa1, 0x0d, 0xe0, 0x41, 0x1e, 0xde, 0x81, 0x1e, 0xca, 0x61, 0x1c, 0xe8,
	0xe1, 0x1d, 0xe4, 0xa1, 0x0d, 0xc4, 0xa1, 0x1e, 0xcc, 0xc1, 0x1c, 0xca, 0x41, 0x1e, 0xda, 0x60,
	0x1e, 0xd2, 0x41, 0x1f, 0xca, 0x01, 0xc0, 0x03, 0x80, 0xa8, 0x07, 0x77, 0x98, 0x87, 0x70, 0x30,
	0x87, 0x72, 0x68, 0x03, 0x73, 0x80, 0x87, 0x36, 0x68, 0x87, 0x70, 0xa0, 0x07, 0x74, 0x00, 0xe8,
	0x41, 0x1e, 0xea, 0xa1, 0x1c, 0x80, 0x0d, 0x9b, 0x30, 0x00, 0x0b, 0x50, 0x0d, 0xe1, 0x90, 0x0e,
	0xf2, 0xd0, 0x06, 0xe2, 0x50, 0x0f, 0xe6, 0x60, 0x0e, 0xe5, 0x20, 0x0f, 0x6d, 0xe0, 0x0e, 0xef,
	0xd0, 0x06, 0xe1, 0xc0, 0x0e, 0xe9, 0x10, 0x0e, 0xf3, 0x00, 0x6c, 0xf0, 0x06, 0x02, 0x58, 0x80,
	0x2a, 0x48, 0x03, 0x68, 0x08, 0x87, 0x74, 0x90, 0x87, 0x36, 0x10, 0x87, 0x7a, 0x30, 0x07, 0x73,
	0x28, 0x07, 0x79, 0x68, 0x03, 0x77, 0x78, 0x87, 0x36, 0x08, 0x07, 0x76, 0x48, 0x87, 0x70, 0x98,
	0x07, 0x60, 0x83, 0x41, 0xfc, 0xff, 0xff, 0xff, 0xff, 0x00, 0x48, 0x00, 0xb5, 0xc1, 0x28, 0xfe,
	0xff, 0xff, 0xff, 0x7f, 0x00, 0x24, 0x80, 0x02, 0x49, 0x18, 0x00, 0x00, 0x03, 0x00, 0x00, 0x00,
	0x13, 0x86, 0x40, 0x18, 0x26, 0x04, 0xc4, 0x84, 0xa0, 0x00, 0x00, 0x00, 0x13, 0xb8, 0x70, 0x48,
	0x07, 0x79, 0xb0, 0x03, 0x3a, 0xf8, 0x05, 0x7b, 0x90, 0x03, 0x3a, 0x68, 0x83, 0x70, 0x80, 0x07,
	0x78, 0x60, 0x87, 0x72, 0x68, 0x83, 0x76, 0x08, 0x87, 0x71, 0x78, 0x87, 0x79, 0xc0, 0x87, 0x38,
	0x90, 0x03, 0x37, 0x80, 0x03, 0x37, 0x80, 0x83, 0x0d, 0xb7, 0x51, 0x0e, 0x6d, 0x00, 0x0f, 0x7a,
	0x60, 0x07, 0x74, 0xa0, 0x07, 0x76, 0x40, 0x07, 0x7a, 0x60, 0x07, 0x74, 0xd0, 0x06, 0xe9, 0x10,
	0x07, 0x7a, 0x80, 0x07, 0x7a, 0x80, 0x07, 0x6d, 0x90, 0x0e, 0x78, 0xa0, 0x07, 0x78, 0xa0, 0x07,
	0x78, 0xd0, 0x06, 0xe9, 0x10, 0x07, 0x76, 0xa0, 0x07, 0x71, 0x60, 0x07, 0x7a, 0x10, 0x07, 0x76,
	0xd0, 0x06, 0xe9, 0x30, 0x07, 0x72, 0xa0, 0x07, 0x73, 0x20, 0x07, 0x7a, 0x30, 0x07, 0x72, 0xd0,
	0x06, 0xe9, 0x60, 0x07, 0x74, 0xa0, 0x07, 0x76, 0x40, 0x07, 0x7a, 0x60, 0x07, 0x74, 0xd0, 0x06,
	0xe6, 0x30, 0x07, 0x72, 0xa0, 0x07, 0x73, 0x20, 0x07, 0x7a, 0x30, 0x07, 0x72, 0xd0, 0x06, 0xe6,
	0x60, 0x07, 0x74, 0xa0, 0x07, 0x76, 0x40, 0x07, 0x7a, 0x60, 0x07, 0x74, 0xd0, 0x06, 0xf6, 0x10,
	0x07, 0x76, 0xa0, 0x07, 0x71, 0x60, 0x07, 0x7a, 0x10, 0x07, 0x76, 0xd0, 0x06, 0xf6, 0x20, 0x07,
	0x74, 0xa0, 0x07, 0x73, 0x20, 0x07, 0x7a, 0x30, 0x07, 0x72, 0xd0, 0x06, 0xf6, 0x30, 0x07, 0x72,
	0xa0, 0x07, 0x73, 0x20, 0x07, 0x7a, 0x30, 0x07, 0x72, 0xd0, 0x06, 0xf6, 0x40, 0x07, 0x78, 0xa0,
	0x07, 0x76, 0x40, 0x07, 0x7a, 0x60, 0x07, 0x74, 0xd0, 0x06, 0xf6, 0x60, 0x07, 0x74, 0xa0, 0x07,
	0x76, 0x40, 0x07, 0x7a, 0x60, 0x07, 0x74, 0xd0, 0x06, 0xf6, 0x90, 0x07, 0x76, 0xa0, 0x07, 0x71,
	0x20, 0x07, 0x78, 0xa0, 0x07, 0x71, 0x20, 0x07, 0x78, 0xd0, 0x06, 0xf6, 0x10, 0x07, 0x72, 0x80,
	0x07, 0x7a, 0x10, 0x07, 0x72, 0x80, 0x07, 0x7a, 0x10, 0x07, 0x72, 0x80, 0x07, 0x6d, 0x60, 0x0f,
	0x71, 0x90, 0x07, 0x72, 0xa0, 0x07, 0x72, 0x50, 0x07, 0x76, 0xa0, 0x07, 0x72, 0x50, 0x07, 0x76,
	0xd0, 0x06, 0xf6, 0x20, 0x07, 0x75, 0x60, 0x07, 0x7a, 0x20, 0x07, 0x75, 0x60, 0x07, 0x7a, 0x20,
	0x07, 0x75, 0x60, 0x07, 0x6d, 0x60, 0x0f, 0x75, 0x10, 0x07, 0x72, 0xa0, 0x07, 0x75, 0x10, 0x07,
	0x72, 0xa0, 0x07, 0x75, 0x10, 0x07, 0x72, 0xd0, 0x06, 0xf6, 0x10, 0x07, 0x70, 0x20, 0x07, 0x74,
	0xa0, 0x07, 0x71, 0x00, 0x07, 0x72, 0x40, 0x07, 0x7a, 0x10, 0x07, 0x70, 0x20, 0x07, 0x74, 0xd0,
	0x06, 0xee, 0x80, 0x07, 0x7a, 0x10, 0x07, 0x76, 0xa0, 0x07, 0x73, 0x20, 0x07, 0x1a, 0x21, 0x0c,
	0x29, 0x54, 0xd2, 0x10, 0x09, 0x10, 0x10, 0x00, 0x00, 0x02, 0x00, 0x00, 0x00, 0x01, 0x00, 0x00,
	0x00, 0x00, 0x86, 0x48, 0x42, 0xa3, 0x00, 0x01, 0x20, 0x00, 0x00, 0x00, 0x08, 0x00, 0x00, 0x00,
	0x00, 0x30, 0x44, 0x7a, 0x2e, 0x06, 0x08, 0x00, 0x01, 0x00, 0x00, 0x40, 0x00, 0x00, 0x00, 0x00,
	0x00, 0x89, 0x0d, 0x02, 0x45, 0x33, 0x08, 0x00, 0x00, 0xb2, 0x40, 0x00, 0x15, 0x00, 0x00, 0x00,
	0x32, 0x1e, 0x98, 0x18, 0x19, 0x11, 0x4c, 0x90, 0x8c, 0x09, 0x26, 0x47, 0xc6, 0x04, 0x43, 0x1a,
	0x45, 0x50, 0x02, 0x85, 0x50, 0x0e, 0xe5, 0x53, 0x80, 0x02, 0x05, 0x51, 0x20, 0x23, 0x00, 0x05,
	0x54, 0x60, 0x05, 0x18, 0x50, 0xa0, 0x01, 0x05, 0x1c, 0x50, 0xe0, 0x01, 0x05, 0x2a, 0x50, 0xc0,
	0x02, 0x05, 0x2e, 0x50, 0x06, 0x04, 0x47, 0x00, 0x0a, 0xa4, 0x80, 0x0a, 0xac, 0x00, 0x03, 0x0a,
	0x34, 0xa0, 0x80, 0x03, 0x0a, 0x3c, 0xa0, 0x00, 0x05, 0x0a, 0x54, 0xa0, 0x80, 0x05, 0xe8, 0x8d,
	0x25, 0x6c, 0x00, 0x00, 0xb1, 0x18, 0x00, 0x00, 0xa5, 0x00, 0x00, 0x00, 0x33, 0x08, 0x80, 0x1c,
	0xc4, 0xe1, 0x1c, 0x66, 0x14, 0x01, 0x3d, 0x88, 0x43, 0x38, 0x84, 0xc3, 0x8c, 0x42, 0x80, 0x07,
	0x79, 0x78, 0x07, 0x73, 0x98, 0x71, 0x0c, 0xe6, 0x00, 0x0f, 0xed, 0x10, 0x0e, 0xf4, 0x80, 0x0e,
	0x33, 0x0c, 0x42, 0x1e, 0xc2, 0xc1, 0x1d, 0xce, 0xa1, 0x1c, 0x66, 0x30, 0x05, 0x3d, 0x88, 0x43,
	0x38, 0x84, 0x83, 0x1b, 0xcc, 0x03, 0x3d, 0xc8, 0x43, 0x3d, 0x8c, 0x03, 0x3d, 0xcc, 0x78, 0x8c,
	0x74, 0x70, 0x07, 0x7b, 0x08, 0x07, 0x79, 0x48, 0x87, 0x70, 0x70, 0x07, 0x7a, 0x70, 0x03, 0x76,
	0x78, 0x87, 0x70, 0x20, 0x87, 0x19, 0xcc, 0x11, 0x0e, 0xec, 0x90, 0x0e, 0xe1, 0x30, 0x0f, 0x6e,
	0x30, 0x0f, 0xe3, 0xf0, 0x0e, 0xf0, 0x50, 0x0e, 0x33, 0x10, 0xc4, 0x1d, 0xde, 0x21, 0x1c, 0xd8,
	0x21, 0x1d, 0xc2, 0x61, 0x1e, 0x66, 0x30, 0x89, 0x3b, 0xbc, 0x83, 0x3b, 0xd0, 0x43, 0x39, 0xb4,
	0x03, 0x3c, 0xbc, 0x83, 0x3c, 0x84, 0x03, 0x3b, 0xcc, 0xf0, 0x14, 0x76, 0x60, 0x07, 0x7b, 0x68,
	0x07, 0x37, 0x68, 0x87, 0x72, 0x68, 0x07, 0x37, 0x80, 0x87, 0x70, 0x90, 0x87, 0x70, 0x60, 0x07,
	0x76, 0x28, 0x07, 0x76, 0xf8, 0x05, 0x76, 0x78, 0x87, 0x77, 0x80, 0x87, 0x5f, 0x08, 0x87, 0x71,
	0x18, 0x87, 0x72, 0x98, 0x87, 0x79, 0x98, 0x81, 0x2c, 0xee, 0xf0, 0x0e, 0xee, 0xe0, 0x0e, 0xf5,
	0xc0, 0x0e, 0xec, 0x30, 0x03, 0x62, 0xc8, 0xa1, 0x1c, 0xe4, 0xa1, 0x1c, 0xcc, 0xa1, 0x1c, 0xe4,
	0xa1, 0x1c, 0xdc, 0x61, 0x1c, 0xca, 0x21, 0x1c, 0xc4, 0x81, 0x1d, 0xca, 0x61, 0x06, 0xd6, 0x90,
	0x43, 0x39, 0xc8, 0x43, 0x39, 0x98, 0x43, 0x39, 0xc8, 0x43, 0x39, 0xb8, 0xc3, 0x38, 0x94, 0x43,
	0x38, 0x88, 0x03, 0x3b, 0x94, 0xc3, 0x2f, 0xbc, 0x83, 0x3c, 0xfc, 0x82, 0x3b, 0xd4, 0x03, 0x3b,
	0xb0, 0xc3, 0x0c, 0xc7, 0x69, 0x87, 0x70, 0x58, 0x87, 0x72, 0x70, 0x83, 0x74, 0x68, 0x07, 0x78,
	0x60, 0x87, 0x74, 0x18, 0x87, 0x74, 0xa0, 0x87, 0x19, 0xce, 0x53, 0x0f, 0xee, 0x00, 0x0f, 0xf2,
	0x50, 0x0e, 0xe4, 0x90, 0x0e, 0xe3, 0x40, 0x0f, 0xe1, 0x20, 0x0e, 0xec, 0x50, 0x0e, 0x33, 0x20,
	0x28, 0x1d, 0xdc, 0xc1, 0x1e, 0xc2, 0x41, 0x1e, 0xd2, 0x21, 0x1c, 0xdc, 0x81, 0x1e, 0xdc, 0xe0,
	0x1c, 0xe4, 0xe1, 0x1d, 0xea, 0x01, 0x1e, 0x66, 0x18, 0x51, 0x38, 0xb0, 0x43, 0x3a, 0x9c, 0x83,
	0x3b, 0xcc, 0x50, 0x24, 0x76, 0x60, 0x07, 0x7b, 0x68, 0x07, 0x37, 0x60, 0x87, 0x77, 0x78, 0x07,
	0x78, 0x98, 0x51, 0x4c, 0xf4, 0x90, 0x0f, 0xf0, 0x50, 0x0e, 0x33, 0x1e, 0x6a, 0x1e, 0xca, 0x61,
	0x1c, 0xe8, 0x21, 0x1d, 0xde, 0xc1, 0x1d, 0x7e, 0x01, 0x1e, 0xe4, 0xa1, 0x1c, 0xcc, 0x21, 0x1d,
	0xf0, 0x61, 0x06, 0x54, 0x85, 0x83, 0x38, 0xcc, 0xc3, 0x3b, 0xb0, 0x43, 0x3d, 0xd0, 0x43, 0x39,
	0xfc, 0xc2, 0x3c, 0xe4, 0x43, 0x3b, 0x88, 0xc3, 0x3b, 0xb0, 0xc3, 0x8c, 0xc5, 0x0a, 0x87, 0x79,
	0x98, 0x87, 0x77, 0x18, 0x87, 0x74, 0x08, 0x07, 0x7a, 0x28, 0x07, 0x72, 0x98, 0x81, 0x5c, 0xe3,
	0x10, 0x0e, 0xec, 0xc0, 0x0e, 0xe5, 0x50, 0x0e, 0xf3, 0x30, 0x23, 0xc1, 0xd2, 0x41, 0x1e, 0xe4,
	0xe1, 0x17, 0xd8, 0xe1, 0x1d, 0xde, 0x01, 0x1e, 0x66, 0x48, 0x19, 0x3b, 0xb0, 0x83, 0x3d, 0xb4,
	0x83, 0x1b, 0x84, 0xc3, 0x38, 0x8c, 0x43, 0x39, 0xcc, 0xc3, 0x3c, 0xb8, 0xc1, 0x39, 0xc8, 0xc3,
	0x3b, 0xd4, 0x03, 0x3c, 0xcc, 0x48, 0xb4, 0x71, 0x08, 0x07, 0x76, 0x60, 0x07, 0x71, 0x08, 0x87,
	0x71, 0x58, 0x87, 0x19, 0xdb, 0xc6, 0x0e, 0xec, 0x60, 0x0f, 0xed, 0xe0, 0x06, 0xf0, 0x20, 0x0f,
	0xe5, 0x30, 0x0f, 0xe5, 0x20, 0x0f, 0xf6, 0x50, 0x0e, 0x6e, 0x10, 0x0e, 0xe3, 0x30, 0x0e, 0xe5,
	0x30, 0x0f, 0xf3, 0xe0, 0x06, 0xe9, 0xe0, 0x0e, 0xe4, 0x50, 0x0e, 0xf8, 0x30, 0x23, 0xe2, 0xec,
	0x61, 0x1c, 0xc2, 0x81, 0x1d, 0xd8, 0xe1, 0x17, 0xec, 0x21, 0x1d, 0xe6, 0x21, 0x1d, 0xc4, 0x21,
	0x1d, 0xd8, 0x21, 0x1d, 0xe8, 0x21, 0x1f, 0x66, 0x20, 0x9d, 0x3b, 0xbc, 0x43, 0x3d, 0xb8, 0x03,
	0x39, 0x94, 0x83, 0x39, 0xcc, 0x58, 0xbc, 0x70, 0x70, 0x07, 0x77, 0x78, 0x07, 0x7a, 0x08, 0x07,
	0x7a, 0x48, 0x87, 0x77, 0x70, 0x87, 0x19, 0xce, 0x87, 0x0e, 0xe5, 0x10, 0x0e, 0xf0, 0x10, 0x0e,
	0xec, 0xc0, 0x0e, 0xef, 0x30, 0x0e, 0xf3, 0x90, 0x0e, 0xf4, 0x50, 0x0e, 0x33, 0x28, 0x30, 0x08,
	0x87, 0x74, 0x90, 0x07, 0x37, 0x30, 0x87, 0x7a, 0x70, 0x87, 0x71, 0xa0, 0x87, 0x74, 0x78, 0x07,
	0x77, 0xf8, 0x85, 0x73, 0x90, 0x87, 0x77, 0xa8, 0x07, 0x78, 0x98, 0x07, 0x00, 0x00, 0x00, 0x00,
	0x79, 0x20, 0x00, 0x00, 0x3a, 0x01, 0x00, 0x00, 0x32, 0x9a, 0x08, 0x14, 0x02, 0x85, 0x8c, 0x27,
	0x46, 0x46, 0xc8, 0x11, 0x32, 0x64, 0xd4, 0xe8, 0x80, 0x0d, 0xfa, 0x0a, 0x8b, 0x62, 0x61, 0x1b,
	0xb4, 0x41, 0x73, 0x50, 0x6c, 0x1c, 0x19, 0x30, 0x91, 0xc1, 0x0c, 0x91, 0x64, 0x04, 0xd4, 0x10,
	0x11, 0x44, 0x33, 0x3c, 0x83, 0x22, 0x21, 0x14, 0x51, 0x14, 0x85, 0x61, 0x10, 0x02, 0x91, 0x18,
	0xd1, 0x45, 0x14, 0xcf, 0x01, 0x00, 0x00, 0x00, 0x53, 0x44, 0x4b, 0x20, 0x56, 0x65, 0x72, 0x73,
	0x69, 0x6f, 0x6e, 0x77, 0x63, 0x68, 0x61, 0x72, 0x5f, 0x73, 0x69, 0x7a, 0x65, 0x61, 0x69, 0x72,
	0x2e, 0x6d, 0x61, 0x78, 0x5f, 0x64, 0x65, 0x76, 0x69, 0x63, 0x65, 0x5f, 0x62, 0x75, 0x66, 0x66,
	0x65, 0x72, 0x73, 0x61, 0x69, 0x72, 0x2e, 0x6d, 0x61, 0x78, 0x5f, 0x63, 0x6f, 0x6e, 0x73, 0x74,
	0x61, 0x6e, 0x74, 0x5f, 0x62, 0x75, 0x66, 0x66, 0x65, 0x72, 0x73, 0x61, 0x69, 0x72, 0x2e, 0x6d,
	0x61, 0x78, 0x5f, 0x74, 0x68, 0x72, 0x65, 0x61, 0x64, 0x67, 0x72, 0x6f, 0x75, 0x70, 0x5f, 0x62,
	0x75, 0x66, 0x66, 0x65, 0x72, 0x73, 0x61, 0x69, 0x72, 0x2e, 0x6d, 0x61, 0x78, 0x5f, 0x74, 0x65,
	0x78, 0x74, 0x75, 0x72, 0x65, 0x73, 0x61, 0x69, 0x72, 0x2e, 0x6d, 0x61, 0x78, 0x5f, 0x72, 0x65,
	0x61, 0x64, 0x5f, 0x77, 0x72, 0x69, 0x74, 0x65, 0x5f, 0x74, 0x65, 0x78, 0x74, 0x75, 0x72, 0x65,
	0x73, 0x61, 0x69, 0x72, 0x2e, 0x6d, 0x61, 0x78, 0x5f, 0x73, 0x61, 0x6d, 0x70, 0x6c, 0x65, 0x72,
	0x73, 0x41, 0x70, 0x70, 0x6c, 0x65, 0x20, 0x6d, 0x65, 0x74, 0x61, 0x6c, 0x20, 0x76, 0x65, 0x72,
	0x73, 0x69, 0x6f, 0x6e, 0x20, 0x33, 0x32, 0x30, 0x32, 0x33, 0x2e, 0x39, 0x32, 0x31, 0x20, 0x28,
	0x6d, 0x65, 0x74, 0x61, 0x6c, 0x66, 0x65, 0x2d, 0x33, 0x32, 0x30, 0x32, 0x33, 0x2e, 0x39, 0x32,
	0x31, 0x2e, 0x36, 0x29, 0x4d, 0x65, 0x74, 0x61, 0x6c, 0x61, 0x69, 0x72, 0x2e, 0x63, 0x6f, 0x6d,
	0x70, 0x69, 0x6c, 0x65, 0x2e, 0x64, 0x65, 0x6e, 0x6f, 0x72, 0x6d, 0x73, 0x5f, 0x64, 0x69, 0x73,
	0x61, 0x62, 0x6c, 0x65, 0x61, 0x69, 0x72, 0x2e, 0x63, 0x6f, 0x6d, 0x70, 0x69, 0x6c, 0x65, 0x2e,
	0x66, 0x61, 0x73, 0x74, 0x5f, 0x6d, 0x61, 0x74, 0x68, 0x5f, 0x65, 0x6e, 0x61, 0x62, 0x6c, 0x65,
	0x61, 0x69, 0x72, 0x2e, 0x63, 0x6f, 0x6d, 0x70, 0x69, 0x6c, 0x65, 0x2e, 0x66, 0x72, 0x61, 0x6d,
	0x65, 0x62, 0x75, 0x66, 0x66, 0x65, 0x72, 0x5f, 0x66, 0x65, 0x74, 0x63, 0x68, 0x5f, 0x65, 0x6e,
	0x61, 0x62, 0x6c, 0x65, 0x61, 0x69, 0x72, 0x2e, 0x70, 0x6f, 0x73, 0x69, 0x74, 0x69, 0x6f, 0x6e,
	0x61, 0x69, 0x72, 0x2e, 0x61, 0x72, 0x67, 0x5f, 0x74, 0x79, 0x70, 0x65, 0x5f, 0x6e, 0x61, 0x6d,
	0x65, 0x66, 0x6c, 0x6f, 0x61, 0x74, 0x34, 0x61, 0x69, 0x72, 0x2e, 0x61, 0x72, 0x67, 0x5f, 0x6e,
	0x61, 0x6d, 0x65, 0x70, 0x6f, 0x73, 0x61, 0x69, 0x72, 0x2e, 0x76, 0x65, 0x72, 0x74, 0x65, 0x78,
	0x5f, 0x6f, 0x75, 0x74, 0x70, 0x75, 0x74, 0x67, 0x65, 0x6e, 0x65, 0x72, 0x61, 0x74, 0x65, 0x64,
	0x28, 0x31, 0x70, 0x44, 0x76, 0x32, 0x5f, 0x66, 0x29, 0x66, 0x6c, 0x6f, 0x61, 0x74, 0x32, 0x70,
	0x67, 0x65, 0x6e, 0x65, 0x72, 0x61, 0x74, 0x65, 0x64, 0x28, 0x33, 0x74, 0x65, 0x78, 0x44, 0x76,
	0x32, 0x5f, 0x66, 0x29, 0x74, 0x65, 0x78, 0x67, 0x65, 0x6e, 0x65, 0x72, 0x61, 0x74, 0x65, 0x64,
	0x28, 0x34, 0x69, 0x6e, 0x73, 0x74, 0x6a, 0x29, 0x75, 0x69, 0x6e, 0x74, 0x69, 0x6e, 0x73, 0x74,
	0x61, 0x69, 0x72, 0x2e, 0x76, 0x65, 0x72, 0x74, 0x65, 0x78, 0x5f, 0x69, 0x64, 0x76, 0x69, 0x64,
	0x61, 0x69, 0x72, 0x2e, 0x69, 0x6e, 0x73, 0x74, 0x61, 0x6e, 0x63, 0x65, 0x5f, 0x69, 0x64, 0x69,
	0x69, 0x64, 0x61, 0x69, 0x72, 0x2e, 0x62, 0x75, 0x66, 0x66, 0x65, 0x72, 0x61, 0x69, 0x72, 0x2e,
	0x6c, 0x6f, 0x63, 0x61, 0x74, 0x69, 0x6f, 0x6e, 0x5f, 0x69, 0x6e, 0x64, 0x65, 0x78, 0x61, 0x69,
	0x72, 0x2e, 0x72, 0x65, 0x61, 0x64, 0x61, 0x69, 0x72, 0x2e, 0x73, 0x74, 0x72, 0x75, 0x63, 0x74,
	0x5f, 0x74, 0x79, 0x70, 0x65, 0x5f, 0x69, 0x6e, 0x66, 0x6f, 0x72, 0x65, 0x63, 0x74, 0x72, 0x61,
	0x64, 0x69, 0x69, 0x69, 0x6e, 0x6e, 0x65, 0x72, 0x63, 0x6f, 0x6c, 0x6f, 0x72, 0x63, 0x6f, 0x6c,
	0x6f, 0x72, 0x32, 0x62, 0x6f, 0x72, 0x64, 0x65, 0x72, 0x67, 0x72, 0x61, 0x64, 0x75, 0x76, 0x63,
	0x6c, 0x69, 0x70, 0x63, 0x6c, 0x69, 0x70, 0x52, 0x61, 0x64, 0x69, 0x69, 0x70, 0x61, 0x72, 0x61,
	0x6d, 0x73, 0x61, 0x69, 0x72, 0x2e, 0x61, 0x72, 0x67, 0x5f, 0x74, 0x79, 0x70, 0x65, 0x5f, 0x73,
	0x69, 0x7a, 0x65, 0x61, 0x69, 0x72, 0x2e, 0x61, 0x72, 0x67, 0x5f, 0x74, 0x79, 0x70, 0x65, 0x5f,
	0x61, 0x6c, 0x69, 0x67, 0x6e, 0x5f, 0x73, 0x69, 0x7a, 0x65, 0x49, 0x6e, 0x73, 0x74, 0x69, 0x6e,
	0x73, 0x74, 0x73, 0x61, 0x69, 0x72, 0x2e, 0x62, 0x75, 0x66, 0x66, 0x65, 0x72, 0x5f, 0x73, 0x69,
	0x7a, 0x65, 0x67, 0x6c, 0x6f, 0x62, 0x61, 0x6c, 0x73, 0x00, 0x00, 0x00, 0x44, 0xa6, 0x00, 0x00,
	0x00, 0x00, 0x00, 0x00, 0x30, 0x82, 0x30, 0x0c, 0x23, 0x08, 0x4f, 0x18, 0x8c, 0x20, 0x0c, 0xc4,
	0x08, 0xc2, 0x50, 0x8c, 0x20, 0x0c, 0xc6, 0x08, 0xc2, 0x70, 0x8c, 0x20, 0x0c, 0xc8, 0x08, 0xc2,
	0x90, 0x8c, 0x20, 0x0c, 0xca, 0x08, 0xc2, 0xb0, 0x8c, 0x20, 0x24, 0xc0, 0x08, 0xc2, 0xc0, 0x8c,
	0x20, 0x0c, 0xcd, 0x08, 0xc2, 0xe0, 0x8c, 0x20, 0x0c, 0xcf, 0x08, 0xc2, 0x00, 0x8d, 0x20, 0x0c,
	0xd1, 0x08, 0xc2, 0x20, 0x8d, 0x20, 0x0c, 0xd3, 0x08, 0xc2, 0x40, 0x8d, 0x20, 0x0c, 0xd5, 0x0c,
	0x43, 0x1d, 0x04, 0x76, 0x30, 0xc3, 0x70, 0x07, 0x02, 0x1e, 0xcc, 0x30, 0xe4, 0xc1, 0xa0, 0x07,
	0x33, 0x0c, 0x79, 0x40, 0xe8, 0xc1, 0x0c, 0x43, 0x1e, 0x14, 0x7a, 0x30, 0xc3, 0x90, 0x07, 0xc6,
	0x1e, 0xcc, 0x30, 0xe4, 0xc1, 0xc1, 0x07, 0x33, 0x0c, 0x79, 0x80, 0xf4, 0xc1, 0x0c, 0x41, 0x32,
	0xc3, 0x50, 0x07, 0x78, 0xe0, 0x07, 0x33, 0x10, 0x4a, 0x1d, 0xe0, 0x81, 0x1f, 0xcc, 0x10, 0x2c,
	0x33, 0x04, 0xcc, 0x0c, 0x41, 0x33, 0x43, 0xe1, 0x3c, 0x50, 0x24, 0xcd, 0x60, 0x4c, 0xd4, 0x53,
	0x45, 0xd6, 0x0c, 0xc6, 0x74, 0x3d, 0x55, 0x84, 0xcd, 0x60, 0x4c, 0xd9, 0xa3, 0x45, 0xdb, 0x0c,
	0x04, 0x2e, 0xe4, 0x82, 0x2e, 0xec, 0xc2, 0x0c, 0x86, 0x1f, 0x70, 0x8f, 0x16, 0x75, 0x33, 0x18,
	0x77, 0xe0, 0x3d, 0x5a, 0xf4, 0xcd, 0x70, 0x07, 0x7e, 0xd0, 0x07, 0x7e, 0x00, 0x91, 0x41, 0x1f,
	0xf4, 0x81, 0x1f, 0x40, 0x65, 0x00, 0x0a, 0x7d, 0xe0, 0x07, 0x90, 0x19, 0x84, 0x42, 0x1f, 0xf8,
	0x01, 0x74, 0x06, 0xa2, 0xd0, 0x07, 0x7e, 0x00, 0xa1, 0xc1, 0x28, 0xf4, 0x81, 0x1f, 0x40, 0x69,
	0x40, 0x0a, 0x7d, 0xe0, 0x07, 0x90, 0x1a, 0x94, 0x42, 0x1f, 0xf8, 0x01, 0xb4, 0x06, 0x7b, 0xd0,
	0x07, 0x7e, 0x00, 0xb1, 0x81, 0x29, 0xf4, 0x81, 0x1f, 0x40, 0x6d, 0x70, 0x0a, 0x7d, 0xe0, 0x07,
	0x90, 0x1b, 0xcc, 0x00, 0xd5, 0x01, 0x18, 0x84, 0x81, 0x1f, 0xdc, 0x81, 0x18, 0x8c, 0xc1, 0x2f,
	0xbc, 0x01, 0x2a, 0xc0, 0x41, 0x1f, 0x3c, 0x71, 0x10, 0xc9, 0xc1, 0x0c, 0x50, 0x2a, 0x80, 0xc1,
	0x1c, 0xf4, 0x41, 0x18, 0xdc, 0xc1, 0x1d, 0x88, 0xc1, 0x1b, 0xf4, 0x01, 0x1c, 0xf4, 0xc1, 0x03,
	0x45, 0x74, 0x30, 0x03, 0xd1, 0x0b, 0xbe, 0x00, 0x0e, 0xe1, 0x30, 0xc3, 0xf0, 0x07, 0xbc, 0x20,
	0x0e, 0xf5, 0x06, 0x00, 0x27, 0x06, 0x1c, 0xc7, 0x71, 0x1c, 0xc7, 0x71, 0x1c, 0xc7, 0x71, 0x1c,
	0xc7, 0x71, 0x1c, 0xc7, 0xb9, 0x81, 0x1b, 0xb8, 0x81, 0x1b, 0xb8, 0x81, 0x1b, 0xb8, 0x81, 0x1b,
	0x58, 0x74, 0xa0, 0x07, 0x96, 0x65, 0xb9, 0x01, 0x1d, 0xd0, 0x01, 0x1d, 0x80, 0x82, 0x1e, 0xe8,
	0x01, 0x3a, 0x91, 0x86, 0x5f, 0x80, 0x82, 0x8c, 0x04, 0x26, 0xe8, 0x22, 0x36, 0x36, 0xbb, 0x36,
	0x97, 0xb6, 0x37, 0xb2, 0x3a, 0xb6, 0x32, 0x17, 0x33, 0xb6, 0xb0, 0xb3, 0xb9, 0x51, 0x90, 0x54,
	0x50, 0x85, 0x55, 0x60, 0x85, 0x56, 0x70, 0x85, 0x57, 0x80, 0x85, 0x53, 0xd8, 0xd8, 0xec, 0xda,
	0x5c, 0xd2, 0xc8, 0xca, 0xdc, 0xe8, 0x46, 0x09, 0x62, 0xe1, 0x96, 0xb0, 0x34, 0x39, 0x17, 0xbb,
	0x32, 0xb9, 0xb9, 0xb4, 0x37, 0xb7, 0x51, 0x02, 0x59, 0x38, 0x2a, 0x2c, 0x4d, 0xce, 0x85, 0x2d,
	0xcc, 0xed, 0xac, 0x2e, 0xec, 0xac, 0xec, 0xcb, 0xae, 0x4c, 0x6e, 0x2e, 0xed, 0xcd, 0x6d, 0x94,
	0x60, 0x16, 0x6e, 0x0a, 0x4b, 0x93, 0x73, 0x19, 0x7b, 0x6b, 0x83, 0x4b, 0x63, 0x2b, 0xfb, 0x7a,
	0x83, 0xa3, 0x4b, 0x7b, 0x73, 0x9b, 0x1b, 0x65, 0xa0, 0x85, 0x5a, 0xb0, 0x85, 0x53, 0xc2, 0xd2,
	0xe4, 0x5c, 0xec, 0xca, 0xe4, 0xe8, 0xca, 0xf0, 0x46, 0x09, 0xc4, 0x01, 0x00, 0x00, 0x00, 0x00,
	0xa9, 0x18, 0x00, 0x00, 0x25, 0x00, 0x00, 0x00, 0x0b, 0x0a, 0x72, 0x28, 0x87, 0x77, 0x80, 0x07,
	0x7a, 0x58, 0x70, 0x98, 0x43, 0x3d, 0xb8, 0xc3, 0x38, 0xb0, 0x43, 0x39, 0xd0, 0xc3, 0x82, 0xe6,
	0x1c, 0xc6, 0xa1, 0x0d, 0xe8, 0x41, 0x1e, 0xc2, 0xc1, 0x1d, 0xe6, 0x21, 0x1d, 0xe8, 0x21, 0x1d,
	0xde, 0xc1, 0x1d, 0x16, 0x34, 0xe3, 0x60, 0x0e, 0xe7, 0x50, 0x0f, 0xe1, 0x20, 0x0f, 0xe4, 0x40,
	0x0f, 0xe1, 0x20, 0x0f, 0xe7, 0x50, 0x0e, 0xf4, 0xb0, 0x80, 0x81, 0x07, 0x79, 0x28, 0x87, 0x70,
	0x60, 0x07, 0x76, 0x78, 0x87, 0x71, 0x08, 0x07, 0x7a, 0x28, 0x07, 0x72, 0x58, 0x70, 0x9c, 0xc3,
	0x38, 0xb4, 0x01, 0x3b, 0xa4, 0x83, 0x3d, 0x94, 0xc3, 0x02, 0x6b, 0x1c, 0xd8, 0x21, 0x1c, 0xdc,
	0xe1, 0x1c, 0xdc, 0x20, 0x1c, 0xe4, 0x61, 0x1c, 0xdc, 0x20, 0x1c, 0xe8, 0x81, 0x1e, 0xc2, 0x61,
	0x1c, 0xd0, 0xa1, 0x1c, 0xc8, 0x61, 0x1c, 0xc2, 0x81, 0x1d, 0xd8, 0x61, 0xc1, 0x01, 0x0f, 0xf4,
	0x20, 0x0f, 0xe1, 0x50, 0x0f, 0xf4, 0x80, 0x0e, 0x00, 0x00, 0x00, 0x00, 0xd1, 0x10, 0x00, 0x00,
	0x06, 0x00, 0x00, 0x00, 0x07, 0xcc, 0x3c, 0xa4, 0x83, 0x3b, 0x9c, 0x03, 0x3b, 0x94, 0x03, 0x3d,
	0xa0, 0x83, 0x3c, 0x94, 0x43, 0x38, 0x90, 0xc3, 0x01, 0x00, 0x00, 0x00, 0x61, 0x20, 0x00, 0x00,
	0xc1, 0x00, 0x00, 0x00, 0x13, 0x04, 0x45, 0x2c, 0x10, 0x00, 0x00, 0x00, 0x25, 0x00, 0x00, 0x00,
	0x34, 0x66, 0x00, 0x8a, 0x82, 0x60, 0x11, 0x94, 0x00, 0xd5, 0xb1, 0x04, 0x20, 0x18, 0x4b, 0x10,
	0x86, 0x11, 0x00, 0xb2, 0x63, 0x11, 0x40, 0x20, 0x0c, 0x73, 0x10, 0x0b, 0x61, 0x06, 0x66, 0x30,
	0x16, 0x01, 0x04, 0xc6, 0x41, 0x60, 0x8c, 0x00, 0x04, 0x41, 0x10, 0xff, 0x66, 0x00, 0xc6, 0x08,
	0x40, 0x10, 0x04, 0xe1, 0x6f, 0x8c, 0x00, 0x04, 0x41, 0x90, 0xff, 0xc6, 0x08, 0x40, 0x10, 0x04,
	0x49, 0x30, 0x18, 0x23, 0x00, 0x41, 0x10, 0x04, 0xc1, 0x60, 0x04, 0x80, 0xc2, 0x0c, 0xc0, 0x1c,
	0x44, 0x1c, 0xc4, 0x81, 0x1d, 0xc0, 0x01, 0x89, 0x19, 0x80, 0xb1, 0x04, 0x10, 0x04, 0x41, 0xfc,
	0x17, 0x40, 0x10, 0x04, 0xf1, 0x5f, 0x18, 0x4b, 0x00, 0x41, 0x10, 0x04, 0xc1, 0x00, 0x04, 0x41,
	0x10, 0x04, 0x83, 0x19, 0x80, 0xb1, 0x04, 0x10, 0x04, 0x41, 0x10, 0x0c, 0x40, 0x10, 0x04, 0x41,
	0x70, 0x18, 0x4b, 0x00, 0x41, 0x10, 0xc4, 0x7f, 0x01, 0x04, 0x41, 0x10, 0xff, 0x88, 0xcc, 0x00,
	0x00, 0x00, 0x00, 0x00, 0xf1, 0x30, 0x00, 0x00, 0x44, 0x00, 0x00, 0x00, 0x22, 0x47, 0xc8, 0x90,
	0x51, 0x16, 0x84, 0x38, 0x00, 0x00, 0x00, 0x00, 0xcf, 0x43, 0x59, 0x16, 0x6f, 0x6d, 0x6e, 0x69,
	0x70, 0x6f, 0x74, 0x65, 0x6e, 0x74, 0x20, 0x63, 0x68, 0x61, 0x72, 0x53, 0x69, 0x6d, 0x70, 0x6c,
	0x65, 0x20, 0x43, 0x2b, 0x2b, 0x20, 0x54, 0x42, 0x41, 0x41, 0x61, 0x69, 0x72, 0x2d, 0x61, 0x6c,
	0x69, 0x61, 0x73, 0x2d, 0x73, 0x63, 0x6f, 0x70, 0x65, 0x73, 0x28, 0x76, 0x73, 0x29, 0x61, 0x69,
	0x72, 0x2d, 0x61, 0x6c, 0x69, 0x61, 0x73, 0x2d, 0x73, 0x63, 0x6f, 0x70, 0x65, 0x2d, 0x61, 0x72,
	0x67, 0x28, 0x32, 0x29, 0x61, 0x69, 0x72, 0x2d, 0x61, 0x6c, 0x69, 0x61, 0x73, 0x2d, 0x73, 0x63,
	0x6f, 0x70, 0x65, 0x2d, 0x61, 0x72, 0x67, 0x28, 0x33, 0x29, 0x00, 0x00, 0x13, 0x04, 0xc8, 0x9a,
	0x20, 0x40, 0xd7, 0x04, 0x01, 0xc2, 0x26, 0x08, 0x50, 0x36, 0x41, 0x80, 0xb4, 0x09, 0x02, 0xb4,
	0x4d, 0x10, 0x20, 0x6e, 0x82, 0x00, 0x75, 0x13, 0x04, 0xc8, 0x9b, 0x20, 0x40, 0xdf, 0x04, 0x01,
	0x02, 0x83, 0x15, 0x02, 0x3d, 0x98, 0xc3, 0x8a, 0xa1, 0x1e, 0xe8, 0xe1, 0x1c, 0x56, 0x0c, 0xf6,
	0x40, 0x0f, 0xe8, 0xb0, 0x21, 0x28, 0x87, 0x0d, 0x03, 0x39, 0xdc, 0x43, 0x3a, 0x6c, 0x18, 0xf0,
	0x01, 0x1f, 0xd2, 0x61, 0x43, 0x18, 0xa4, 0x83, 0x3a, 0xe4, 0x83, 0x3a, 0xa8, 0x43, 0x3e, 0xac,
	0x83, 0x3a, 0xe4, 0x03, 0x3b, 0xa8, 0x43, 0x3e, 0xb4, 0x83, 0x3a, 0xe4, 0x83, 0x3b, 0xa8, 0x43,
	0x3e, 0xbc, 0x83, 0x3a, 0xe4, 0x03, 0x3c, 0xa8, 0x43, 0x3e, 0xc4, 0x83, 0x3a, 0xe4, 0x83, 0x3c,
	0xa8, 0x43, 0x3e, 0xcc, 0x83, 0x3a, 0xe4, 0xc3, 0x86, 0xa0, 0x1e, 0x36, 0x04, 0xf6, 0xb0, 0x81,
	0x49, 0x07, 0x75, 0xc8, 0x07, 0x75, 0x50, 0x87, 0x7c, 0x58, 0x07, 0x75, 0xc8, 0x07, 0x76, 0x50,
	0x87, 0x7c, 0xd8, 0x30, 0xa4, 0x83, 0x3a, 0xe4, 0x03, 0x00, 0x00, 0x00, 0xd7, 0xc1, 0xd8, 0x65,
	0xe8, 0x02, 0x3b, 0xa0, 0x20, 0x94, 0x5d, 0x86, 0x6f, 0xe8, 0x03, 0x0a, 0x42, 0xd9, 0x65, 0x08,
	0x83, 0xc2, 0xa3, 0x20, 0x94, 0x31, 0x84, 0x20, 0x0e, 0x86, 0x23, 0x02, 0x8b, 0xf0, 0x8f, 0x59,
	0x86, 0x40, 0x08, 0x06, 0x19, 0x0e, 0xe9, 0xb3, 0x00, 0x02, 0xff, 0x41, 0x86, 0x84, 0x02, 0x03,
	0x0b, 0x22, 0xf0, 0x1f, 0x64, 0x18, 0x02, 0x30, 0x98, 0x25, 0x20, 0x86, 0x23, 0x8e, 0x8d, 0xf0,
	0x8f, 0x59, 0x86, 0x81, 0x08, 0xc6, 0x10, 0x92, 0x33, 0xb0, 0x80, 0x13, 0x7f, 0x0b, 0xc2, 0x00,
	0xfc, 0x07, 0x19, 0xa0, 0x0d, 0x0d, 0xe6, 0x18, 0x34, 0xa1, 0x0f, 0x06, 0x19, 0x82, 0x0d, 0x0d,
	0x6c, 0x08, 0xc2, 0x7f, 0x90, 0x81, 0xfa, 0xd6, 0xc0, 0x0c, 0x31, 0x10, 0xff, 0x39, 0x86, 0x2f,
	0x10, 0x85, 0x41, 0x86, 0x00, 0x0c, 0xda, 0xc0, 0x02, 0x02, 0xfc, 0x07, 0x19, 0x8c, 0xc0, 0x0d,
	0x66, 0x09, 0x88, 0x81, 0x8e, 0xc0, 0x0b, 0x84, 0x81, 0x0e, 0x84, 0xda, 0x83, 0x5c, 0xd0, 0x11,
	0x03, 0x63, 0x08, 0x41, 0xb0, 0xf0, 0x0f, 0x86, 0x17, 0x82, 0x39, 0x86, 0x31, 0x08, 0x52, 0xa1,
	0xfc, 0x80, 0x17, 0x70, 0xc4, 0xc0, 0x18, 0x42, 0x10, 0x2c, 0xfc, 0x83, 0xf9, 0x85, 0x60, 0x8e,
	0x61, 0x08, 0xf2, 0x60, 0x90, 0xe1, 0x60, 0x83, 0x3c, 0x18, 0x64, 0x40, 0xda, 0x20, 0x0f, 0x6c,
	0x08, 0xc4, 0xdf, 0x82, 0x01, 0xfc, 0x49, 0x14, 0x42, 0x19, 0x64, 0x08, 0xe2, 0xc0, 0x0f, 0x6c,
	0x60, 0x03, 0xf1, 0xb7, 0x40, 0x20, 0x7f, 0x0b, 0xda, 0x00, 0xfc, 0x07, 0x19, 0x82, 0x39, 0xf0,
	0x83, 0x41, 0x86, 0xa0, 0x0e, 0xfc, 0x60, 0x90, 0x41, 0x0d, 0xee, 0x80, 0x14, 0x06, 0x19, 0xd6,
	0x00, 0x0f, 0x48, 0x61, 0xc4, 0x00, 0x19, 0x42, 0x10, 0x2c, 0xfc, 0x43, 0x79, 0x07, 0x21, 0x70,
	0x66, 0x1b, 0xe4, 0x80, 0x00, 0x66, 0x1b, 0x02, 0x26, 0x98, 0x6d, 0x08, 0x06, 0x61, 0xb6, 0x21,
	0x88, 0x85, 0x21, 0x83, 0x80, 0x18, 0x00, 0x00, 0x0a, 0x00, 0x00, 0x00, 0x5b, 0x0e, 0xa1, 0xc8,
	0x87, 0x43, 0x1f, 0x90, 0x7d, 0xd8, 0x72, 0x10, 0x05, 0x3f, 0x1c, 0xfa, 0x80, 0xec, 0xc3, 0x96,
	0xc3, 0x28, 0xfa, 0xe1, 0xd0, 0x07, 0x64, 0x1f, 0xb6, 0x14, 0x6b, 0x70, 0xec, 0x03, 0xa2, 0x0f,
	0x00, 0x00, 0x00, 0x00, 0x00, 0x00, 0x00, 0x00, 0x71, 0x20, 0x00, 0x00, 0x03, 0x00, 0x00, 0x00,
	0x32, 0x0e, 0x10, 0x22, 0x84, 0x00, 0xd6, 0x06, 0x00, 0x00, 0x00, 0x00, 0x00, 0x00, 0x00, 0x00,
	0x65, 0x0c, 0x00, 0x00, 0x2b, 0x00, 0x00, 0x00, 0x12, 0x03, 0x94, 0x60, 0x01, 0x00, 0x00, 0x00,
	0x03, 0x00, 0x00, 0x00, 0x26, 0x00, 0x00, 0x00, 0x0b, 0x00, 0x00, 0x00, 0x4c, 0x00, 0x00, 0x00,
	0x01, 0x00, 0x00, 0x00, 0x58, 0x00, 0x00, 0x00, 0x00, 0x00, 0x00, 0x00, 0x58, 0x00, 0x00, 0x00,
	0x03, 0x00, 0x00, 0x00, 0xa0, 0x00, 0x00, 0x00, 0x00, 0x00, 0x00, 0x00, 0x31, 0x00, 0x00, 0x00,
	0x1c, 0x00, 0x00, 0x00, 0x00, 0x00, 0x00, 0x00, 0x02, 0x00, 0x00, 0x00, 0x4d, 0x00, 0x00, 0x00,
	0x00, 0x00, 0x00, 0x00, 0xa0, 0x00, 0x00, 0x00, 0x00, 0x00, 0x00, 0x00, 0x00, 0x00, 0x00, 0x00,
	0x03, 0x00, 0x00, 0x00, 0x00, 0x00, 0x00, 0x00, 0x00, 0x00, 0x00, 0x00, 0x02, 0x00, 0x00, 0x00,
	0x00, 0x00, 0x00, 0x00, 0x02, 0x00, 0x00, 0x00, 0xff, 0xff, 0xff, 0xff, 0x00, 0x24, 0x00, 0x00,
	0x02, 0x00, 0x00, 0x00, 0x0d, 0x00, 0x00, 0x00, 0x02, 0x00, 0x00, 0x00, 0x0d, 0x00, 0x00, 0x00,
	0xff, 0xff, 0xff, 0xff, 0x08, 0x24, 0x00, 0x00, 0x0f, 0x00, 0x00, 0x00, 0x17, 0x00, 0x00, 0x00,
	0x0f, 0x00, 0x00, 0x00, 0x17, 0x00, 0x00, 0x00, 0xff, 0xff, 0xff, 0xff, 0x08, 0x24, 0x00, 0x00,
	0x00, 0x00, 0x00, 0x00, 0x5d, 0x0c, 0x00, 0x00, 0x17, 0x00, 0x00, 0x00, 0x12, 0x03, 0x94, 0xad,
	0x00, 0x00, 0x00, 0x00, 0x76, 0x73, 0x61, 0x69, 0x72, 0x2e, 0x6d, 0x69, 0x78, 0x2e, 0x76, 0x32,
	0x66, 0x33, 0x32, 0x61, 0x69, 0x72, 0x2e, 0x63, 0x6f, 0x6e, 0x76, 0x65, 0x72, 0x74, 0x2e, 0x66,
	0x2e, 0x66, 0x33, 0x32, 0x2e, 0x75, 0x2e, 0x69, 0x33, 0x32, 0x33, 0x32, 0x30, 0x32, 0x33, 0x2e,
	0x39, 0x32, 0x31, 0x2e, 0x36, 0x61, 0x69, 0x72, 0x36, 0x34, 0x5f, 0x76, 0x32, 0x34, 0x2d, 0x61,
	0x70, 0x70, 0x6c, 0x65, 0x2d, 0x6d, 0x61, 0x63, 0x6f, 0x73, 0x78, 0x31, 0x32, 0x2e, 0x30, 0x2e,
	0x30, 0x00, 0x00, 0x00, 0x00, 0x00, 0x00, 0x00, 0x00, 0x00, 0x00, 0x00, 0x00, 0x00, 0x00, 0x00,
	0xde, 0xc0, 0x17, 0x0b, 0x00, 0x00, 0x00, 0x00, 0x14, 0x00, 0x00, 0x00, 0x8c, 0x3f, 0x00, 0x00,
	0xff, 0xff, 0xff, 0xff, 0x42, 0x43, 0xc0, 0xde, 0x35, 0x14, 0x00, 0x00, 0x03, 0x00, 0x00, 0x00,
	0x62, 0x0c, 0x30, 0x24, 0x80, 0x10, 0x05, 0xc8, 0x14, 0x00, 0x00, 0x00, 0x21, 0x0c, 0x00, 0x00,
	0x36, 0x0e, 0x00, 0x00, 0x0b, 0x02, 0x21, 0x00, 0x02, 0x00, 0x00, 0x00, 0x13, 0x00, 0x00, 0x00,
	0x07, 0x81, 0x23, 0x91, 0x41, 0xc8, 0x04, 0x49, 0x06, 0x10, 0x32, 0x39, 0x92, 0x01, 0x84, 0x0c,
	0x25, 0x05, 0x08, 0x19, 0x1e, 0x04, 0x8b, 0x62, 0x80, 0x1c, 0x45, 0x02, 0x42, 0x92, 0x0b, 0x42,
	0xe4, 0x10, 0x32, 0x14, 0x38, 0x08, 0x18, 0x4b, 0x0a, 0x32, 0x72, 0x88, 0x48, 0x90, 0x14, 0x20,
	0x43, 0x46, 0x88, 0xa5, 0x00, 0x19, 0x32, 0x42, 0x04, 0x49, 0x0e, 0x90, 0x91, 0x23, 0xc4, 0x50,
	0x41, 0x51, 0x81, 0x8c, 0xe1, 0x83, 0xe5, 0x8a, 0x04, 0x39, 0x46, 0x06, 0x89, 0x20, 0x00, 0x00,
	0x48, 0x00, 0x00, 0x00, 0x32, 0x22, 0xc8, 0x09, 0x20, 0x64, 0x85, 0x04, 0x93, 0x23, 0xa4, 0x84,
	0x04, 0x93, 0x23, 0xe3, 0x84, 0xa1, 0x90, 0x14, 0x12, 0x4c, 0x8e, 0x8c, 0x0b, 0x84, 0xe4, 0x4c,
	0x10, 0x88, 0xc2, 0x0c, 0xc0, 0x30, 0x02, 0x01, 0x58, 0x21, 0x10, 0x18, 0x46, 0x10, 0x80, 0x39,
	0x02, 0x30, 0xb8, 0x45, 0x9a, 0x22, 0x4a, 0x98, 0x7c, 0xb1, 0x91, 0x26, 0xb4, 0x04, 0x02, 0x81,
	0x40, 0x20, 0x10, 0x08, 0x04, 0x02, 0x81, 0x41, 0x84, 0x22, 0x38, 0x4a, 0x9a, 0x22, 0x4a, 0x98,
	0xfc, 0x7f, 0x22, 0xae, 0x89, 0x8a, 0x88, 0xdf, 0x1e, 0xfe, 0x69, 0x8c, 0x00, 0x18, 0x44, 0x38,
	0x82, 0x8b, 0xa4, 0x29, 0xa2, 0x84, 0xc9, 0xff, 0x25, 0x80, 0x79, 0x16, 0x22, 0xfa, 0xa7, 0x31,
	0x02, 0x60, 0x10, 0x21, 0x11, 0x8a, 0x22, 0x08, 0x0c, 0x06, 0x04, 0x03, 0x02, 0x81, 0x50, 0xd0,
	0xa2, 0x10, 0x80, 0x41, 0x20, 0x40, 0x8d, 0x22, 0x0c, 0x06, 0xf4, 0x28, 0xc3, 0x60, 0x30, 0xa0,
	0x48, 0x11, 0x00, 0x00, 0x9a, 0x94, 0x01, 0x00, 0x00, 0x50, 0xa5, 0x0c, 0x80, 0xc1, 0x80, 0x2e,
	0xc5, 0x00, 0x00, 0x00, 0x00, 0x00, 0x80, 0x32, 0x65, 0x18, 0x00, 0x00, 0xb4, 0x29, 0x43, 0x20,
	0x10, 0xa0, 0xce, 0x1c, 0x41, 0x30, 0x8c, 0x40, 0x7c, 0x45, 0xf8, 0x80, 0x28, 0x34, 0x8c, 0x30,
	0x00, 0x45, 0x18, 0x8d, 0x88, 0x54, 0x06, 0xc0, 0x68, 0x44, 0xa6, 0x39, 0x02, 0xc4, 0x08, 0x01,
	0xd4, 0x30, 0x82, 0x40, 0x14, 0x25, 0x85, 0x50, 0x0c, 0x3e, 0xaa, 0x0f, 0x00, 0x40, 0xa0, 0x55,
	0x39, 0x02, 0x03, 0x40, 0x20, 0x10, 0x08, 0x50, 0xab, 0x0c, 0xa3, 0xd1, 0x88, 0x5e, 0x85, 0x18,
	0x8d, 0x46, 0x23, 0x8a, 0x15, 0x02, 0x00, 0x00, 0x00, 0x68, 0x56, 0x0a, 0xc0, 0x20, 0x00, 0x08,
	0x50, 0xad, 0x08, 0x81, 0x00, 0xdd, 0x06, 0x02, 0x52, 0x80, 0x30, 0x47, 0x00, 0x0a, 0x83, 0x08,
	0x41, 0x30, 0x05, 0x30, 0x02, 0x30, 0x8c, 0x40, 0x10, 0xc3, 0x08, 0x03, 0x31, 0x8c, 0x30, 0x7c,
	0x00, 0x00, 0x00, 0x00, 0x51, 0x18, 0x00, 0x00, 0x3a, 0x02, 0x00, 0x00, 0x1b, 0xc2, 0x24, 0xf8,
	0xff, 0xff, 0xff, 0xff, 0x01, 0x58, 0x03, 0x40, 0x02, 0x2a, 0x22, 0x1c, 0xe0, 0x01, 0x1e, 0xe4,
	0xe1, 0x1d, 0xf0, 0xa1, 0x0d, 0xcc, 0xa1, 0x1e, 0xdc, 0x61, 0x1c, 0xda, 0xc0, 0x1c, 0xe0, 0xa1,
	0x0d, 0xda, 0x21, 0x1c, 0xe8, 0x01, 0x1d, 0x00, 0x7a, 0x90, 0x87, 0x7a, 0x28, 0x07, 0x80, 0x68,
	0x87, 0x74, 0x70, 0x87, 0x36, 0x60, 0x87, 0x72, 0x38, 0x87, 0x70, 0x60, 0x87, 0x36, 0xb0, 0x87,
	0x72, 0x18, 0x07, 0x7a, 0x78, 0x07, 0x79, 0x68, 0x83, 0x7b, 0x48, 0x07, 0x72, 0xa0, 0x07, 0x74,
	0x00, 0xe2, 0x40, 0x0e, 0xf0, 0x00, 0x18, 0xdc, 0xe1, 0x1d, 0xda, 0x40, 0x1c, 0xea, 0x21, 0x1d,
	0xd8, 0x81, 0x1e, 0xd2, 0xc1, 0x1d, 0xe6, 0x01, 0x20, 0xdc, 0xe1, 0x1d, 0xda, 0xc0, 0x1c, 0xe4,
	0x21, 0x1c, 0xda, 0xa1, 0x1c, 0xda, 0x00, 0x1e, 0xde, 0x21, 0x1d, 0xdc, 0x81, 0x1e, 0xca, 0x41,
	0x1e, 0xda, 0xa0, 0x1c, 0xd8, 0x21, 0x1d, 0xda, 0x01, 0xa0, 0x07, 0x79, 0xa8, 0x87, 0x72, 0x00,
	0x08, 0x77, 0x78, 0x87, 0x36, 0x30, 0x07, 0x79, 0x08, 0x87, 0x76, 0x28, 0x87, 0x36, 0x80, 0x87,
	0x77, 0x48, 0x07, 0x77, 0xa0, 0x87, 0x72, 0x90, 0x87, 0x36, 0x28, 0x07, 0x76, 0x48, 0x87, 0x76,
	0x68, 0x03, 0x77, 0x78, 0x07, 0x77, 0x68, 0x03, 0x76, 0x28, 0x87, 0x70, 0x30, 0x07, 0x80, 0x1e,
	0xe4, 0xa1, 0x1e, 0xca, 0x01, 0x20, 0xdc, 0xe1, 0x1d, 0xda, 0x20, 0x1d, 0xdc, 0xc1, 0x1c, 0xe6,
	0xa1, 0x0d, 0xcc, 0x01, 0x1e, 0xda, 0xa0, 0x1d, 0xc2, 0x81, 0x1e, 0xd0, 0x01, 0xa0, 0x07, 0x79,
	0xa8, 0x87, 0x72, 0x00, 0x08, 0x77, 0x78, 0x87, 0x36, 0x70, 0x87, 0x70, 0x70, 0x87, 0x79, 0x68,
	0x03, 0x73, 0x80, 0x87, 0x36, 0x68, 0x87, 0x70, 0xa0, 0x07, 0x74, 0x00, 0xe8, 0x41, 0x1e, 0xea,
	0xa1, 0x1c, 0x00, 0xc2, 0x1d, 0xde, 0xa1, 0x0d, 0xe6, 0x21, 0x1d, 0xce, 0xc1, 0x1d, 0xca, 0x81,
	0x1c, 0xda, 0x40, 0x1f, 0xca, 0x41, 0x1e, 0xde, 0x61, 0x1e, 0xda, 0xc0, 0x1c, 0xe0, 0xa1, 0x0d,
	0xda, 0x21, 0x1c, 0xe8, 0x01, 0x1d, 0x00, 0x7a, 0x90, 0x87, 0x7a, 0x28, 0x07, 0x80, 0x70, 0x87,
	0x77, 0x68, 0x03, 0x7a, 0x90, 0x87, 0x70, 0x80, 0x07, 0x78, 0x48, 0x07, 0x77, 0x38, 0x87, 0x36,
	0x68, 0x87, 0x70, 0xa0, 0x07, 0x74, 0x00, 0xe8, 0x41, 0x1e, 0xea, 0xa1, 0x1c, 0x00, 0x62, 0x1e,
	0xe8, 0x21, 0x1c, 0xc6, 0x61, 0x1d, 0xda, 0x00, 0x1e, 0xe4, 0xe1, 0x1d, 0xe8, 0xa1, 0x1c, 0xc6,
	0x81, 0x1e, 0xde, 0x41, 0x1e, 0xda, 0x40, 0x1c, 0xea, 0xc1, 0x1c, 0xcc, 0xa1, 0x1c, 0xe4, 0xa1,
	0x0d, 0xe6, 0x21, 0x1d, 0xf4, 0xa1, 0x1c, 0x00, 0x3c, 0x00, 0x88, 0x7a, 0x70, 0x87, 0x79, 0x08,
	0x07, 0x73, 0x28, 0x87, 0x36, 0x30, 0x07, 0x78, 0x68, 0x83, 0x76, 0x08, 0x07, 0x7a, 0x40, 0x07,
	0x80, 0x1e, 0xe4, 0xa1, 0x1e, 0xca, 0x01, 0xd8, 0xb0, 0x09, 0x05, 0xb0, 0x00, 0xd5, 0x10, 0x0e,
	0xe9, 0x20, 0x0f, 0x6d, 0x20, 0x0e, 0xf5, 0x60, 0x0e, 0xe6, 0x50, 0x0e, 0xf2, 0xd0, 0x06, 0xee,
	0xf0, 0x0e, 0x6d, 0x10, 0x0e, 0xec, 0x90, 0x0e, 0xe1, 0x30, 0x0f, 0xc0, 0x06, 0x63, 0x48, 0x80,
	0x05, 0xa8, 0x36, 0xfc, 0x08, 0xf1, 0xff, 0xff, 0xff, 0xff, 0x03, 0x20, 0x01, 0x14, 0x11, 0x0e,
	0xf0, 0x00, 0x0f, 0xf2, 0xf0, 0x0e, 0xf8, 0xd0, 0x06, 0xe6, 0x50, 0x0f, 0xee, 0x30, 0x0e, 0x6d,
	0x60, 0x0e, 0xf0, 0xd0, 0x06, 0xed, 0x10, 0x0e, 0xf4, 0x80, 0x0e, 0x00, 0x3d, 0xc8, 0x43, 0x3d,
	0x94, 0x03, 0x40, 0xb4, 0x43, 0x3a, 0xb8, 0x43, 0x1b, 0xb0, 0x43, 0x39, 0x9c, 0x43, 0x38, 0xb0,
	0x43, 0x1b, 0xd8, 0x43, 0x39, 0x8c, 0x03, 0x3d, 0xbc, 0x83, 0x3c, 0xb4, 0xc1, 0x3d, 0xa4, 0x03,
	0x39, 0xd0, 0x03, 0x3a, 0x00, 0x71, 0x20, 0x07, 0x78, 0x00, 0x0c, 0xee, 0xf0, 0x0e, 0x6d, 0x20,
	0x0e, 0xf5, 0x90, 0x0e, 0xec, 0x40, 0x0f, 0xe9, 0xe0, 0x0e, 0xf3, 0x00, 0x10, 0xee, 0xf0, 0x0e,
	0x6d, 0x60, 0x0e, 0xf2, 0x10, 0x0e, 0xed, 0x50, 0x0e, 0x6d, 0x00, 0x0f, 0xef, 0x90, 0x0e, 0xee,
	0x40, 0x0f, 0xe5, 0x20, 0x0f, 0x6d, 0x50, 0x0e, 0xec, 0x90, 0x0e, 0xed, 0x00, 0xd0, 0x83, 0x3c,
	0xd4, 0x43, 0x39, 0x00, 0x84, 0x3b, 0xbc, 0x43, 0x1b, 0x98, 0x83, 0x3c, 0x84, 0x43, 0x3b, 0x94,
	0x43, 0x1b, 0xc0, 0xc3, 0x3b, 0xa4, 0x83, 0x3b, 0xd0, 0x43, 0x39, 0xc8, 0x43, 0x1b, 0x94, 0x03,
	0x3b, 0xa4, 0x43, 0x3b, 0xb4, 0x81, 0x3b, 0xbc, 0x83, 0x3b, 0xb4, 0x01, 0x3b, 0x94, 0x43, 0x38,
	0x98, 0x03, 0x40, 0x0f, 0xf2, 0x50, 0x0f, 0xe5, 0x00, 0x10, 0xee, 0xf0, 0x0e, 0x6d, 0x90, 0x0e,
	0xee, 0x60, 0x0e, 0xf3, 0xd0, 0x06, 0xe6, 0x00, 0x0f, 0x6d, 0xd0, 0x0e, 0xe1, 0x40, 0x0f, 0xe8,
	0x00, 0xd0, 0x83, 0x3c, 0xd4, 0x43, 0x39, 0x00, 0x84, 0x3b, 0xbc, 0x43, 0x1b, 0xb8, 0x43, 0x38,
	0xb8, 0xc3, 0x3c, 0xb4, 0x81, 0x39, 0xc0, 0x43, 0x1b, 0xb4, 0x43, 0x38, 0xd0, 0x03, 0x3a, 0x00,
	0xf4, 0x20, 0x0f, 0xf5, 0x50, 0x0e, 0x00, 0xe1, 0x0e, 0xef, 0xd0, 0x06, 0xf3, 0x90, 0x0e, 0xe7,
	0xe0, 0x0e, 0xe5, 0x40, 0x0e, 0x6d, 0xa0, 0x0f, 0xe5, 0x20, 0x0f, 0xef, 0x30, 0x0f, 0x6d, 0x60,
	0x0e, 0xf0, 0xd0, 0x06, 0xed, 0x10, 0x0e, 0xf4, 0x80, 0x0e, 0x00, 0x3d, 0xc8, 0x43, 0x3d, 0x94,
	0x03, 0x40, 0xb8, 0xc3, 0x3b, 0xb4, 0x01, 0x3d, 0xc8, 0x43, 0x38, 0xc0, 0x03, 0x3c, 0xa4, 0x83,
	0x3b, 0x9c, 0x43, 0x1b, 0xb4, 0x43, 0x38, 0xd0, 0x03, 0x3a, 0x00, 0xf4, 0x20, 0x0f, 0xf5, 0x50,
	0x0e, 0x00, 0x31, 0x0f, 0xf4, 0x10, 0x0e, 0xe3, 0xb0, 0x0e, 0x6d, 0x00, 0x0f, 0xf2, 0xf0, 0x0e,
	0xf4, 0x50, 0x0e, 0xe3, 0x40, 0x0f, 0xef, 0x20, 0x0f, 0x6d, 0x20, 0x0e, 0xf5, 0x60, 0x0e, 0xe6,
	0x50, 0x0e, 0xf2, 0xd0, 0x06, 0xf3, 0x90, 0x0e, 0xfa, 0x50, 0x0e, 0x00, 0x1e, 0x00, 0x44, 0x3d,
	0xb8, 0xc3, 0x3c, 0x84, 0x83, 0x39, 0x94, 0x43, 0x1b, 0x98, 0x03, 0x3c, 0xb4, 0x41, 0x3b, 0x84,
	0x03, 0x3d, 0xa0, 0x03, 0x40, 0x0f, 0xf2, 0x50, 0x0f, 0xe5, 0x00, 0x6c, 0x30, 0x8a, 0xff, 0xff,
	0xff, 0xff, 0x1f, 0x00, 0x09, 0xa0, 0x36, 0xf8, 0x88, 0xf1, 0xff, 0xff, 0xff, 0xff, 0x03, 0x20,
	0x01, 0x14, 0x11, 0x0e, 0xf0, 0x00, 0x0f, 0xf2, 0xf0, 0x0e, 0xf8, 0xd0, 0x06, 0xe6, 0x50, 0x0f,
	0xee, 0x30, 0x0e, 0x6d, 0x60, 0x0e, 0xf0, 0xd0, 0x06, 0xed, 0x10, 0x0e, 0xf4, 0x80, 0x0e, 0x00,
	0x3d, 0xc8, 0x43, 0x3d, 0x94, 0x03, 0x40, 0xb4, 0x43, 0x3a, 0xb8, 0x43, 0x1b, 0xb0, 0x43, 0x39,
	0x9c, 0x43, 0x38, 0xb0, 0x43, 0x1b, 0xd8, 0x43, 0x39, 0x8c, 0x03, 0x3d, 0xbc, 0x83, 0x3c, 0xb4,
	0xc1, 0x3d, 0xa4, 0x03, 0x39, 0xd0, 0x03, 0x3a, 0x00, 0x76, 0x40, 0x07, 0xc0, 0xe0, 0x0e, 0xef,
	0xd0, 0x06, 0xe2, 0x50, 0x0f, 0xe9, 0xc0, 0x0e, 0xf4, 0x90, 0x0e, 0xee, 0x30, 0x0f, 0x00, 0xe1,
	0x0e, 0xef, 0xd0, 0x06, 0xe6, 0x20, 0x0f, 0xe1, 0xd0, 0x0e, 0xe5, 0xd0, 0x06, 0xf0, 0xf0, 0x0e,
	0xe9, 0xe0, 0x0e, 0xf4, 0x50, 0x0e, 0xf2, 0xd0, 0x06, 0xe5, 0xc0, 0x0e, 0xe9, 0xd0, 0x0e, 0x00,
	0x3d, 0xc8, 0x43, 0x3d, 0x94, 0x03, 0x40, 0xb8, 0xc3, 0x3b, 0xb4, 0x81, 0x39, 0xc8, 0x43, 0x38,
	0xb4, 0x43, 0x39, 0xb4, 0x01, 0x3c, 0xbc, 0x43, 0x3a, 0xb8, 0x03, 0x3d, 0x94, 0x83, 0x3c, 0xb4,
	0x41, 0x39, 0xb0, 0x43, 0x3a, 0xb4, 0x43, 0x1b, 0xb8, 0xc3, 0x3b, 0xb8, 0x43, 0x1b, 0xb0, 0x43,
	0x39, 0x84, 0x83, 0x39, 0x00, 0xf4, 0x20, 0x0f, 0xf5, 0x50, 0x0e, 0x00, 0xe1, 0x0e, 0xef, 0xd0,
	0x06, 0xe9, 0xe0, 0x0e, 0xe6, 0x30, 0x0f, 0x6d, 0x60, 0x0e, 0xf0, 0xd0, 0x06, 0xed, 0x10, 0x0e,
	0xf4, 0x80, 0x0e, 0x00, 0x3d, 0xc8, 0x43, 0x3d, 0x94, 0x03, 0x40, 0xb8, 0xc3, 0x3b, 0xb4, 0x81,
	0x3b, 0x84, 0x83, 0x3b, 0xcc, 0x43, 0x1b, 0x98, 0x03, 0x3c, 0xb4, 0x41, 0x3b, 0x84, 0x03, 0x3d,
	0xa0, 0x03, 0x40, 0x0f, 0xf2, 0x50, 0x0f, 0xe5, 0x00, 0x10, 0xee, 0xf0, 0x0e, 0x6d, 0x30, 0x0f,
	0xe9, 0x70, 0x0e, 0xee, 0x50, 0x0e, 0xe4, 0xd0, 0x06, 0xfa, 0x50, 0x0e, 0xf2, 0xf0, 0x0e, 0xf3,
	0xd0, 0x06, 0xe6, 0x00, 0x0f, 0x6d, 0xd0, 0x0e, 0xe1, 0x40, 0x0f, 0xe8, 0x00, 0xd0, 0x83, 0x3c,
	0xd4, 0x43, 0x39, 0x00, 0x84, 0x3b, 0xbc, 0x43, 0x1b, 0xd0, 0x83, 0x3c, 0x84, 0x03, 0x3c, 0xc0,
	0x43, 0x3a, 0xb8, 0xc3, 0x39, 0xb4, 0x41, 0x3b, 0x84, 0x03, 0x3d, 0xa0, 0x03, 0x40, 0x0f, 0xf2,
	0x50, 0x0f, 0xe5, 0x00, 0x10, 0xf3, 0x40, 0x0f, 0xe1, 0x30, 0x0e, 0xeb, 0xd0, 0x06, 0xf0, 0x20,
	0x0f, 0xef, 0x40, 0x0f, 0xe5, 0x30, 0x0e, 0xf4, 0xf0, 0x0e, 0xf2, 0xd0, 0x06, 0xe2, 0x50, 0x0f,
	0xe6, 0x60, 0x0e, 0xe5, 0x20, 0x0f, 0x6d, 0x30, 0x0f, 0xe9, 0xa0, 0x0f, 0xe5, 0x00, 0xe0, 0x01,
	0x40, 0xd4, 0x83, 0x3b, 0xcc, 0x43, 0x38, 0x98, 0x43, 0x39, 0xb4, 0x81, 0x39, 0xc0, 0x43, 0x1b,
	0xb4, 0x43, 0x38, 0xd0, 0x03, 0x3a, 0x00, 0xf4, 0x20, 0x0f, 0xf5, 0x50, 0x0e, 0xc0, 0x06, 0xe5,
	0xf8, 0xff, 0xff, 0xff, 0xff, 0x01, 0x68, 0x03, 0x60, 0x0d, 0x00, 0x09, 0xa8, 0x36, 0x18, 0x48,
	0x00, 0x2c, 0x40, 0xb5, 0xc1, 0x48, 0x04, 0x60, 0x01, 0xaa, 0x0d, 0x61, 0xa2, 0xfc, 0xff, 0xff,
	0xff, 0xff, 0x00, 0x48, 0x00, 0x45, 0x84, 0x03, 0x3c, 0xc0, 0x83, 0x3c, 0xbc, 0x03, 0x3e, 0xb4,
	0x81, 0x39, 0xd4, 0x83, 0x3b, 0x8c, 0x43, 0x1b, 0x98, 0x03, 0x3c, 0xb4, 0x41, 0x3b, 0x84, 0x03,
	0x3d, 0xa0, 0x03, 0x40, 0x0f, 0xf2, 0x50, 0x0f, 0xe5, 0x00, 0x10, 0xed, 0x90, 0x0e, 0xee, 0xd0,
	0x06, 0xec, 0x50, 0x0e, 0xe7, 0x10, 0x0e, 0xec, 0xd0, 0x06, 0xf6, 0x50, 0x0e, 0xe3, 0x40, 0x0f,
	0xef, 0x20, 0x0f, 0x6d, 0x70, 0x0f, 0xe9, 0x40, 0x0e, 0xf4, 0x80, 0x0e, 0x40, 0x1c, 0xc8, 0x01,
	0x1e, 0x00, 0x83, 0x3b, 0xbc, 0x43, 0x1b, 0x88, 0x43, 0x3d, 0xa4, 0x03, 0x3b, 0xd0, 0x43, 0x3a,
	0xb8, 0xc3, 0x3c, 0x00, 0x84, 0x3b, 0xbc, 0x43, 0x1b, 0x98, 0x83, 0x3c, 0x84, 0x43, 0x3b, 0x94,
	0x43, 0x1b, 0xc0, 0xc3, 0x3b, 0xa4, 0x83, 0x3b, 0xd0, 0x43, 0x39, 0xc8, 0x43, 0x1b, 0x94, 0x03,
	0x3b, 0xa4, 0x43, 0x3b, 0x00, 0xf4, 0x20, 0x0f, 0xf5, 0x50, 0x0e, 0x00, 0xe1, 0x0e, 0xef, 0xd0,
	0x06, 0xe6, 0x20, 0x0f, 0xe1, 0xd0, 0x0e, 0xe5, 0xd0, 0x06, 0xf0, 0xf0, 0x0e, 0xe9, 0xe0, 0x0e,
	0xf4, 0x50, 0x0e, 0xf2, 0xd0, 0x06, 0xe5, 0xc0, 0x0e, 0xe9, 0xd0, 0x0e, 0x6d, 0xe0, 0x0e, 0xef,
	0xe0, 0x0e, 0x6d, 0xc0, 0x0e, 0xe5, 0x10, 0x0e, 0xe6, 0x00, 0xd0, 0x83, 0x3c, 0xd4, 0x43, 0x39,
	0x00, 0x84, 0x3b, 0xbc, 0x43, 0x1b, 0xa4, 0x83, 0x3b, 0x98, 0xc3, 0x3c, 0xb4, 0x81, 0x39, 0xc0,
	0x43, 0x1b, 0xb4, 0x43, 0x38, 0xd0, 0x03, 0x3a, 0x00, 0xe6, 0x10, 0x0e, 0xec, 0x30, 0x0f, 0xe5,
	0x00, 0x10, 0xee, 0xf0, 0x0e, 0x6d, 0xe0, 0x0e, 0xe1, 0xe0, 0x0e, 0xf3, 0xd0, 0x06, 0xe6, 0x00,
	0x0f, 0x6d, 0xd0, 0x0e, 0xe1, 0x40, 0x0f, 0xe8, 0x00, 0x98, 0x43, 0x38, 0xb0, 0xc3, 0x3c, 0x94,
	0x03, 0x40, 0xb8, 0xc3, 0x3b, 0xb4, 0xc1, 0x3c, 0xa4, 0xc3, 0x39, 0xb8, 0x43, 0x39, 0x90, 0x43,
	0x1b, 0xe8, 0x43, 0x39, 0xc8, 0xc3, 0x3b, 0xcc, 0x43, 0x1b, 0x98, 0x03, 0x3c, 0xb4, 0x41, 0x3b,
	0x84, 0x03, 0x3d, 0xa0, 0x03, 0x40, 0x0f, 0xf2, 0x50, 0x0f, 0xe5, 0x00, 0x10, 0xee, 0xf0, 0x0e,
	0x6d, 0x40, 0x0f, 0xf2, 0x10, 0x0e, 0xf0, 0x00, 0x0f, 0xe9, 0xe0, 0x0e, 0xe7, 0xd0, 0x06, 0xed,
	0x10, 0x0e, 0xf4, 0x80, 0x0e, 0x00, 0x3d, 0xc8, 0x43, 0x3d, 0x94, 0x03, 0x40, 0xcc, 0x03, 0x3d,
	0x84, 0xc3, 0x38, 0xac, 0x43, 0x1b, 0xc0, 0x83, 0x3c, 0xbc, 0x03, 0x3d, 0x94, 0xc3, 0x38, 0xd0,
	0xc3, 0x3b, 0xc8, 0x43, 0x1b, 0x88, 0x43, 0x3d, 0x98, 0x83, 0x39, 0x94, 0x83, 0x3c, 0xb4, 0xc1,
	0x3c, 0xa4, 0x83, 0x3e, 0x94, 0x03, 0x80, 0x07, 0x00, 0x51, 0x0f, 0xee, 0x30, 0x0f, 0xe1, 0x60,
	0x0e, 0xe5, 0xd0, 0x06, 0xe6, 0x00, 0x0f, 0x6d, 0xd0, 0x0e, 0xe1, 0x40, 0x0f, 0xe8, 0x00, 0xd0,
	0x83, 0x3c, 0xd4, 0x43, 0x39, 0x00, 0x1b, 0xc2, 0x64, 0xf9, 0xff, 0xff, 0xff, 0xff, 0x01, 0x58,
	0x03, 0x40, 0x02, 0x28, 0x22, 0x1c, 0xe0, 0x01, 0x1e, 0xe4, 0xe1, 0x1d, 0xf0, 0xa1, 0x0d, 0xcc,
	0xa1, 0x1e, 0xdc, 0x61, 0x1c, 0xda, 0xc0, 0x1c, 0xe0, 0xa1, 0x0d, 0xda, 0x21, 0x1c, 0xe8, 0x01,
	0x1d, 0x00, 0x7a, 0x90, 0x87, 0x7a, 0x28, 0x07, 0x80, 0x68, 0x87, 0x74, 0x70, 0x87, 0x36, 0x60,
	0x87, 0x72, 0x38, 0x87, 0x70, 0x60, 0x87, 0x36, 0xb0, 0x87, 0x72, 0x18, 0x07, 0x7a, 0x78, 0x07,
	0x79, 0x68, 0x83, 0x7b, 0x48, 0x07, 0x72, 0xa0, 0x07, 0x74, 0x00, 0xe2, 0x40, 0x0e, 0xf0, 0x00,
	0x18, 0xdc, 0xe1, 0x1d, 0xda, 0x40, 0x1c, 0xea, 0x21, 0x1d, 0xd8, 0x81, 0x1e, 0xd2, 0xc1, 0x1d,
	0xe6, 0x01, 0x20, 0xdc, 0xe1, 0x1d, 0xda, 0xc0, 0x1c, 0xe4, 0x21, 0x1c, 0xda, 0xa1, 0x1c, 0xda,
	0x00, 0x1e, 0xde, 0x21, 0x1d, 0xdc, 0x81, 0x1e, 0xca, 0x41, 0x1e, 0xda, 0xa0, 0x1c, 0xd8, 0x21,
	0x1d, 0xda, 0x01, 0xa0, 0x07, 0x79, 0xa8, 0x87, 0x72, 0x00, 0x08, 0x77, 0x78, 0x87, 0x36, 0x30,
	0x07, 0x79, 0x08, 0x87, 0x76, 0x28, 0x87, 0x36, 0x80, 0x87, 0x77, 0x48, 0x07, 0x77, 0xa0, 0x87,
	0x72, 0x90, 0x87, 0x36, 0x28, 0x07, 0x76, 0x48, 0x87, 0x76, 0x68, 0x03, 0x77, 0x78, 0x07, 0x77,
	0x68, 0x03, 0x76, 0x28, 0x87, 0x70, 0x30, 0x07, 0x80, 0x1e, 0xe4, 0xa1, 0x1e, 0xca, 0x01, 0x20,
	0xdc, 0xe1, 0x1d, 0xda, 0x20, 0x1d, 0xdc, 0xc1, 0x1c, 0xe6, 0xa1, 0x0d, 0xcc, 0x01, 0x1e, 0xda,
	0xa0, 0x1d, 0xc2, 0x81, 0x1e, 0xd0, 0x01, 0xa0, 0x07, 0x79, 0xa8, 0x87, 0x72, 0x00, 0x08, 0x77,
	0x78, 0x87, 0x36, 0x70, 0x87, 0x70, 0x70, 0x87, 0x79, 0x68, 0x03, 0x73, 0x80, 0x87, 0x36, 0x68,
	0x87, 0x70, 0xa0, 0x07, 0x74, 0x00, 0xe8, 0x41, 0x1e, 0xea, 0xa1, 0x1c, 0x00, 0xc2, 0x1d, 0xde,
	0xa1, 0x0d, 0xe6, 0x21, 0x1d, 0xce, 0xc1, 0x1d, 0xca, 0x81, 0x1c, 0xda, 0x40, 0x1f, 0xca, 0x41,
	0x1e, 0xde, 0x61, 0x1e, 0xda, 0xc0, 0x1c, 0xe0, 0xa1, 0x0d, 0xda, 0x21, 0x1c, 0xe8, 0x01, 0x1d,
	0x00, 0x7a, 0x90, 0x87, 0x7a, 0x28, 0x07, 0x80, 0x70, 0x87, 0x77, 0x68, 0x03, 0x7a, 0x90, 0x87,
	0x70, 0x80, 0x07, 0x78, 0x48, 0x07, 0x77, 0x38, 0x87, 0x36, 0x68, 0x87, 0x70, 0xa0, 0x07, 0x74,
	0x00, 0xe8, 0x41, 0x1e, 0xea, 0xa1, 0x1c, 0x00, 0x62, 0x1e, 0xe8, 0x21, 0x1c, 0xc6, 0x61, 0x1d,
	0xda, 0x00, 0x1e, 0xe4, 0xe1, 0x1d, 0xe8, 0xa1, 0x1c, 0xc6, 0x81, 0x1e, 0xde, 0x41, 0x1e, 0xda,
	0x40, 0x1c, 0xea, 0xc1, 0x1c, 0xcc, 0xa1, 0x1c, 0xe4, 0xa1, 0x0d, 0xe6, 0x21, 0x1d, 0xf4, 0xa1,
	0x1c, 0x00, 0x3c, 0x00, 0x88, 0x7a, 0x70, 0x87, 0x79, 0x08, 0x07, 0x73, 0x28, 0x87, 0x36, 0x30,
	0x07, 0x78, 0x68, 0x83, 0x76, 0x08, 0x07, 0x7a, 0x40, 0x07, 0x80, 0x1e, 0xe4, 0xa1, 0x1e, 0xca,
	0x01, 0xd8, 0x10, 0x31, 0xff, 0xff, 0xff, 0xff, 0x3f, 0x00, 0xca, 0xe0, 0x0e, 0xef, 0xd0, 0x06,
	0xe2, 0x50, 0x0f, 0xe9, 0xc0, 0x0e, 0xf4, 0x90, 0x0e, 0xee, 0x30, 0x0f, 0xc0, 0x06, 0xa3, 0xf9,
	0xff, 0xff, 0xff, 0xff, 0x01, 0x90, 0x00, 0x6a, 0xc3, 0xe4, 0xfc, 0xff, 0xff, 0xff, 0xff, 0x00,
	0xac, 0x01, 0xa0, 0x0c, 0xee, 0xf0, 0x0e, 0x6d, 0x20, 0x0e, 0xf5, 0x90, 0x0e, 0xec, 0x40, 0x0f,
	0xe9, 0xe0, 0x0e, 0xf3, 0x00, 0x6c, 0x50, 0x9e, 0xff, 0xff, 0xff, 0xff, 0x1f, 0x80, 0x36, 0x00,
	0xd6, 0x00, 0x90, 0x80, 0x6a, 0xc3, 0x04, 0xfd, 0xff, 0xff, 0xff, 0xff, 0x00, 0x28, 0x80, 0x34,
	0xb8, 0xc3, 0x3b, 0xb4, 0x81, 0x38, 0xd4, 0x43, 0x3a, 0xb0, 0x03, 0x3d, 0xa4, 0x83, 0x3b, 0xcc,
	0x03, 0xb0, 0xa1, 0x8a, 0xfe, 0xff, 0xff, 0xff, 0x7f, 0x00, 0xd6, 0x00, 0x50, 0x00, 0x69, 0x70,
	0x87, 0x77, 0x68, 0x03, 0x71, 0xa8, 0x87, 0x74, 0x60, 0x07, 0x7a, 0x48, 0x07, 0x77, 0x98, 0x07,
	0x00, 0x00, 0x00, 0x00, 0x49, 0x18, 0x00, 0x00, 0x0a, 0x00, 0x00, 0x00, 0x13, 0x86, 0x40, 0x18,
	0x26, 0x04, 0xc4, 0x84, 0xa0, 0x98, 0x10, 0x18, 0x13, 0x86, 0x03, 0x49, 0x26, 0x04, 0xca, 0x84,
	0x60, 0x99, 0x10, 0x30, 0x13, 0x82, 0x66, 0x42, 0xe0, 0x4c, 0x18, 0x1e, 0x24, 0x99, 0x10, 0x40,
	0x13, 0x82, 0x08, 0x00, 0x13, 0xb8, 0x70, 0x48, 0x07, 0x79, 0xb0, 0x03, 0x3a, 0xf8, 0x05, 0x7b,
	0x90, 0x03, 0x3a, 0x68, 0x83, 0x70, 0x80, 0x07, 0x78, 0x60, 0x87, 0x72, 0x68, 0x83, 0x76, 0x08,
	0x87, 0x71, 0x78, 0x87, 0x79, 0xc0, 0x87, 0x38, 0x90, 0x03, 0x37, 0x80, 0x03, 0x37, 0x80, 0x83,
	0x0d, 0xb7, 0x51, 0x0e, 0x6d, 0x00, 0x0f, 0x7a, 0x60, 0x07, 0x74, 0xa0, 0x07, 0x76, 0x40, 0x07,
	0x7a, 0x60, 0x07, 0x74, 0xd0, 0x06, 0xe9, 0x10, 0x07, 0x7a, 0x80, 0x07, 0x7a, 0x80, 0x07, 0x6d,
	0x90, 0x0e, 0x78, 0xa0, 0x07, 0x78, 0xa0, 0x07, 0x78, 0xd0, 0x06, 0xe9, 0x10, 0x07, 0x76, 0xa0,
	0x07, 0x71, 0x60, 0x07, 0x7a, 0x10, 0x07, 0x76, 0xd0, 0x06, 0xe9, 0x30, 0x07, 0x72, 0xa0, 0x07,
	0x73, 0x20, 0x07, 0x7a, 0x30, 0x07, 0x72, 0xd0, 0x06, 0xe9, 0x60, 0x07, 0x74, 0xa0, 0x07, 0x76,
	0x40, 0x07, 0x7a, 0x60, 0x07, 0x74, 0xd0, 0x06, 0xe6, 0x30, 0x07, 0x72, 0xa0, 0x07, 0x73, 0x20,
	0x07, 0x7a, 0x30, 0x07, 0x72, 0xd0, 0x06, 0xe6, 0x60, 0x07, 0x74, 0xa0, 0x07, 0x76, 0x40, 0x07,
	0x7a, 0x60, 0x07, 0x74, 0xd0, 0x06, 0xf6, 0x10, 0x07, 0x76, 0xa0, 0x07, 0x71, 0x60, 0x07, 0x7a,
	0x10, 0x07, 0x76, 0xd0, 0x06, 0xf6, 0x20, 0x07, 0x74, 0xa0, 0x07, 0x73, 0x20, 0x07, 0x7a, 0x30,
	0x07, 0x72, 0xd0, 0x06, 0xf6, 0x30, 0x07, 0x72, 0xa0, 0x07, 0x73, 0x20, 0x07, 0x7a, 0x30, 0x07,
	0x72, 0xd0, 0x06, 0xf6, 0x40, 0x07, 0x78, 0xa0, 0x07, 0x76, 0x40, 0x07, 0x7a, 0x60, 0x07, 0x74,
	0xd0, 0x06, 0xf6, 0x60, 0x07, 0x74, 0xa0, 0x07, 0x76, 0x40, 0x07, 0x7a, 0x60, 0x07, 0x74, 0xd0,
	0x06, 0xf6, 0x90, 0x07, 0x76, 0xa0, 0x07, 0x71, 0x20, 0x07, 0x78, 0xa0, 0x07, 0x71, 0x20, 0x07,
	0x78, 0xd0, 0x06, 0xf6, 0x10, 0x07, 0x72, 0x80, 0x07, 0x7a, 0x10, 0x07, 0x72, 0x80, 0x07, 0x7a,
	0x10, 0x07, 0x72, 0x80, 0x07, 0x6d, 0x60, 0x0f, 0x71, 0x90, 0x07, 0x72, 0xa0, 0x07, 0x72, 0x50,
	0x07, 0x76, 0xa0, 0x07, 0x72, 0x50, 0x07, 0x76, 0xd0, 0x06, 0xf6, 0x20, 0x07, 0x75, 0x60, 0x07,
	0x7a, 0x20, 0x07, 0x75, 0x60, 0x07, 0x7a, 0x20, 0x07, 0x75, 0x60, 0x07, 0x6d, 0x60, 0x0f, 0x75,
	0x10, 0x07, 0x72, 0xa0, 0x07, 0x75, 0x10, 0x07, 0x72, 0xa0, 0x07, 0x75, 0x10, 0x07, 0x72, 0xd0,
	0x06, 0xf6, 0x10, 0x07, 0x70, 0x20, 0x07, 0x74, 0xa0, 0x07, 0x71, 0x00, 0x07, 0x72, 0x40, 0x07,
	0x7a, 0x10, 0x07, 0x70, 0x20, 0x07, 0x74, 0xd0, 0x06, 0xee, 0x80, 0x07, 0x7a, 0x10, 0x07, 0x76,
	0xa0, 0x07, 0x73, 0x20, 0x07, 0x1a, 0x21, 0x0c, 0x29, 0x3c, 0xd2, 0x10, 0x09, 0x10, 0x16, 0x00,
	0x00, 0x02, 0x00, 0x00, 0x00, 0x01, 0x00, 0x00, 0x00, 0x00, 0x86, 0x48, 0x42, 0xd7, 0x20, 0xc0,
	0x20, 0x00, 0x00, 0x00, 0x04, 0x00, 0x00, 0x00, 0x40, 0x30, 0x44, 0xfa, 0xae, 0x07, 0x08, 0x80,
	0x01, 0x00, 0x00, 0x40, 0x00, 0x00, 0x00, 0x00, 0x80, 0x21, 0x92, 0x1d, 0x4c, 0x11, 0x10, 0x00,
	0x03, 0x00, 0x00, 0x80, 0x00, 0x00, 0x00, 0x00, 0x00, 0x43, 0xa4, 0x54, 0x98, 0x22, 0x20, 0x00,
	0x06, 0x00, 0x00, 0x00, 0x01, 0x00, 0x00, 0x00, 0x00, 0x86, 0x48, 0xbc, 0x50, 0x4d, 0x40, 0x00,
	0x0c, 0x00, 0x00, 0x00, 0x02, 0x00, 0x00, 0x00, 0x00, 0x0c, 0x91, 0xe2, 0x21, 0xaa, 0x80, 0x00,
	0x18, 0x00, 0x00, 0x00, 0x04, 0x00, 0x00, 0x00, 0x00, 0x18, 0x22, 0x89, 0x44, 0x54, 0x01, 0x01,
	0x30, 0x00, 0x00, 0x00, 0x08, 0x00, 0x00, 0x00, 0x00, 0x30, 0x44, 0x9a, 0x89, 0x68, 0x02, 0x02,
	0x60, 0x00, 0x00, 0x00, 0x10, 0x00, 0x00, 0x00, 0x00, 0x60, 0x88, 0x44, 0x16, 0xcd, 0x05, 0x04,
	0xc0, 0x00, 0x00, 0x00, 0x20, 0x00, 0x00, 0x00, 0x00, 0xc0, 0x10, 0x29, 0x2e, 0xa6, 0x07, 0x08,
	0x80, 0x01, 0x00, 0x00, 0x40, 0x00, 0x00, 0x00, 0x00, 0x80, 0x21, 0x12, 0x69, 0x5c, 0x19, 0x02,
	0x0c, 0x04, 0x00, 0x00, 0x40, 0x00, 0x00, 0x00, 0x00, 0x04, 0x43, 0xa4, 0xdd, 0x88, 0x36, 0x04,
	0x18, 0x04, 0x00, 0x00, 0x80, 0x00, 0x00, 0x00, 0x00, 0x08, 0x86, 0x48, 0xec, 0x11, 0x4d, 0x40,
	0x00, 0x0c, 0x00, 0x00, 0x00, 0x02, 0x00, 0x00, 0x00, 0x00, 0x0c, 0x91, 0xfa, 0x63, 0xea, 0x80,
	0x00, 0x18, 0x00, 0x00, 0x00, 0x04, 0x00, 0x00, 0x00, 0x00, 0x18, 0x22, 0xc1, 0xc8, 0xd4, 0x01,
	0x01, 0x30, 0x00, 0x00, 0x00, 0x08, 0x00, 0x00, 0x00, 0x00, 0x30, 0x44, 0x1a, 0x13, 0x26, 0x0c,
	0x80, 0x00, 0x18, 0x00, 0x00, 0x00, 0x04, 0x00, 0x00, 0x00, 0x00, 0x18, 0x22, 0xbd, 0xc9, 0x45,
	0x06, 0x40, 0x00, 0x0c, 0x00, 0x00, 0x00, 0x02, 0x00, 0x00, 0x00, 0x00, 0x0c, 0x91, 0x4c, 0xa5,
	0x31, 0x03, 0x20, 0x00, 0x06, 0x00, 0x00, 0x00, 0x01, 0x00, 0x00, 0x00, 0x00, 0x86, 0x48, 0xb3,
	0xb2, 0xad, 0x01, 0x10, 0x00, 0x05, 0x00, 0x00, 0x80, 0x00, 0x00, 0x00, 0x00, 0x00, 0x43, 0x24,
	0x77, 0xe1, 0xda, 0x00, 0x01, 0x06, 0x03, 0x00, 0x00, 0x20, 0x00, 0x00, 0x00, 0x00, 0x82, 0x21,
	0x92, 0xca, 0x48, 0x13, 0x10, 0x00, 0x03, 0x00, 0x00, 0x80, 0x00, 0x00, 0x00, 0x00, 0x00, 0x43,
	0x24, 0x9e, 0x91, 0xde, 0x00, 0x08, 0x80, 0x01, 0x00, 0x00, 0x40, 0x00, 0x00, 0x00, 0x00, 0x80,
	0x21, 0x92, 0xdb, 0x4c, 0x6f, 0x00, 0x04, 0xc0, 0x00, 0x00, 0x00, 0x20, 0x00, 0x00, 0x00, 0x00,
	0xc0, 0x10, 0x29, 0x74, 0x9a, 0x38, 0x00, 0x02, 0x60, 0x00, 0x00, 0x00, 0x10, 0x00, 0x00, 0x00,
	0x00, 0x60, 0x88, 0xe4, 0x3a, 0x0e, 0x19, 0x00, 0x01, 0x30, 0x00, 0x00, 0x00, 0x08, 0x00, 0x00,
	0x00, 0x00, 0x30, 0x44, 0xe2, 0x9d, 0x89, 0x0c, 0x80, 0x00, 0x18, 0x00, 0x00, 0x00, 0x04, 0x00,
	0x00, 0x00, 0x00, 0x18, 0x22, 0xbd, 0xcf, 0x32, 0x07, 0x40, 0x00, 0x0c, 0x00, 0x00, 0x00, 0x02,
	0x00, 0x00, 0x00, 0x00, 0x0c, 0x91, 0xf4, 0x47, 0xab, 0x03, 0x04, 0x18, 0x0e, 0x00, 0x00, 0x80,
	0x00, 0x00, 0x00, 0x00, 0x08, 0x86, 0x48, 0x34, 0x04, 0x4d, 0x40, 0x00, 0x0c, 0x00, 0x00, 0x00,
	0x02, 0x00, 0x00, 0x00, 0x00, 0x0c, 0x91, 0xc8, 0xc8, 0x79, 0x80, 0x00, 0x18, 0x00, 0x00, 0x00,
	0x04, 0x00, 0x00, 0x00, 0x00, 0x18, 0x22, 0xc9, 0xd1, 0x33, 0x07, 0x08, 0x30, 0x1c, 0x00, 0x00,
	0x00, 0x01, 0x00, 0x00, 0x00, 0x10, 0x0c, 0x91, 0x42, 0x09, 0xaa, 0x80, 0x00, 0x18, 0x00, 0x00,
	0x00, 0x04, 0x00, 0x00, 0x00, 0x00, 0x18, 0x22, 0xc5, 0x92, 0x34, 0x07, 0x40, 0x00, 0x0c, 0x00,
	0x00, 0x00, 0x02, 0x00, 0x00, 0x00, 0x00, 0x0c, 0x91, 0xc6, 0x69, 0xba, 0x03, 0x20, 0x00, 0x06,
	0x00, 0x00, 0x00, 0x01, 0x00, 0x00, 0x00, 0x00, 0x86, 0x48, 0xf6, 0x44, 0x35, 0x08, 0x30, 0x08,
	0x00, 0x00, 0x00, 0x01, 0x00, 0x00, 0x00, 0x10, 0x48, 0x6c, 0x10, 0x28, 0x2a, 0xe3, 0x00, 0x00,
	0x90, 0x05, 0x02, 0x00, 0x16, 0x00, 0x00, 0x00, 0x32, 0x1e, 0x98, 0x1c, 0x19, 0x11, 0x4c, 0x90,
	0x8c, 0x09, 0x26, 0x47, 0xc6, 0x04, 0x43, 0x22, 0x14, 0x41, 0x09, 0x14, 0x42, 0x39, 0x94, 0x4f,
	0x01, 0x0a, 0x14, 0x44, 0x81, 0x8c, 0x00, 0x94, 0x41, 0x01, 0x15, 0x58, 0x01, 0x06, 0x14, 0x68,
	0x40, 0x01, 0x07, 0x14, 0x78, 0x40, 0x81, 0x0a, 0x14, 0xb0, 0x40, 0x81, 0x0b, 0x94, 0x42, 0x31,
	0xd0, 0x6e, 0x04, 0xa0, 0x40, 0x0a, 0xa8, 0xc0, 0x0a, 0x30, 0xa0, 0x40, 0x03, 0x0a, 0x38, 0xa0,
	0xc0, 0x03, 0x0a, 0x50, 0xa0, 0x40, 0x05, 0x0a, 0x58, 0x80, 0x74, 0x63, 0x09, 0x1b, 0x00, 0x00,
	0xb1, 0x18, 0x00, 0x00, 0xa5, 0x00, 0x00, 0x00, 0x33, 0x08, 0x80, 0x1c, 0xc4, 0xe1, 0x1c, 0x66,
	0x14, 0x01, 0x3d, 0x88, 0x43, 0x38, 0x84, 0xc3, 0x8c, 0x42, 0x80, 0x07, 0x79, 0x78, 0x07, 0x73,
	0x98, 0x71, 0x0c, 0xe6, 0x00, 0x0f, 0xed, 0x10, 0x0e, 0xf4, 0x80, 0x0e, 0x33, 0x0c, 0x42, 0x1e,
	0xc2, 0xc1, 0x1d, 0xce, 0xa1, 0x1c, 0x66, 0x30, 0x05, 0x3d, 0x88, 0x43, 0x38, 0x84, 0x83, 0x1b,
	0xcc, 0x03, 0x3d, 0xc8, 0x43, 0x3d, 0x8c, 0x03, 0x3d, 0xcc, 0x78, 0x8c, 0x74, 0x70, 0x07, 0x7b,
	0x08, 0x07, 0x79, 0x48, 0x87, 0x70, 0x70, 0x07, 0x7a, 0x70, 0x03, 0x76, 0x78, 0x87, 0x70, 0x20,
	0x87, 0x19, 0xcc, 0x11, 0x0e, 0xec, 0x90, 0x0e, 0xe1, 0x30, 0x0f, 0x6e, 0x30, 0x0f, 0xe3, 0xf0,
	0x0e, 0xf0, 0x50, 0x0e, 0x33, 0x10, 0xc4, 0x1d, 0xde, 0x21, 0x1c, 0xd8, 0x21, 0x1d, 0xc2, 0x61,
	0x1e, 0x66, 0x30, 0x89, 0x3b, 0xbc, 0x83, 0x3b, 0xd0, 0x43, 0x39, 0xb4, 0x03, 0x3c, 0xbc, 0x83,
	0x3c, 0x84, 0x03, 0x3b, 0xcc, 0xf0, 0x14, 0x76, 0x60, 0x07, 0x7b, 0x68, 0x07, 0x37, 0x68, 0x87,
	0x72, 0x68, 0x07, 0x37, 0x80, 0x87, 0x70, 0x90, 0x87, 0x70, 0x60, 0x07, 0x76, 0x28, 0x07, 0x76,
	0xf8, 0x05, 0x76, 0x78, 0x87, 0x77, 0x80, 0x87, 0x5f, 0x08, 0x87, 0x71, 0x18, 0x87, 0x72, 0x98,
	0x87, 0x79, 0x98, 0x81, 0x2c, 0xee, 0xf0, 0x0e, 0xee, 0xe0, 0x0e, 0xf5, 0xc0, 0x0e, 0xec, 0x30,
	0x03, 0x62, 0xc8, 0xa1, 0x1c, 0xe4, 0xa1, 0x1c, 0xcc, 0xa1, 0x1c, 0xe4, 0xa1, 0x1c, 0xdc, 0x61,
	0x1c, 0xca, 0x21, 0x1c, 0xc4, 0x81, 0x1d, 0xca, 0x61, 0x06, 0xd6, 0x90, 0x43, 0x39, 0xc8, 0x43,
	0x39, 0x98, 0x43, 0x39, 0xc8, 0x43, 0x39, 0xb8, 0xc3, 0x38, 0x94, 0x43, 0x38, 0x88, 0x03, 0x3b,
	0x94, 0xc3, 0x2f, 0xbc, 0x83, 0x3c, 0xfc, 0x82, 0x3b, 0xd4, 0x03, 0x3b, 0xb0, 0xc3, 0x0c, 0xc7,
	0x69, 0x87, 0x70, 0x58, 0x87, 0x72, 0x70, 0x83, 0x74, 0x68, 0x07, 0x78, 0x60, 0x87, 0x74, 0x18,
	0x87, 0x74, 0xa0, 0x87, 0x19, 0xce, 0x53, 0x0f, 0xee, 0x00, 0x0f, 0xf2, 0x50, 0x0e, 0xe4, 0x90,
	0x0e, 0xe3, 0x40, 0x0f, 0xe1, 0x20, 0x0e, 0xec, 0x50, 0x0e, 0x33, 0x20, 0x28, 0x1d, 0xdc, 0xc1,
	0x1e, 0xc2, 0x41, 0x1e, 0xd2, 0x21, 0x1c, 0xdc, 0x81, 0x1e, 0xdc, 0xe0, 0x1c, 0xe4, 0xe1, 0x1d,
	0xea, 0x01, 0x1e, 0x66, 0x18, 0x51, 0x38, 0xb0, 0x43, 0x3a, 0x9c, 0x83, 0x3b, 0xcc, 0x50, 0x24,
	0x76, 0x60, 0x07, 0x7b, 0x68, 0x07, 0x37, 0x60, 0x87, 0x77, 0x78, 0x07, 0x78, 0x98, 0x51, 0x4c,
	0xf4, 0x90, 0x0f, 0xf0, 0x50, 0x0e, 0x33, 0x1e, 0x6a, 0x1e, 0xca, 0x61, 0x1c, 0xe8, 0x21, 0x1d,
	0xde, 0xc1, 0x1d, 0x7e, 0x01, 0x1e, 0xe4, 0xa1, 0x1c, 0xcc, 0x21, 0x1d, 0xf0, 0x61, 0x06, 0x54,
	0x85, 0x83, 0x38, 0xcc, 0xc3, 0x3b, 0xb0, 0x43, 0x3d, 0xd0, 0x43, 0x39, 0xfc, 0xc2, 0x3c, 0xe4,
	0x43, 0x3b, 0x88, 0xc3, 0x3b, 0xb0, 0xc3, 0x8c, 0xc5, 0x0a, 0x87, 0x79, 0x98, 0x87, 0x77, 0x18,
	0x87, 0x74, 0x08, 0x07, 0x7a, 0x28, 0x07, 0x72, 0x98, 0x81, 0x5c, 0xe3, 0x10, 0x0e, 0xec, 0xc0,
	0x0e, 0xe5, 0x50, 0x0e, 0xf3, 0x30, 0x23, 0xc1, 0xd2, 0x41, 0x1e, 0xe4, 0xe1, 0x17, 0xd8, 0xe1,
	0x1d, 0xde, 0x01, 0x1e, 0x66, 0x48, 0x19, 0x3b, 0xb0, 0x83, 0x3d, 0xb4, 0x83, 0x1b, 0x84, 0xc3,
	0x38, 0x8c, 0x43, 0x39, 0xcc, 0xc3, 0x3c, 0xb8, 0xc1, 0x39, 0xc8, 0xc3, 0x3b, 0xd4, 0x03, 0x3c,
	0xcc, 0x48, 0xb4, 0x71, 0x08, 0x07, 0x76, 0x60, 0x07, 0x71, 0x08, 0x87, 0x71, 0x58, 0x87, 0x19,
	0xdb, 0xc6, 0x0e, 0xec, 0x60, 0x0f, 0xed, 0xe0, 0x06, 0xf0, 0x20, 0x0f, 0xe5, 0x30, 0x0f, 0xe5,
	0x20, 0x0f, 0xf6, 0x50, 0x0e, 0x6e, 0x10, 0x0e, 0xe3, 0x30, 0x0e, 0xe5, 0x30, 0x0f, 0xf3, 0xe0,
	0x06, 0xe9, 0xe0, 0x0e, 0xe4, 0x50, 0x0e, 0xf8, 0x30, 0x23, 0xe2, 0xec, 0x61, 0x1c, 0xc2, 0x81,
	0x1d, 0xd8, 0xe1, 0x17, 0xec, 0x21, 0x1d, 0xe6, 0x21, 0x1d, 0xc4, 0x21, 0x1d, 0xd8, 0x21, 0x1d,
	0xe8, 0x21, 0x1f, 0x66, 0x20, 0x9d, 0x3b, 0xbc, 0x43, 0x3d, 0xb8, 0x03, 0x39, 0x94, 0x83, 0x39,
	0xcc, 0x58, 0xbc, 0x70, 0x70, 0x07, 0x77, 0x78, 0x07, 0x7a, 0x08, 0x07, 0x7a, 0x48, 0x87, 0x77,
	0x70, 0x87, 0x19, 0xce, 0x87, 0x0e, 0xe5, 0x10, 0x0e, 0xf0, 0x10, 0x0e, 0xec, 0xc0, 0x0e, 0xef,
	0x30, 0x0e, 0xf3, 0x90, 0x0e, 0xf4, 0x50, 0x0e, 0x33, 0x28, 0x30, 0x08, 0x87, 0x74, 0x90, 0x07,
	0x37, 0x30, 0x87, 0x7a, 0x70, 0x87, 0x71, 0xa0, 0x87, 0x74, 0x78, 0x07, 0x77, 0xf8, 0x85, 0x73,
	0x90, 0x87, 0x77, 0xa8, 0x07, 0x78, 0x98, 0x07, 0x00, 0x00, 0x00, 0x00, 0x79, 0x20, 0x00, 0x00,
	0x7d, 0x01, 0x00, 0x00, 0x32, 0x9a, 0x08, 0x14, 0x02, 0x85, 0x8c, 0x27, 0x46, 0x46, 0xc8, 0x11,
	0x32, 0x64, 0xd4, 0xfe, 0x80, 0x0e, 0x6a, 0x0d, 0x8b, 0x62, 0x61, 0x1b, 0xb4, 0x41, 0x73, 0x50,
	0x6c, 0x1c, 0x19, 0x44, 0x91, 0xc1, 0x14, 0x05, 0xa3, 0x48, 0x83, 0x23, 0x49, 0x8f, 0x11, 0x50,
	0x43, 0x84, 0x10, 0x84, 0x22, 0x21, 0x14, 0x51, 0x14, 0x86, 0x41, 0x08, 0x44, 0x62, 0x44, 0x17,
	0x51, 0x2c, 0x0a, 0x76, 0x20, 0xc8, 0x72, 0x10, 0x16, 0x00, 0x00, 0x00, 0x53, 0x44, 0x4b, 0x20,
	0x56, 0x65, 0x72, 0x73, 0x69, 0x6f, 0x6e, 0x77, 0x63, 0x68, 0x61, 0x72, 0x5f, 0x73, 0x69, 0x7a,
	0x65, 0x61, 0x69, 0x72, 0x2e, 0x6d, 0x61, 0x78, 0x5f, 0x64, 0x65, 0x76, 0x69, 0x63, 0x65, 0x5f,
	0x62, 0x75, 0x66, 0x66, 0x65, 0x72, 0x73, 0x61, 0x69, 0x72, 0x2e, 0x6d, 0x61, 0x78, 0x5f, 0x63,
	0x6f, 0x6e, 0x73, 0x74, 0x61, 0x6e, 0x74, 0x5f, 0x62, 0x75, 0x66, 0x66, 0x65, 0x72, 0x73, 0x61,
	0x69, 0x72, 0x2e, 0x6d, 0x61, 0x78, 0x5f, 0x74, 0x68, 0x72, 0x65, 0x61, 0x64, 0x67, 0x72, 0x6f,
	0x75, 0x70, 0x5f, 0x62, 0x75, 0x66, 0x66, 0x65, 0x72, 0x73, 0x61, 0x69, 0x72, 0x2e, 0x6d, 0x61,
	0x78, 0x5f, 0x74, 0x65, 0x78, 0x74, 0x75, 0x72, 0x65, 0x73, 0x61, 0x69, 0x72, 0x2e, 0x6d, 0x61,
	0x78, 0x5f, 0x72, 0x65, 0x61, 0x64, 0x5f, 0x77, 0x72, 0x69, 0x74, 0x65, 0x5f, 0x74, 0x65, 0x78,
	0x74, 0x75, 0x72, 0x65, 0x73, 0x61, 0x69, 0x72, 0x2e, 0x6d, 0x61, 0x78, 0x5f, 0x73, 0x61, 0x6d,
	0x70, 0x6c, 0x65, 0x72, 0x73, 0x41, 0x70, 0x70, 0x6c, 0x65, 0x20, 0x6d, 0x65, 0x74, 0x61, 0x6c,
	0x20, 0x76, 0x65, 0x72, 0x73, 0x69, 0x6f, 0x6e, 0x20, 0x33, 0x32, 0x30, 0x32, 0x33, 0x2e, 0x39,
	0x32, 0x31, 0x20, 0x28, 0x6d, 0x65, 0x74, 0x61, 0x6c, 0x66, 0x65, 0x2d, 0x33, 0x32, 0x30, 0x32,
	0x33, 0x2e, 0x39, 0x32, 0x31, 0x2e, 0x36, 0x29, 0x4d, 0x65, 0x74, 0x61, 0x6c, 0x61, 0x69, 0x72,
	0x2e, 0x63, 0x6f, 0x6d, 0x70, 0x69, 0x6c, 0x65, 0x2e, 0x64, 0x65, 0x6e, 0x6f, 0x72, 0x6d, 0x73,
	0x5f, 0x64, 0x69, 0x73, 0x61, 0x62, 0x6c, 0x65, 0x61, 0x69, 0x72, 0x2e, 0x63, 0x6f, 0x6d, 0x70,
	0x69, 0x6c, 0x65, 0x2e, 0x66, 0x61, 0x73, 0x74, 0x5f, 0x6d, 0x61, 0x74, 0x68, 0x5f, 0x65, 0x6e,
	0x61, 0x62, 0x6c, 0x65, 0x61, 0x69, 0x72, 0x2e, 0x63, 0x6f, 0x6d, 0x70, 0x69, 0x6c, 0x65, 0x2e,
	0x66, 0x72, 0x61, 0x6d, 0x65, 0x62, 0x75, 0x66, 0x66, 0x65, 0x72, 0x5f, 0x66, 0x65, 0x74, 0x63,
	0x68, 0x5f, 0x65, 0x6e, 0x61, 0x62, 0x6c, 0x65, 0x61, 0x69, 0x72, 0x2e, 0x72, 0x65, 0x6e, 0x64,
	0x65, 0x72, 0x5f, 0x74, 0x61, 0x72, 0x67, 0x65, 0x74, 0x61, 0x69, 0x72, 0x2e, 0x61, 0x72, 0x67,
	0x5f, 0x74, 0x79, 0x70, 0x65, 0x5f, 0x6e, 0x61, 0x6d, 0x65, 0x66, 0x6c, 0x6f, 0x61, 0x74, 0x34,
	0x61, 0x69, 0x72, 0x2e, 0x61, 0x72, 0x67, 0x5f, 0x6e, 0x61, 0x6d, 0x65, 0x63, 0x6f, 0x6c, 0x6f,
	0x72, 0x61, 0x6c, 0x70, 0x68, 0x61, 0x61, 0x69, 0x72, 0x2e, 0x70, 0x6f, 0x73, 0x69, 0x74, 0x69,
	0x6f, 0x6e, 0x61, 0x69, 0x72, 0x2e, 0x63, 0x65, 0x6e, 0x74, 0x65, 0x72, 0x61, 0x69, 0x72, 0x2e,
	0x6e, 0x6f, 0x5f, 0x70, 0x65, 0x72, 0x73, 0x70, 0x65, 0x63, 0x74, 0x69, 0x76, 0x65, 0x70, 0x6f,
	0x73, 0x61, 0x69, 0x72, 0x2e, 0x61, 0x72, 0x67, 0x5f, 0x75, 0x6e, 0x75, 0x73, 0x65, 0x64, 0x61,
	0x69, 0x72, 0x2e, 0x66, 0x72, 0x61, 0x67, 0x6d, 0x65, 0x6e, 0x74, 0x5f, 0x69, 0x6e, 0x70, 0x75,
	0x74, 0x67, 0x65, 0x6e, 0x65, 0x72, 0x61, 0x74, 0x65, 0x64, 0x28, 0x31, 0x70, 0x44, 0x76, 0x32,
	0x5f, 0x66, 0x29, 0x61, 0x69, 0x72, 0x2e, 0x70, 0x65, 0x72, 0x73, 0x70, 0x65, 0x63, 0x74, 0x69,
	0x76, 0x65, 0x66, 0x6c, 0x6f, 0x61, 0x74, 0x32, 0x70, 0x67, 0x65, 0x6e, 0x65, 0x72, 0x61, 0x74,
	0x65, 0x64, 0x28, 0x33, 0x74, 0x65, 0x78, 0x44, 0x76, 0x32, 0x5f, 0x66, 0x29, 0x74, 0x65, 0x78,
	0x67, 0x65, 0x6e, 0x65, 0x72, 0x61, 0x74, 0x65, 0x64, 0x28, 0x34, 0x69, 0x6e, 0x73, 0x74, 0x6a,
	0x29, 0x61, 0x69, 0x72, 0x2e, 0x66, 0x6c, 0x61, 0x74, 0x75, 0x69, 0x6e, 0x74, 0x69, 0x6e, 0x73,
	0x74, 0x61, 0x69, 0x72, 0x2e, 0x62, 0x75, 0x66, 0x66, 0x65, 0x72, 0x61, 0x69, 0x72, 0x2e, 0x6c,
	0x6f, 0x63, 0x61, 0x74, 0x69, 0x6f, 0x6e, 0x5f, 0x69, 0x6e, 0x64, 0x65, 0x78, 0x61, 0x69, 0x72,
	0x2e, 0x72, 0x65, 0x61, 0x64, 0x61, 0x69, 0x72, 0x2e, 0x73, 0x74, 0x72, 0x75, 0x63, 0x74, 0x5f,
	0x74, 0x79, 0x70, 0x65, 0x5f, 0x69, 0x6e, 0x66, 0x6f, 0x72, 0x65, 0x63, 0x74, 0x72, 0x61, 0x64,
	0x69, 0x69, 0x69, 0x6e, 0x6e, 0x65, 0x72, 0x63, 0x6f, 0x6c, 0x6f, 0x72, 0x32, 0x62, 0x6f, 0x72,
	0x64, 0x65, 0x72, 0x67, 0x72, 0x61, 0x64, 0x75, 0x76, 0x63, 0x6c, 0x69, 0x70, 0x63, 0x6c, 0x69,
	0x70, 0x52, 0x61, 0x64, 0x69, 0x69, 0x70, 0x61, 0x72, 0x61, 0x6d, 0x73, 0x61, 0x69, 0x72, 0x2e,
	0x61, 0x72, 0x67, 0x5f, 0x74, 0x79, 0x70, 0x65, 0x5f, 0x73, 0x69, 0x7a, 0x65, 0x61, 0x69, 0x72,
	0x2e, 0x61, 0x72, 0x67, 0x5f, 0x74, 0x79, 0x70, 0x65, 0x5f, 0x61, 0x6c, 0x69, 0x67, 0x6e, 0x5f,
	0x73, 0x69, 0x7a, 0x65, 0x49, 0x6e, 0x73, 0x74, 0x69, 0x6e, 0x73, 0x74, 0x73, 0x61, 0x69, 0x72,
	0x2e, 0x74, 0x65, 0x78, 0x74, 0x75, 0x72, 0x65, 0x61, 0x69, 0x72, 0x2e, 0x73, 0x61, 0x6d, 0x70,
	0x6c, 0x65, 0x74, 0x65, 0x78, 0x74, 0x75, 0x72, 0x65, 0x32, 0x64, 0x3c, 0x66, 0x6c, 0x6f, 0x61,
	0x74, 0x2c, 0x20, 0x73, 0x61, 0x6d, 0x70, 0x6c, 0x65, 0x3e, 0x6d, 0x61, 0x73, 0x6b, 0x54, 0x65,
	0x78, 0x63, 0x6f, 0x6c, 0x6f, 0x72, 0x54, 0x65, 0x78, 0x69, 0x6d, 0x61, 0x67, 0x65, 0x54, 0x65,
	0x78, 0x61, 0x69, 0x72, 0x2e, 0x73, 0x61, 0x6d, 0x70, 0x6c, 0x65, 0x72, 0x73, 0x61, 0x6d, 0x70,
	0x6c, 0x65, 0x72, 0x73, 0x61, 0x6d, 0x70, 0x6c, 0x6c, 0x76, 0x6d, 0x2e, 0x6c, 0x6f, 0x6f, 0x70,
	0x2e, 0x6d, 0x75, 0x73, 0x74, 0x70, 0x72, 0x6f, 0x67, 0x72, 0x65, 0x73, 0x73, 0x00, 0x00, 0x00,
	0x84, 0xd3, 0x00, 0x00, 0x00, 0x00, 0x00, 0x00, 0x30, 0x82, 0x40, 0x90, 0xc1, 0x08, 0x82, 0x1e,
	0x90, 0xc2, 0x08, 0x02, 0x51, 0x06, 0x23, 0x08, 0x84, 0x19, 0x8c, 0x20, 0x10, 0x67, 0x30, 0x82,
	0x40, 0xa0, 0xc1, 0x08, 0x02, 0x91, 0x06, 0x23, 0x08, 0x84, 0x1a, 0x8c, 0x20, 0x10, 0x6b, 0x30,
	0x82, 0x40, 0xb0, 0xc1, 0x08, 0x02, 0x03, 0x8c, 0x20, 0x10, 0x6d, 0x30, 0x82, 0x40, 0xb8, 0xc1,
	0x08, 0x02, 0xf1, 0x06, 0x23, 0x08, 0x04, 0x1c, 0x8c, 0x20, 0x10, 0x71, 0x30, 0x82, 0x40, 0xc8,
	0xc1, 0x08, 0x02, 0x31, 0x07, 0x23, 0x08, 0x04, 0x1d, 0x8c, 0x20, 0x10, 0x75, 0x30, 0x82, 0x40,
	0xd8, 0xc1, 0x08, 0x02, 0x71, 0x07, 0x23, 0x08, 0x04, 0x1e, 0x4c, 0x21, 0xdc, 0x42, 0x3d, 0xcc,
	0x30, 0x80, 0x42, 0x10, 0x0a, 0x33, 0x0c, 0xa2, 0x20, 0x8c, 0xc2, 0x0c, 0x03, 0x29, 0x0c, 0xa5,
	0x30, 0xc3, 0x40, 0x0a, 0x44, 0x29, 0xcc, 0x30, 0x90, 0x42, 0x51, 0x0a, 0x33, 0x0c, 0xa4, 0x60,
	0x98, 0xc2, 0x0c, 0x03, 0x29, 0x1c, 0xa7, 0x30, 0xc3, 0x40, 0x0a, 0x08, 0x2a, 0xcc, 0x10, 0x24,
	0x33, 0x0c, 0xa0, 0x30, 0x0a, 0xa9, 0x30, 0x03, 0xa1, 0x80, 0xc2, 0x28, 0xa4, 0xc2, 0x0c, 0xc1,
	0x32, 0x43, 0xc0, 0xcc, 0x10, 0x34, 0x33, 0x1c, 0x4e, 0x2a, 0xa4, 0xc2, 0x03, 0x45, 0xd2, 0x0c,
	0x87, 0x93, 0x0a, 0xa2, 0xf0, 0x40, 0xd1, 0x34, 0x83, 0x60, 0x0e, 0xe7, 0x30, 0x43, 0x92, 0x0a,
	0x54, 0x65, 0x3d, 0x50, 0x74, 0x61, 0x33, 0x24, 0xa2, 0x90, 0x69, 0xd5, 0xf6, 0x70, 0x51, 0x37,
	0x43, 0x02, 0x0a, 0x99, 0x57, 0x6d, 0x0f, 0x17, 0x7d, 0x33, 0x20, 0xab, 0x90, 0x81, 0x41, 0x18,
	0x3c, 0x62, 0x10, 0x8d, 0xc1, 0x0c, 0x77, 0x90, 0x0a, 0xa8, 0x90, 0x0a, 0x10, 0x1a, 0xa0, 0x02,
	0x2a, 0xa4, 0x02, 0x94, 0x06, 0xac, 0x80, 0x0a, 0xa9, 0x00, 0xa9, 0x41, 0x2b, 0xa0, 0x42, 0x2a,
	0x40, 0x92, 0x2b, 0xa0, 0x42, 0x2a, 0x40, 0x6b, 0xf0, 0x0a, 0xa8, 0x90, 0x0a, 0x10, 0x1b, 0xc0,
	0x02, 0x2a, 0xa4, 0x02, 0xd4, 0x06, 0xb1, 0x80, 0x0a, 0xa9, 0x00, 0xb9, 0x81, 0x29, 0xa0, 0x42,
	0x2a, 0x40, 0x6f, 0x20, 0x0b, 0xa8, 0x90, 0x0a, 0x10, 0x1c, 0xcc, 0x02, 0x2a, 0xa4, 0x02, 0x14,
	0x07, 0x33, 0x40, 0xa3, 0x40, 0x06, 0x65, 0x90, 0x0a, 0xa2, 0x60, 0x06, 0x67, 0xd0, 0x0e, 0x72,
	0x40, 0x0b, 0x73, 0x80, 0x0a, 0x0f, 0x1d, 0x44, 0x75, 0x30, 0x83, 0x52, 0x0b, 0x76, 0x50, 0x06,
	0xa9, 0x20, 0x0a, 0x77, 0xf0, 0xe0, 0x41, 0x94, 0x07, 0x33, 0x28, 0xb6, 0x60, 0x07, 0x65, 0x20,
	0x0a, 0xa2, 0x70, 0x07, 0x0f, 0x1e, 0x44, 0x7a, 0x30, 0x83, 0x42, 0x0a, 0x76, 0x50, 0x06, 0xa0,
	0x20, 0x0a, 0x77, 0xf0, 0xe0, 0x41, 0xb4, 0x07, 0x33, 0x24, 0xa7, 0xc0, 0x07, 0x65, 0x90, 0x0a,
	0xa2, 0xf0, 0xf4, 0x41, 0xe4, 0x07, 0x33, 0x24, 0xe9, 0xa0, 0x0e, 0xeb, 0xc0, 0x0e, 0xee, 0xf0,
	0x0e, 0xf0, 0x10, 0x0f, 0xf2, 0x30, 0xc3, 0xa0, 0x0a, 0xe8, 0x30, 0x0f, 0x33, 0x04, 0x7f, 0x50,
	0x76, 0x00, 0x88, 0x01, 0x1a, 0x88, 0x81, 0x18, 0x88, 0x81, 0x18, 0x88, 0x81, 0x18, 0x88, 0x81,
	0x18, 0x70, 0x62, 0x20, 0x06, 0x62, 0x20, 0x06, 0x62, 0x20, 0x06, 0x62, 0x20, 0x06, 0x62, 0x20,
	0x06, 0x62, 0x20, 0x06, 0x68, 0xe0, 0x06, 0x6e, 0xe0, 0x06, 0x6e, 0xe0, 0x06, 0x6e, 0xe0, 0x06,
	0x6e, 0x60, 0xd1, 0x81, 0x1e, 0x58, 0x96, 0x65, 0x0a, 0xa6, 0x80, 0x06, 0xac, 0xc0, 0x0a, 0xac,
	0xe0, 0x0b, 0xe2, 0x44, 0x1a, 0xfc, 0xc0, 0x0f, 0xfc, 0x00, 0x0f, 0xfc, 0x40, 0x07, 0x32, 0x12,
	0x98, 0xa0, 0x8b, 0xd8, 0xd8, 0xec, 0xda, 0x5c, 0xda, 0xde, 0xc8, 0xea, 0xd8, 0xca, 0x5c, 0xcc,
	0xd8, 0xc2, 0xce, 0xe6, 0x46, 0x41, 0x6e, 0x01, 0x17, 0x72, 0x41, 0x17, 0x76, 0x81, 0x17, 0x7a,
	0xc1, 0x17, 0x4e, 0x61, 0x63, 0xb3, 0x6b, 0x73, 0x49, 0x23, 0x2b, 0x73, 0xa3, 0x1b, 0x25, 0xf8,
	0x85, 0x5b, 0xc2, 0xd2, 0xe4, 0x5c, 0xec, 0xca, 0xe4, 0xe6, 0xd2, 0xde, 0xdc, 0x46, 0x09, 0xc0,
	0xe1, 0xa8, 0xb0, 0x34, 0x39, 0x17, 0xb6, 0x30, 0xb7, 0xb3, 0xba, 0xb0, 0xb3, 0xb2, 0x2f, 0xbb,
	0x32, 0xb9, 0xb9, 0xb4, 0x37, 0xb7, 0x51, 0x82, 0x70, 0xb8, 0x29, 0x2c, 0x4d, 0xce, 0x65, 0xec,
	0xad, 0x0d, 0x2e, 0x8d, 0xad, 0xec, 0xeb, 0x0d, 0x8e, 0x2e, 0xed, 0xcd, 0x6d, 0x6e, 0x94, 0x41,
	0x1c, 0xc6, 0x81, 0x1c, 0x8e, 0x09, 0x4b, 0x93, 0x73, 0x31, 0x93, 0x0b, 0x3b, 0x6b, 0x2b, 0x73,
	0xa3, 0x1b, 0x25, 0x98, 0x07, 0x00, 0x00, 0x00, 0xa9, 0x18, 0x00, 0x00, 0x25, 0x00, 0x00, 0x00,
	0x0b, 0x0a, 0x72, 0x28, 0x87, 0x77, 0x80, 0x07, 0x7a, 0x58, 0x70, 0x98, 0x43, 0x3d, 0xb8, 0xc3,
	0x38, 0xb0, 0x43, 0x39, 0xd0, 0xc3, 0x82, 0xe6, 0x1c, 0xc6, 0xa1, 0x0d, 0xe8, 0x41, 0x1e, 0xc2,
	0xc1, 0x1d, 0xe6, 0x21, 0x1d, 0xe8, 0x21, 0x1d, 0xde, 0xc1, 0x1d, 0x16, 0x34, 0xe3, 0x60, 0x0e,
	0xe7, 0x50, 0x0f, 0xe1, 0x20, 0x0f, 0xe4, 0x40, 0x0f, 0xe1, 0x20, 0x0f, 0xe7, 0x50, 0x0e, 0xf4,
	0xb0, 0x80, 0x81, 0x07, 0x79, 0x28, 0x87, 0x70, 0x60, 0x07, 0x76, 0x78, 0x87, 0x71, 0x08, 0x07,
	0x7a, 0x28, 0x07, 0x72, 0x58, 0x70, 0x9c, 0xc3, 0x38, 0xb4, 0x01, 0x3b, 0xa4, 0x83, 0x3d, 0x94,
	0xc3, 0x02, 0x6b, 0x1c, 0xd8, 0x21, 0x1c, 0xdc, 0xe1, 0x1c, 0xdc, 0x20, 0x1c, 0xe4, 0x61, 0x1c,
	0xdc, 0x20, 0x1c, 0xe8, 0x81, 0x1e, 0xc2, 0x61, 0x1c, 0xd0, 0xa1, 0x1c, 0xc8, 0x61, 0x1c, 0xc2,
	0x81, 0x1d, 0xd8, 0x61, 0xc1, 0x01, 0x0f, 0xf4, 0x20, 0x0f, 0xe1, 0x50, 0x0f, 0xf4, 0x80, 0x0e,
	0x00, 0x00, 0x00, 0x00, 0xd1, 0x10, 0x00, 0x00, 0x06, 0x00, 0x00, 0x00, 0x07, 0xcc, 0x3c, 0xa4,
	0x83, 0x3b, 0x9c, 0x03, 0x3b, 0x94, 0x03, 0x3d, 0xa0, 0x83, 0x3c, 0x94, 0x43, 0x38, 0x90, 0xc3,
	0x01, 0x00, 0x00, 0x00, 0x61, 0x20, 0x00, 0x00, 0x60, 0x02, 0x00, 0x00, 0x13, 0x04, 0x58, 0x2c,
	0x10, 0x00, 0x00, 0x00, 0x3b, 0x00, 0x00, 0x00, 0x44, 0x98, 0x01, 0x28, 0x89, 0xa2, 0xa0, 0xcf,
	0x08, 0x40, 0x0d, 0x90, 0x6a, 0x04, 0x60, 0x2c, 0x61, 0x00, 0xc6, 0x12, 0x84, 0x61, 0x2c, 0x21,
	0x10, 0xc6, 0x12, 0x80, 0x80, 0x76, 0x65, 0x50, 0x04, 0x25, 0x40, 0xbf, 0x11, 0x80, 0x39, 0x08,
	0x36, 0x28, 0x03, 0x32, 0x70, 0x85, 0xb1, 0x08, 0x20, 0x10, 0x8e, 0xb1, 0x88, 0x61, 0x18, 0x86,
	0xb1, 0x08, 0x20, 0x10, 0x86, 0x39, 0x08, 0x36, 0x60, 0x03, 0x36, 0x70, 0x05, 0x02, 0x8e, 0x35,
	0x00, 0x81, 0x30, 0xd6, 0x30, 0x0c, 0xc3, 0x08, 0xc0, 0x58, 0x43, 0x10, 0x04, 0x63, 0x0d, 0x82,
	0x20, 0x10, 0x60, 0x04, 0x60, 0x8c, 0x00, 0x04, 0x41, 0x10, 0xff, 0xc6, 0x08, 0x40, 0x10, 0x04,
	0xe1, 0x6f, 0x8c, 0x00, 0x04, 0x41, 0x10, 0x05, 0x83, 0x31, 0x02, 0x10, 0x04, 0x41, 0x12, 0x0c,
	0xc6, 0x08, 0x40, 0x10, 0x04, 0xf9, 0x6f, 0x8c, 0x00, 0x04, 0x41, 0x50, 0x04, 0x83, 0x31, 0x02,
	0x10, 0x04, 0x41, 0x13, 0x0c, 0xc6, 0x08, 0x40, 0x10, 0x04, 0x53, 0x30, 0x18, 0x23, 0x58, 0x6b,
	0xb5, 0x56, 0x3f, 0x0a, 0xcc, 0x00, 0xcc, 0x00, 0x8c, 0x00, 0x90, 0x60, 0x06, 0x80, 0x46, 0x33,
	0x00, 0x23, 0x00, 0x63, 0x0d, 0x3a, 0x6b, 0xce, 0xe9, 0xd7, 0xc7, 0xa2, 0x1b, 0x7f, 0x6e, 0x1f,
	0x8b, 0xbe, 0x37, 0xd6, 0x00, 0x82, 0x20, 0x88, 0x7f, 0x20, 0x08, 0x82, 0xf8, 0x07, 0x82, 0x20,
	0x88, 0x7f, 0x63, 0x0d, 0x20, 0x08, 0x82, 0xe8, 0x07, 0x82, 0x20, 0x08, 0x7f, 0x20, 0x08, 0x82,
	0xe8, 0x37, 0xd6, 0x00, 0xfb, 0xec, 0x5c, 0x7e, 0xb9, 0x5e, 0xba, 0xf3, 0x87, 0xb3, 0xf7, 0x99,
	0x7b, 0x00, 0x00, 0x00, 0xf1, 0x30, 0x00, 0x00, 0x8d, 0x00, 0x00, 0x00, 0x22, 0x47, 0xc8, 0x90,
	0x51, 0x1a, 0x08, 0x48, 0x00, 0x00, 0x00, 0x00, 0xcf, 0x43, 0x59, 0x18, 0x06, 0x00, 0x00, 0x00,
	0x6f, 0x6d, 0x6e, 0x69, 0x70, 0x6f, 0x74, 0x65, 0x6e, 0x74, 0x20, 0x63, 0x68, 0x61, 0x72, 0x53,
	0x69, 0x6d, 0x70, 0x6c, 0x65, 0x20, 0x43, 0x2b, 0x2b, 0x20, 0x54, 0x42, 0x41, 0x41, 0x61, 0x69,
	0x72, 0x2d, 0x61, 0x6c, 0x69, 0x61, 0x73, 0x2d, 0x73, 0x63, 0x6f, 0x70, 0x65, 0x73, 0x28, 0x70,
	0x73, 0x29, 0x61, 0x69, 0x72, 0x2d, 0x61, 0x6c, 0x69, 0x61, 0x73, 0x2d, 0x73, 0x63, 0x6f, 0x70,
	0x65, 0x2d, 0x61, 0x72, 0x67, 0x28, 0x34, 0x29, 0x61, 0x69, 0x72, 0x2d, 0x61, 0x6c, 0x69, 0x61,
	0x73, 0x2d, 0x73, 0x63, 0x6f, 0x70, 0x65, 0x2d, 0x73, 0x61, 0x6d, 0x70, 0x6c, 0x65, 0x72, 0x73,
	0x61, 0x69, 0x72, 0x2d, 0x61, 0x6c, 0x69, 0x61, 0x73, 0x2d, 0x73, 0x63, 0x6f, 0x70, 0x65, 0x2d,
	0x74, 0x65, 0x78, 0x74, 0x75, 0x72, 0x65, 0x73, 0x13, 0x84, 0x3d, 0xc8, 0x83, 0x09, 0xc2, 0x1e,
	0xe8, 0xc1, 0x04, 0x61, 0x0f, 0xf6, 0x60, 0x82, 0xb0, 0x07, 0x7c, 0x30, 0x41, 0xd8, 0x83, 0x3e,
	0x98, 0x20, 0xec, 0x81, 0x1f, 0x4c, 0x10, 0xf6, 0xe0, 0x0f, 0x26, 0x08, 0x7b, 0x00, 0x0a, 0x13,
	0x84, 0x3d, 0x08, 0x85, 0x09, 0xc2, 0x1e, 0x88, 0xc2, 0x04, 0x61, 0x0f, 0x46, 0x61, 0x85, 0x70,
	0x12, 0xf8, 0xb0, 0x62, 0x40, 0x89, 0x93, 0xc8, 0x87, 0x15, 0x43, 0x4a, 0x9c, 0x84, 0x3e, 0xac,
	0x18, 0x54, 0xe2, 0x24, 0xf6, 0x61, 0x43, 0x70, 0x0f, 0x1b, 0x06, 0x7b, 0x58, 0x09, 0x7e, 0xd8,
	0x30, 0xb0, 0x04, 0x4b, 0xf0, 0xc3, 0x86, 0x30, 0xe0, 0x87, 0x7e, 0x68, 0x89, 0x7e, 0xe8, 0x87,
	0x96, 0xf0, 0x87, 0x7e, 0x68, 0x89, 0x7f, 0xe8, 0x87, 0x96, 0x00, 0x89, 0x7e, 0x68, 0x89, 0x90,
	0xe8, 0x87, 0x96, 0x10, 0x89, 0x7e, 0x68, 0x89, 0x91, 0xe8, 0x87, 0x96, 0x20, 0x89, 0x7e, 0x68,
	0x89, 0x92, 0xe8, 0x87, 0x96, 0x30, 0x89, 0x7e, 0x68, 0x89, 0x0d, 0x01, 0x4a, 0x6c, 0x10, 0x54,
	0x22, 0x25, 0x36, 0x78, 0xfc, 0xd0, 0x0f, 0x2d, 0xd1, 0x0f, 0xfd, 0xd0, 0x12, 0xfe, 0xd0, 0x0f,
	0x2d, 0xf1, 0x0f, 0xfd, 0xd0, 0x12, 0x20, 0xd1, 0x0f, 0x2d, 0x11, 0x12, 0xfd, 0xd0, 0x12, 0x22,
	0xd1, 0x0f, 0x2d, 0x31, 0x12, 0xfd, 0xd0, 0x12, 0x24, 0xd1, 0x0f, 0x2d, 0x51, 0x12, 0xfd, 0xd0,
	0x12, 0x1b, 0x36, 0x7e, 0xe8, 0x87, 0x96, 0xe8, 0x87, 0x7e, 0x68, 0x09, 0x7f, 0xe8, 0x87, 0x96,
	0xf8, 0x87, 0x7e, 0x68, 0x09, 0x90, 0xe8, 0x87, 0x96, 0x08, 0x89, 0x7e, 0x68, 0x09, 0x91, 0xe8,
	0x87, 0x96, 0x18, 0x89, 0x7e, 0x68, 0x09, 0x92, 0xe8, 0x87, 0x96, 0xd8, 0x80, 0xf1, 0x43, 0x3f,
	0xb4, 0x44, 0x3f, 0xf4, 0x43, 0x4b, 0xf8, 0x43, 0x3f, 0xb4, 0xc4, 0x3f, 0xf4, 0x43, 0x4b, 0x80,
	0x44, 0x3f, 0xb4, 0x44, 0x48, 0xf4, 0x43, 0x4b, 0x88, 0x44, 0x3f, 0xb4, 0xc4, 0x48, 0xf4, 0x43,
	0x4b, 0x6c, 0xa8, 0xf8, 0xa1, 0x1f, 0x5a, 0xa2, 0x1f, 0xfa, 0xa1, 0x25, 0xfc, 0xa1, 0x1f, 0x5a,
	0xe2, 0x1f, 0xfa, 0xa1, 0x25, 0x40, 0xa2, 0x1f, 0x5a, 0x22, 0x24, 0xfa, 0xa1, 0x25, 0x44, 0xa2,
	0x1f, 0x5a, 0x62, 0x83, 0xc4, 0x0f, 0xfd, 0xd0, 0x12, 0xfd, 0xd0, 0x0f, 0x2d, 0xe1, 0x0f, 0xfd,
	0xd0, 0x12, 0xff, 0xd0, 0x0f, 0x2d, 0x01, 0x12, 0xfd, 0xd0, 0x12, 0x21, 0xd1, 0x0f, 0x2d, 0xb1,
	0xe1, 0xe1, 0x87, 0x7e, 0x68, 0x89, 0x7e, 0xe8, 0x87, 0x96, 0xf0, 0x87, 0x7e, 0x68, 0x89, 0x7f,
	0xe8, 0x87, 0x96, 0x00, 0x89, 0x7e, 0x68, 0x89, 0x0d, 0x0c, 0x3f, 0xf4, 0x43, 0x4b, 0xf4, 0x43,
	0x3f, 0xb4, 0x84, 0x3f, 0xf4, 0x43, 0x4b, 0xfc, 0x43, 0x3f, 0xb4, 0xc4, 0x86, 0x84, 0x1f, 0xfa,
	0xa1, 0x25, 0xfa, 0xa1, 0x1f, 0x5a, 0xc2, 0x1f, 0xfa, 0xa1, 0x25, 0x36, 0x18, 0xfc, 0xd0, 0x0f,
	0x2d, 0xd1, 0x0f, 0xfd, 0xd0, 0x12, 0x1b, 0x06, 0x7e, 0xe8, 0x87, 0x96, 0x00, 0x00, 0x00, 0x00,
	0x27, 0x07, 0xbb, 0xd8, 0x85, 0x41, 0x0e, 0x82, 0x57, 0xa0, 0x20, 0x50, 0x76, 0x61, 0xa0, 0x83,
	0x01, 0x17, 0x28, 0x08, 0x94, 0x5d, 0x18, 0xec, 0xa0, 0xd8, 0x05, 0x0a, 0x02, 0x65, 0x17, 0x06,
	0x3c, 0x38, 0x68, 0x81, 0x82, 0x40, 0xd9, 0x85, 0x41, 0x0f, 0x92, 0x5e, 0xa0, 0x20, 0x50, 0x76,
	0x61, 0xe0, 0x83, 0xc5, 0x15, 0x28, 0x08, 0x94, 0x5d, 0x18, 0xfc, 0xa0, 0x79, 0x05, 0x0a, 0x02,
	0x65, 0x17, 0x06, 0x50, 0x78, 0xc4, 0x81, 0x82, 0x40, 0xd9, 0x85, 0x41, 0x14, 0xa2, 0x70, 0xa0,
	0x20, 0x50, 0x76, 0x61, 0x20, 0x85, 0xc9, 0x0f, 0x28, 0x08, 0x94, 0x5d, 0x18, 0x4c, 0xa1, 0xfa,
	0x03, 0x0a, 0x02, 0x65, 0x0c, 0x21, 0xc0, 0x85, 0xe1, 0x88, 0x40, 0x0d, 0x08, 0xff, 0x98, 0x65,
	0x08, 0x8e, 0x60, 0xc4, 0x00, 0x41, 0x62, 0x10, 0x2c, 0xfc, 0xa3, 0x91, 0x89, 0x56, 0xb8, 0xaa,
	0x31, 0x04, 0x62, 0x0f, 0x46, 0x0c, 0x16, 0x24, 0x06, 0xc1, 0xc2, 0x3f, 0xda, 0x20, 0x24, 0x5e,
	0x21, 0xc8, 0xa6, 0xa8, 0x99, 0x63, 0x30, 0x83, 0xa1, 0x17, 0x06, 0x19, 0x82, 0x33, 0xe0, 0x03,
	0x0b, 0x06, 0xf1, 0x1f, 0x8e, 0x78, 0xce, 0x40, 0xf0, 0x8f, 0x11, 0x83, 0x22, 0x09, 0x41, 0x30,
	0x08, 0x03, 0x95, 0x08, 0x66, 0x19, 0x04, 0x2b, 0x18, 0x64, 0x88, 0xd6, 0xe0, 0x14, 0x06, 0x19,
	0xc0, 0x80, 0x0d, 0x4e, 0x61, 0x90, 0x61, 0x6a, 0x83, 0x53, 0xb0, 0x21, 0x00, 0x7f, 0x1b, 0x82,
	0xf0, 0x1f, 0x43, 0x08, 0xce, 0x61, 0x38, 0x22, 0xd8, 0x03, 0xc1, 0x3f, 0xc6, 0x10, 0x06, 0x54,
	0x18, 0x8e, 0x08, 0xfa, 0x40, 0xf0, 0x8f, 0xe9, 0x86, 0x60, 0x16, 0x86, 0x59, 0x86, 0x81, 0x08,
	0x06, 0x19, 0xd2, 0xa0, 0x0e, 0x5c, 0xc1, 0x96, 0x00, 0xfc, 0x07, 0x19, 0x02, 0x04, 0x15, 0x46,
	0x0c, 0x10, 0x24, 0x06, 0xc1, 0xc2, 0x3f, 0x9a, 0xb3, 0x10, 0x87, 0x00, 0x0d, 0x66, 0x09, 0x88,
	0x81, 0x0a, 0x40, 0x18, 0x4c, 0x42, 0xb0, 0x2b, 0x08, 0xff, 0x11, 0x03, 0x23, 0x09, 0x41, 0xb0,
	0xf0, 0x8f, 0xc9, 0x2c, 0x82, 0x31, 0x04, 0x4e, 0x16, 0x86, 0x23, 0x82, 0x52, 0x10, 0xfc, 0x63,
	0x96, 0xa1, 0x30, 0x82, 0x11, 0x03, 0x04, 0x89, 0x41, 0xb0, 0xf0, 0x8f, 0x66, 0x25, 0xd0, 0x41,
	0x0e, 0xc8, 0xc0, 0x02, 0x42, 0xfc, 0x67, 0x09, 0x8c, 0x81, 0x0a, 0x40, 0x28, 0x14, 0x62, 0x90,
	0x61, 0x0d, 0x42, 0x01, 0x16, 0x06, 0x19, 0xd8, 0x20, 0x14, 0x60, 0xc1, 0x84, 0x40, 0xfc, 0x07,
	0x19, 0x02, 0x50, 0xc0, 0x85, 0x41, 0x86, 0xe0, 0x0d, 0x70, 0x61, 0x8e, 0xc1, 0x14, 0x8c, 0x7e,
	0x18, 0x64, 0x08, 0x4e, 0x81, 0x17, 0x2c, 0x18, 0xc4, 0x7f, 0x0c, 0x21, 0x08, 0x07, 0x9b, 0x85,
	0x20, 0xfc, 0xe7, 0x18, 0x56, 0x21, 0x10, 0x89, 0x41, 0x86, 0x80, 0x15, 0xc2, 0xc1, 0x82, 0x32,
	0x10, 0x7f, 0x0b, 0x0c, 0xf0, 0x9f, 0x25, 0xb0, 0x86, 0x23, 0xdc, 0x80, 0x16, 0x08, 0xff, 0x98,
	0x65, 0x40, 0x9c, 0x60, 0x0c, 0x01, 0x0e, 0xce, 0x61, 0x38, 0x22, 0xd8, 0x05, 0xc1, 0x3f, 0x66,
	0x19, 0x12, 0x25, 0x18, 0x31, 0x48, 0x94, 0x18, 0x04, 0x0b, 0xff, 0xa8, 0x03, 0xb3, 0xe0, 0x07,
	0x53, 0x10, 0x48, 0x61, 0x96, 0x60, 0x19, 0x31, 0x40, 0x90, 0x18, 0x04, 0x0b, 0xff, 0x68, 0x44,
	0xa3, 0x1f, 0x4e, 0xa1, 0x14, 0x66, 0x09, 0x96, 0x81, 0x0a, 0x80, 0x48, 0x04, 0x65, 0x0c, 0x61,
	0x0f, 0xd8, 0x61, 0x38, 0x22, 0x00, 0x07, 0xc1, 0x3f, 0xc6, 0x10, 0xfa, 0xe0, 0x1d, 0x86, 0x23,
	0x02, 0x71, 0x10, 0xfc, 0x63, 0xba, 0x21, 0xc0, 0x87, 0x61, 0x96, 0x81, 0x69, 0x82, 0x11, 0x03,
	0x04, 0x89, 0x41, 0xb0, 0xf0, 0x8f, 0x26, 0x35, 0x48, 0x02, 0x14, 0x54, 0xc1, 0xc8, 0x21, 0x08,
	0x7f, 0x0b, 0x10, 0xf1, 0x9f, 0x25, 0x68, 0x06, 0x2a, 0x00, 0x81, 0x91, 0x96, 0x41, 0x06, 0x56,
	0xf0, 0x85, 0x76, 0x18, 0x64, 0x68, 0x05, 0x5f, 0x68, 0x07, 0x13, 0x02, 0xf1, 0x1f, 0x64, 0x08,
	0x7a, 0xa1, 0x1e, 0x06, 0x19, 0x02, 0x58, 0xa8, 0x87, 0x39, 0x86, 0x71, 0x30, 0x74, 0x62, 0x90,
	0x21, 0x20, 0x87, 0x7c, 0xb0, 0x60, 0x10, 0xff, 0x59, 0x02, 0x6b, 0x38, 0xa2, 0x14, 0xd4, 0x81,
	0xf0, 0x8f, 0x59, 0x86, 0x07, 0x0a, 0xc6, 0x10, 0x4e, 0xc1, 0x1f, 0x46, 0x0c, 0x16, 0x24, 0x06,
	0xc1, 0xc2, 0x3f, 0xda, 0x80, 0x34, 0x64, 0x22, 0xe0, 0x05, 0x5b, 0xa0, 0x05, 0x58, 0x18, 0x31,
	0x68, 0x96, 0x10, 0x04, 0x83, 0x35, 0x30, 0x8d, 0x97, 0x60, 0x09, 0x99, 0x38, 0x09, 0x93, 0x40,
	0x89, 0x79, 0x98, 0x87, 0xb6, 0x18, 0x4d, 0x08, 0x80, 0x31, 0x84, 0x40, 0x2c, 0xc6, 0x10, 0x08,
	0x92, 0x18, 0x8e, 0x08, 0xee, 0x41, 0xf0, 0x8f, 0x41, 0x06, 0xc3, 0x1d, 0xfa, 0x61, 0x90, 0xe1,
	0x70, 0x87, 0x7e, 0x30, 0x21, 0x20, 0xff, 0xe9, 0x88, 0x80, 0x1d, 0x08, 0xff, 0x18, 0x43, 0x10,
	0x87, 0xb4, 0x18, 0x43, 0x18, 0x87, 0x94, 0x18, 0x31, 0x38, 0x92, 0x10, 0x04, 0x0b, 0xff, 0x30,
	0x03, 0xd9, 0x18, 0xdc, 0xc1, 0x02, 0x7e, 0x10, 0x7f, 0xe3, 0x87, 0x20, 0xfc, 0x47, 0x0c, 0x8c,
	0x24, 0x04, 0xc1, 0xc2, 0x3f, 0x26, 0xf1, 0x08, 0x2c, 0x30, 0xc4, 0xdf, 0x02, 0x03, 0xfc, 0x2d,
	0x18, 0x09, 0xf0, 0xb7, 0x00, 0x12, 0x7f, 0x1b, 0x22, 0xf1, 0xb7, 0xc0, 0x24, 0xc0, 0xdf, 0x86,
	0x80, 0xfc, 0x47, 0x0c, 0x8e, 0x24, 0x04, 0xc1, 0xc2, 0x3f, 0xcc, 0xa0, 0x37, 0x9c, 0x7b, 0xb0,
	0x94, 0x10, 0xc2, 0xdf, 0x82, 0x41, 0xfc, 0xc7, 0x10, 0xe8, 0x21, 0x2f, 0x8c, 0x08, 0xc4, 0x7f,
	0x0c, 0xc1, 0x1e, 0x74, 0xc2, 0x84, 0x00, 0xfc, 0x0d, 0x09, 0xc4, 0x7f, 0x0c, 0x21, 0x1f, 0x7c,
	0xc2, 0x92, 0x40, 0xfc, 0xc7, 0x10, 0xf6, 0x21, 0x2c, 0x4c, 0x08, 0xc0, 0xdf, 0x82, 0x02, 0xfc,
	0x6d, 0x09, 0xc4, 0xdf, 0x82, 0x07, 0xfc, 0x47, 0x0c, 0x8c, 0x24, 0x04, 0xc1, 0xc2, 0x3f, 0xa6,
	0xfc, 0x08, 0xe6, 0x18, 0x5e, 0x22, 0x30, 0x8d, 0x41, 0x86, 0x00, 0x26, 0xca, 0xc2, 0x82, 0x34,
	0x10, 0xff, 0x59, 0x02, 0x6b, 0x38, 0x22, 0x1e, 0x6a, 0x82, 0xf0, 0x8f, 0x59, 0x86, 0x48, 0x0a,
	0x46, 0x0c, 0x9a, 0x25, 0x04, 0xc1, 0x60, 0x0d, 0xe0, 0x03, 0x2f, 0xec, 0x82, 0x2f, 0xe2, 0x02,
	0x2e, 0xe4, 0xa2, 0x27, 0x7a, 0xe2, 0x36, 0x46, 0x13, 0x02, 0x60, 0x90, 0x61, 0x24, 0x68, 0xe2,
	0x2c, 0x4c, 0x08, 0xc4, 0x7f, 0x96, 0xc0, 0x1a, 0x8e, 0xb0, 0x87, 0x9c, 0x20, 0xfc, 0x63, 0x96,
	0x61, 0xaa, 0x82, 0x11, 0x83, 0x66, 0x09, 0x41, 0x30, 0x58, 0x83, 0xfa, 0xe0, 0x8b, 0xbd, 0x08,
	0x0d, 0xbb, 0xa8, 0x8b, 0xbb, 0x10, 0x0b, 0xb1, 0xe0, 0x8d, 0xd1, 0x84, 0x00, 0x18, 0x31, 0x40,
	0x90, 0x18, 0x04, 0x0b, 0xff, 0x68, 0x52, 0x84, 0x34, 0x5c, 0x82, 0x25, 0xe6, 0x18, 0x76, 0x22,
	0x90, 0x8d, 0x41, 0x86, 0x80, 0x27, 0xe2, 0xc2, 0x02, 0x42, 0xfc, 0xc7, 0x10, 0xfc, 0x81, 0x2e,
	0x86, 0x23, 0x82, 0xb3, 0x10, 0xfc, 0x63, 0x96, 0x81, 0xb2, 0x82, 0x41, 0x86, 0x01, 0x2c, 0xde,
	0x62, 0xc4, 0xe0, 0x48, 0x42, 0x10, 0x2c, 0xfc, 0xc3, 0x0c, 0xfe, 0x23, 0xc0, 0x89, 0x39, 0x06,
	0x9f, 0x08, 0x72, 0x63, 0x90, 0x21, 0xf8, 0x89, 0xb9, 0x18, 0x64, 0x08, 0x8e, 0xbb, 0x98, 0x25,
	0xb0, 0xc6, 0x10, 0x4a, 0x82, 0x2f, 0x46, 0x0c, 0x16, 0x24, 0x06, 0xc1, 0xc2, 0x3f, 0xda, 0x40,
	0x44, 0x60, 0x23, 0xd0, 0x09, 0x9a, 0x90, 0x09, 0x97, 0x18, 0x43, 0x08, 0xfe, 0x62, 0x38, 0x22,
	0x90, 0x0b, 0xc1, 0x3f, 0x06, 0x19, 0x86, 0xb4, 0xc0, 0x8b, 0x41, 0x06, 0x22, 0x2d, 0xf0, 0xc2,
	0x84, 0x80, 0xfc, 0xa7, 0x23, 0x82, 0xb3, 0x20, 0xfc, 0x63, 0xc4, 0xa0, 0x59, 0x42, 0x10, 0x0c,
	0xd6, 0x40, 0x45, 0x64, 0x03, 0x36, 0x6c, 0x63, 0x35, 0x54, 0x83, 0x35, 0xee, 0xe2, 0x2e, 0xe2,
	0x63, 0x34, 0x21, 0x00, 0x06, 0x19, 0x82, 0xb7, 0xf0, 0x8b, 0x31, 0x04, 0xb0, 0x38, 0x8f, 0x31,
	0x84, 0xb0, 0x38, 0x8d, 0x11, 0x83, 0x23, 0x09, 0x41, 0xb0, 0xf0, 0x0f, 0x33, 0x80, 0x11, 0x83,
	0x2d, 0x2c, 0xd0, 0x0b, 0xf1, 0x37, 0xbd, 0x08, 0xc2, 0x7f, 0xc4, 0xc0, 0x48, 0x42, 0x10, 0x2c,
	0xfc, 0x63, 0x02, 0x93, 0xc0, 0x02, 0x43, 0xfc, 0x2d, 0x30, 0xc0, 0xdf, 0x82, 0xd0, 0x00, 0xff,
	0x39, 0x86, 0xba, 0x08, 0xe0, 0x63, 0x90, 0x21, 0xb0, 0x8b, 0xd3, 0xb0, 0x80, 0x11, 0xff, 0x39,
	0x06, 0xbc, 0x28, 0xe6, 0x63, 0x90, 0x21, 0xc8, 0x0b, 0xd5, 0xb0, 0xe0, 0x11, 0x7f, 0x0b, 0xf0,
	0x02, 0xfc, 0xad, 0x08, 0xc8, 0xdf, 0xf4, 0x22, 0x08, 0x7f, 0x0b, 0x04, 0xf1, 0x1f, 0x64, 0xa8,
	0x0b, 0xd1, 0x80, 0x0d, 0xc3, 0x02, 0xf1, 0x1f, 0x64, 0xb8, 0x0b, 0xd2, 0x88, 0x0d, 0x13, 0x02,
	0xf0, 0xb7, 0x23, 0x10, 0xff, 0x41, 0x06, 0xbd, 0x38, 0x8d, 0xd9, 0xb0, 0x2e, 0x10, 0xff, 0x41,
	0x06, 0xbe, 0x48, 0x0d, 0xdc, 0x30, 0x21, 0x00, 0x7f, 0x0b, 0x0a, 0xf0, 0xb7, 0x25, 0x10, 0x7f,
	0x0b, 0x1c, 0xf0, 0x1f, 0x31, 0x30, 0x92, 0x10, 0x04, 0x0b, 0xff, 0x20, 0x03, 0x37, 0x09, 0x46,
	0x0c, 0x10, 0x24, 0x06, 0xc1, 0xc2, 0x3f, 0x9a, 0x3f, 0xd1, 0x0f, 0xba, 0x90, 0x8b, 0x39, 0x86,
	0xd6, 0x08, 0x50, 0x64, 0x90, 0x21, 0x70, 0x8d, 0xdf, 0xb0, 0x36, 0x98, 0x0b, 0xf1, 0x1f, 0x64,
	0x08, 0x68, 0x43, 0x3c, 0x2c, 0x30, 0xc4, 0xdf, 0x02, 0x42, 0xfc, 0xc7, 0x10, 0x02, 0x17, 0x19,
	0x43, 0x10, 0xdc, 0xc3, 0x84, 0x00, 0xfc, 0xc7, 0x10, 0x88, 0xf8, 0x30, 0x21, 0x00, 0x7f, 0x0b,
	0x7a, 0x43, 0xfc, 0xed, 0x88, 0x03, 0xf1, 0x1f, 0x64, 0x08, 0x74, 0x43, 0x3e, 0xe6, 0x18, 0x82,
	0xe1, 0x3e, 0x06, 0x19, 0x14, 0xde, 0xa0, 0x8f, 0x39, 0x86, 0xa0, 0xc8, 0x8f, 0x59, 0x82, 0x6b,
	0xa0, 0x27, 0xd0, 0x8f, 0x46, 0x2c, 0x1e, 0x9c, 0x88, 0xf8, 0x81, 0x52, 0x89, 0x09, 0x4d, 0x0c,
	0x7a, 0x09, 0x46, 0x0c, 0x10, 0x24, 0x06, 0xc1, 0xc2, 0x3f, 0x1a, 0x59, 0x69, 0x91, 0xd3, 0x28,
	0x8d, 0x31, 0x04, 0xd2, 0xe0, 0x0f, 0x13, 0x02, 0xf1, 0x9f, 0x63, 0x30, 0x8f, 0xa0, 0x47, 0x06,
	0x19, 0x82, 0xf3, 0xe0, 0x0f, 0x0b, 0x0c, 0xf1, 0x1f, 0x64, 0x08, 0xd2, 0x63, 0x3f, 0x66, 0x09,
	0xae, 0x81, 0x8a, 0x80, 0xb0, 0xac, 0x6a, 0xa0, 0x22, 0x20, 0x2c, 0xaa, 0x9a, 0x6d, 0x48, 0x0f,
	0x01, 0x98, 0x6d, 0x08, 0x84, 0x20, 0x83, 0x80, 0x18, 0x00, 0x00, 0x00, 0x22, 0x00, 0x00, 0x00,
	0x5b, 0x0e, 0xa1, 0x68, 0x89, 0xc3, 0x25, 0x90, 0x97, 0xd8, 0x72, 0x10, 0x05, 0x4c, 0x1c, 0x2e,
	0x81, 0xbc, 0xc4, 0x96, 0xc3, 0x28, 0x62, 0xe2, 0x70, 0x09, 0xe4, 0x25, 0xb6, 0x1c, 0x48, 0x21,
	0x13, 0x87, 0x4b, 0x20, 0x2f, 0xb1, 0xe5, 0x50, 0x8a, 0x99, 0x38, 0x5c, 0x02, 0x79, 0x89, 0x2d,
	0x07, 0x53, 0xd0, 0xc4, 0xe1, 0x12, 0xc8, 0x4b, 0x6c, 0x39, 0x9c, 0xa2, 0x26, 0x0e, 0x97, 0x40,
	0x5e, 0x62, 0xcb, 0x01, 0x15, 0x36, 0x71, 0xb8, 0x04, 0xf2, 0x12, 0x5b, 0x0e, 0xa9, 0xb8, 0x89,
	0xc3, 0x25, 0x90, 0x97, 0xd8, 0x72, 0x50, 0x05, 0x4e, 0x1c, 0x2e, 0x81, 0xbc, 0xc4, 0x96, 0xc3,
	0x2a, 0x72, 0xe2, 0x70, 0x09, 0xe4, 0x25, 0xb6, 0x14, 0xee, 0x70, 0xbc, 0x04, 0xe2, 0x12, 0x5b,
	0x0a, 0x9d, 0x38, 0x5e, 0x02, 0x71, 0x89, 0x2d, 0x45, 0x58, 0x1c, 0x2f, 0x81, 0xb8, 0xc4, 0x96,
	0x02, 0x2f, 0x8e, 0x97, 0x40, 0x5c, 0x02, 0x00, 0x00, 0x00, 0x00, 0x00, 0x61, 0x20, 0x00, 0x00,
	0x08, 0x01, 0x00, 0x00, 0x13, 0x04, 0x55, 0x2c, 0x10, 0x00, 0x00, 0x00, 0x30, 0x00, 0x00, 0x00,
	0x44, 0x98, 0x01, 0xa0, 0xcf, 0x08, 0x00, 0xa9, 0xc6, 0x12, 0x80, 0x60, 0x2c, 0x41, 0x18, 0x46,
	0x00, 0x68, 0x57, 0x02, 0x45, 0x50, 0x06, 0xf4, 0x9b, 0x83, 0x60, 0x83, 0x32, 0x40, 0x05, 0x54,
	0x98, 0x83, 0x60, 0x83, 0x36, 0x40, 0x05, 0x54, 0x18, 0x8b, 0x10, 0x06, 0x61, 0x18, 0x8b, 0x08,
	0x84, 0x01, 0x18, 0x8b, 0x00, 0x00, 0x41, 0x18, 0x8b, 0x18, 0x82, 0x60, 0x18, 0x8b, 0x00, 0x02,
	0xe2, 0x18, 0x8b, 0x00, 0x02, 0xa2, 0x18, 0x8b, 0x00, 0x02, 0xa3, 0x18, 0x8b, 0x00, 0x02, 0xe3,
	0x20, 0xc0, 0x08, 0xc0, 0x18, 0x01, 0x08, 0x82, 0x20, 0xfc, 0x51, 0x60, 0x06, 0x60, 0x04, 0x60,
	0x2c, 0x02, 0x04, 0x41, 0x10, 0x04, 0x05, 0x10, 0x04, 0x41, 0x10, 0x14, 0x40, 0x10, 0x04, 0x41,
	0x50, 0x00, 0x41, 0x10, 0x04, 0x41, 0x61, 0x2c, 0xa2, 0xef, 0x5b, 0x16, 0xd7, 0xfa, 0xbe, 0x65,
	0x71, 0xad, 0xef, 0x5b, 0x16, 0xd7, 0xfa, 0xbe, 0x65, 0x71, 0x6d, 0x2c, 0x62, 0xd5, 0xd5, 0x93,
	0xff, 0x56, 0x5d, 0x3d, 0xf9, 0x6f, 0xd5, 0xd5, 0x93, 0xff, 0x56, 0x5d, 0x3d, 0xf9, 0x8f, 0x06,
	0x63, 0x09, 0x20, 0x08, 0x82, 0xf0, 0x07, 0x82, 0x20, 0x08, 0x7f, 0x33, 0x00, 0x63, 0x09, 0x20,
	0x08, 0x82, 0xf0, 0x2f, 0x80, 0x20, 0x08, 0xc2, 0xbf, 0x30, 0x03, 0x30, 0x02, 0x00, 0x00, 0x00,
	0xc3, 0x11, 0x5f, 0x42, 0xf8, 0xc7, 0x88, 0x41, 0x91, 0x84, 0x20, 0x18, 0x84, 0xc1, 0x2d, 0x04,
	0xb3, 0x0c, 0xc1, 0x12, 0x98, 0x12, 0x06, 0xe1, 0x3f, 0xc8, 0x30, 0x06, 0xcd, 0x67, 0x65, 0x10,
	0x84, 0xff, 0x20, 0x43, 0x19, 0x3c, 0x60, 0x60, 0x43, 0x00, 0xfe, 0x16, 0xa0, 0x41, 0xf8, 0x0f,
	0x32, 0xa0, 0x81, 0xc4, 0x0d, 0x32, 0x1c, 0x13, 0x67, 0x41, 0x1a, 0x84, 0xff, 0x88, 0xc1, 0x91,
	0x84, 0x20, 0x58, 0xf8, 0x47, 0x27, 0x0e, 0x81, 0x64, 0x44, 0x40, 0xfe, 0x23, 0x06, 0x47, 0x12,
	0x82, 0x60, 0xe1, 0x1f, 0x5d, 0x39, 0x4c, 0xc1, 0x20, 0x43, 0x80, 0x81, 0xc1, 0x20, 0x83, 0x90,
	0x81, 0x81, 0x09, 0x8e, 0xf8, 0x9b, 0xf0, 0x88, 0xff, 0x18, 0x02, 0xf4, 0x07, 0xc3, 0x11, 0xc1,
	0x27, 0xf8, 0xc7, 0x18, 0x02, 0x14, 0x0a, 0x63, 0x08, 0x85, 0x28, 0x0c, 0x47, 0x08, 0x01, 0xe1,
	0x1f, 0xd3, 0x0d, 0x01, 0x1d, 0x10, 0x63, 0x08, 0x54, 0x1c, 0x8c, 0x21, 0x20, 0xa6, 0x30, 0x1c,
	0x21, 0x04, 0x84, 0x7f, 0x4c, 0x37, 0x04, 0x78, 0x40, 0xcc, 0x32, 0x08, 0x43, 0x30, 0xc8, 0x80,
	0x81, 0x81, 0x1c, 0x0c, 0x32, 0x04, 0x50, 0x1b, 0xcc, 0x12, 0x28, 0x63, 0x08, 0xdc, 0x1d, 0x0c,
	0x47, 0x04, 0x6b, 0x20, 0xf8, 0xc7, 0x18, 0x42, 0xd6, 0x0a, 0x63, 0x08, 0x91, 0x1e, 0x0c, 0x47,
	0x08, 0x01, 0xe1, 0x1f, 0xd3, 0x0d, 0x01, 0x28, 0x10, 0x63, 0x08, 0x53, 0x1f, 0x0c, 0x47, 0x34,
	0x01, 0xe1, 0x1f, 0xd3, 0x0d, 0xc1, 0x28, 0x0c, 0xb3, 0x0c, 0x44, 0x11, 0x0c, 0x32, 0x80, 0xc1,
	0x18, 0xf0, 0xc1, 0x20, 0x43, 0xb0, 0xdd, 0xc1, 0x2c, 0x81, 0x32, 0x86, 0x70, 0x06, 0xa1, 0x30,
	0x1c, 0x11, 0xd8, 0x81, 0xe0, 0x1f, 0x63, 0x08, 0xdb, 0x28, 0x0c, 0x47, 0x30, 0x01, 0xe1, 0x1f,
	0xd3, 0x0d, 0x81, 0x2a, 0x0c, 0x63, 0x08, 0x67, 0x70, 0x0a, 0x63, 0x08, 0xde, 0x29, 0x0c, 0x47,
	0x08, 0x01, 0xe1, 0x1f, 0xd3, 0x0d, 0x81, 0x2b, 0x10, 0xb3, 0x0c, 0xc6, 0x11, 0x0c, 0x32, 0xac,
	0x81, 0x1d, 0xa0, 0xc2, 0x20, 0x43, 0x60, 0x06, 0xa1, 0x30, 0x4b, 0xa0, 0x8c, 0x21, 0xc8, 0xc1,
	0x2a, 0x0c, 0x47, 0x04, 0xa1, 0x20, 0xf8, 0xc7, 0x18, 0x82, 0x19, 0xb4, 0xc2, 0x70, 0xc4, 0x18,
	0x04, 0x84, 0x7f, 0x4c, 0x37, 0x04, 0xb5, 0x30, 0x8c, 0x21, 0xa0, 0x01, 0x2c, 0x0c, 0x47, 0x30,
	0x01, 0xe1, 0x1f, 0xd3, 0x0d, 0x01, 0x2e, 0x0c, 0xb3, 0x0c, 0x48, 0x12, 0x0c, 0x32, 0xe0, 0x41,
	0x1d, 0xc4, 0xc2, 0x20, 0x43, 0x00, 0x07, 0xaa, 0x30, 0x4b, 0xa0, 0xd8, 0x2f, 0x8c, 0x02, 0xf8,
	0x8f, 0x18, 0x1c, 0x49, 0x08, 0x82, 0x85, 0x7f, 0x44, 0x61, 0x91, 0x07, 0x81, 0x85, 0xc3, 0x28,
	0x80, 0xff, 0x88, 0xc1, 0x91, 0x84, 0x20, 0x58, 0xf8, 0x47, 0x44, 0x16, 0x7e, 0x10, 0xd8, 0x10,
	0x84, 0xff, 0x88, 0x81, 0x91, 0x84, 0x20, 0x58, 0xf8, 0xc7, 0x73, 0x16, 0xc1, 0x18, 0x42, 0x10,
	0x0f, 0x63, 0x08, 0x82, 0x2f, 0x98, 0x10, 0x88, 0xff, 0x2c, 0x01, 0x35, 0x50, 0x12, 0xd0, 0x82,
	0xe0, 0x07, 0x04, 0x1a, 0x18, 0x14, 0x32, 0x50, 0x02, 0xb0, 0x83, 0x40, 0x0b, 0x84, 0x1f, 0x18,
	0x68, 0x80, 0x8c, 0x21, 0x08, 0xf6, 0x30, 0x86, 0x30, 0x8c, 0xc3, 0x18, 0x02, 0x31, 0x0e, 0x63,
	0x08, 0xc5, 0x38, 0x8c, 0x18, 0x28, 0x4c, 0x0c, 0x82, 0x85, 0x7f, 0x64, 0x68, 0x41, 0x0c, 0x42,
	0x50, 0xcc, 0x12, 0x50, 0x83, 0x0c, 0xee, 0x80, 0x0b, 0xea, 0x30, 0xc8, 0xf0, 0x0e, 0xb9, 0xa0,
	0x0e, 0x16, 0xd4, 0x82, 0xf8, 0xdb, 0x10, 0x80, 0xbf, 0xcd, 0x43, 0x10, 0xfe, 0x63, 0x08, 0x01,
	0x48, 0x0c, 0x47, 0x04, 0xe0, 0x40, 0xf8, 0xc7, 0x18, 0xc2, 0xe0, 0x0e, 0xc3, 0x11, 0x81, 0x38,
	0x10, 0xfe, 0x31, 0xcb, 0xc0, 0x34, 0xc3, 0x18, 0x82, 0x3d, 0x90, 0xc4, 0x18, 0xc2, 0x3d, 0xbc,
	0xc3, 0x74, 0x84, 0x10, 0x0c, 0xfe, 0x31, 0x4b, 0xe0, 0x8c, 0x21, 0xe4, 0xc3, 0x3c, 0x8c, 0x21,
	0xe8, 0xc3, 0x3c, 0x4c, 0x47, 0x08, 0x81, 0xe1, 0x1f, 0xb3, 0x04, 0xce, 0x40, 0x05, 0x80, 0x30,
	0x42, 0x33, 0x1c, 0x11, 0xa8, 0x83, 0xe0, 0x1f, 0xb3, 0x0c, 0xcf, 0x14, 0x8c, 0x21, 0x34, 0xf8,
	0x30, 0x1c, 0x11, 0xb0, 0x03, 0xe1, 0x1f, 0xb3, 0x0c, 0x50, 0xd4, 0x8c, 0x21, 0x80, 0x84, 0x4b,
	0x8c, 0x21, 0x84, 0x44, 0x3e, 0x4c, 0x47, 0x08, 0xc1, 0xe0, 0x1f, 0xb3, 0x04, 0xd2, 0x18, 0xc2,
	0x48, 0xf4, 0xc3, 0x18, 0x02, 0x49, 0xf4, 0xc3, 0x74, 0x84, 0x10, 0x18, 0xfe, 0x31, 0x4b, 0x20,
	0x0d, 0x54, 0x00, 0x08, 0x24, 0x44, 0x23, 0x06, 0x46, 0x12, 0x82, 0x60, 0xe1, 0x1f, 0x0f, 0x69,
	0x58, 0x16, 0x64, 0xe1, 0x3f, 0xc7, 0xc0, 0x0e, 0xc3, 0x4d, 0x0c, 0x32, 0x04, 0xed, 0x50, 0x12,
	0x36, 0x04, 0xe0, 0x3f, 0x62, 0x70, 0x24, 0x21, 0x08, 0x16, 0xfe, 0x11, 0xc1, 0x46, 0xe0, 0x0e,
	0x23, 0x06, 0x47, 0x12, 0x82, 0x60, 0xe1, 0x1f, 0xd7, 0x6a, 0x04, 0xc1, 0x88, 0x81, 0x91, 0x84,
	0x20, 0x58, 0xf8, 0xc7, 0xd4, 0x1a, 0xc1, 0x18, 0x02, 0xd1, 0x13, 0x63, 0x08, 0x85, 0x4a, 0x8c,
	0x18, 0x1c, 0x49, 0x08, 0x82, 0x85, 0x7f, 0x54, 0xb1, 0x21, 0x04, 0x23, 0x06, 0x47, 0x12, 0x82,
	0x60, 0xe1, 0x1f, 0xd5, 0x6c, 0x04, 0xff, 0x60, 0xcd, 0x3f, 0x80, 0xbf, 0x19, 0x02, 0xf8, 0x9b,
	0x10, 0x84, 0xff, 0x88, 0x81, 0x91, 0x84, 0x20, 0x58, 0xf8, 0xc7, 0x84, 0x1b, 0xc1, 0x2c, 0x01,
	0x65, 0x6a, 0x90, 0x06, 0xe0, 0x6f, 0x3a, 0xe1, 0x0f, 0xe0, 0x3f, 0x62, 0x70, 0x24, 0x21, 0x08,
	0x16, 0xfe, 0x11, 0xf1, 0x86, 0x10, 0x18, 0x4f, 0xf8, 0x03, 0xf8, 0x8f, 0x18, 0x1c, 0x49, 0x08,
	0x82, 0x85, 0x7f, 0x44, 0xbf, 0xe1, 0x06, 0x81, 0x0d, 0x41, 0xf8, 0x8f, 0x18, 0x18, 0x49, 0x08,
	0x82, 0x85, 0x7f, 0x3c, 0xe2, 0x11, 0x8c, 0x21, 0x04, 0x6c, 0x31, 0x86, 0x20, 0xe4, 0x84, 0x09,
	0x81, 0xf8, 0xcf, 0x12, 0x50, 0x03, 0x25, 0x80, 0x25, 0x09, 0x93, 0x3a, 0x28, 0xf8, 0x90, 0x64,
	0x00, 0x00, 0x00, 0x00, 0x61, 0x20, 0x00, 0x00, 0x6e, 0x00, 0x00, 0x00, 0x13, 0x04, 0x48, 0x2c,
	0x10, 0x00, 0x00, 0x00, 0x0e, 0x00, 0x00, 0x00, 0xf4, 0x19, 0x01, 0x20, 0xd5, 0x08, 0x00, 0xed,
	0x4a, 0x80, 0x00, 0x63, 0x04, 0x20, 0x08, 0x82, 0xf0, 0x37, 0x46, 0x50, 0x9a, 0x28, 0x88, 0x7f,
	0x63, 0x04, 0x20, 0x08, 0x82, 0x20, 0x28, 0x8c, 0x11, 0x80, 0x20, 0x08, 0xe2, 0xdf, 0x08, 0xc0,
	0x18, 0xc1, 0x4b, 0xc3, 0xeb, 0xeb, 0xd1, 0x60, 0x06, 0x60, 0x06, 0x60, 0x04, 0x00, 0x00, 0x00,
	0x73, 0x0c, 0x43, 0xd3, 0x0d, 0x32, 0x04, 0x04, 0x33, 0xc7, 0x40, 0x4c, 0xdf, 0x1c, 0x43, 0x30,
	0x35, 0x36, 0x04, 0xe1, 0x3f, 0x62, 0x70, 0x24, 0x21, 0x08, 0x16, 0xfe, 0x11, 0xe1, 0x42, 0x60,
	0x8c, 0x18, 0x1c, 0x49, 0x08, 0x82, 0x85, 0x7f, 0x5c, 0xb3, 0x10, 0x04, 0x23, 0x06, 0x46, 0x12,
	0x82, 0x60, 0xe1, 0x1f, 0x53, 0x2d, 0x04, 0x63, 0x08, 0x44, 0x19, 0x8c, 0x21, 0x14, 0xd3, 0x88,
	0xc1, 0x91, 0x84, 0x20, 0x58, 0xf8, 0x47, 0x95, 0x0b, 0x42, 0x30, 0x62, 0x70, 0x24, 0x21, 0x08,
	0x16, 0xfe, 0x51, 0xed, 0x42, 0x00, 0x59, 0x91, 0x85, 0xbf, 0x05, 0x02, 0xf8, 0x0f, 0x47, 0x74,
	0x16, 0xe1, 0x1f, 0xc3, 0x11, 0xdd, 0x45, 0xf8, 0xc7, 0x74, 0x43, 0xc0, 0x09, 0xb3, 0x0c, 0x42,
	0x10, 0x8c, 0x18, 0x18, 0x49, 0x08, 0x82, 0x85, 0x7f, 0x4c, 0xba, 0x40, 0xd8, 0x67, 0x89, 0xbf,
	0x05, 0x1c, 0xf8, 0x0f, 0x47, 0x0c, 0x81, 0xe0, 0x1f, 0xb3, 0x0c, 0xc2, 0x10, 0x98, 0x87, 0x84,
	0xff, 0x88, 0x81, 0x91, 0x84, 0x20, 0x58, 0xf8, 0xc7, 0x74, 0x0e, 0xc1, 0x2c, 0xc1, 0x61, 0x68,
	0x40, 0x06, 0xe4, 0x6f, 0x68, 0x50, 0x06, 0xe4, 0x3f, 0x1c, 0x21, 0xa0, 0x01, 0xe3, 0x1f, 0xc3,
	0x11, 0x02, 0x1a, 0x30, 0xfe, 0x31, 0xdd, 0x10, 0x9c, 0x81, 0x30, 0xcb, 0x50, 0x10, 0x81, 0x8d,
	0x41, 0x11, 0xfe, 0x46, 0x06, 0x45, 0xf8, 0x8f, 0x18, 0x1c, 0x49, 0x08, 0x82, 0x85, 0x7f, 0x54,
	0xed, 0x20, 0x04, 0xb3, 0x04, 0xc6, 0x70, 0xc4, 0x81, 0x10, 0xfe, 0x31, 0xdd, 0x90, 0x20, 0xc1,
	0x74, 0x03, 0x1c, 0xbc, 0x81, 0x30, 0xdd, 0xa0, 0x2c, 0xc3, 0x88, 0xc1, 0xc1, 0xc4, 0x20, 0x58,
	0xf8, 0xc7, 0xd6, 0x0e, 0x83, 0x30, 0x86, 0x10, 0x84, 0x82, 0x0d, 0x41, 0xf8, 0x8f, 0x21, 0x0c,
	0x70, 0x60, 0x42, 0x20, 0xfe, 0x26, 0x08, 0xe2, 0x6f, 0xc1, 0x1b, 0x80, 0xbf, 0x0d, 0x01, 0xf9,
	0x5b, 0xb0, 0x80, 0xff, 0x88, 0xc1, 0xc1, 0xc4, 0x20, 0x58, 0xf8, 0xc7, 0x66, 0x0f, 0xc1, 0x32,
	0x86, 0x10, 0xa8, 0xc2, 0x18, 0x82, 0x80, 0x07, 0x56, 0x04, 0xe2, 0x6f, 0x4e, 0x00, 0xfe, 0x46,
	0x04, 0xe1, 0x6f, 0x04, 0x21, 0xfe, 0x16, 0xe4, 0x01, 0xf8, 0x8f, 0x18, 0x18, 0x49, 0x08, 0x82,
	0x85, 0x7f, 0x4c, 0x22, 0x11, 0x18, 0x11, 0x90, 0xff, 0x2c, 0x81, 0x31, 0x50, 0x01, 0xc0, 0x01,
	0x21, 0x14, 0x16, 0x90, 0x82, 0xf8, 0x5b, 0x28, 0x04, 0xe1, 0x3f, 0x62, 0x60, 0x24, 0x21, 0x08,
	0x16, 0xfe, 0x31, 0xa9, 0x44, 0x30, 0x4b, 0x70, 0x0c, 0x54, 0x00, 0xa8, 0x20, 0x08, 0x46, 0x06,
	0x00, 0x00, 0x00, 0x00, 0x61, 0x20, 0x00, 0x00, 0x96, 0x00, 0x00, 0x00, 0x13, 0x04, 0x48, 0x2c,
	0x10, 0x00, 0x00, 0x00, 0x27, 0x00, 0x00, 0x00, 0xf4, 0xa9, 0x81, 0x11, 0x00, 0xda, 0x95, 0x40,
	0x11, 0x94, 0x01, 0x01, 0xc6, 0x08, 0x40, 0x10, 0x04, 0x49, 0x30, 0x98, 0x01, 0x18, 0x23, 0x00,
	0x41, 0x10, 0xc4, 0x7f, 0x61, 0x8c, 0xe0, 0x66, 0xd5, 0x51, 0xfe, 0xc6, 0x08, 0x40, 0x10, 0x04,
	0x41, 0x30, 0x18, 0x23, 0x00, 0x41, 0x10, 0xc4, 0xbf, 0x31, 0x02, 0x76, 0x84, 0xd5, 0xf4, 0x1b,
	0x23, 0x60, 0x47, 0x58, 0x8d, 0xbf, 0x31, 0x82, 0x3c, 0x0e, 0xef, 0xdd, 0x1b, 0x23, 0x28, 0x79,
	0x7d, 0xac, 0xbf, 0x31, 0x02, 0x1c, 0xc5, 0xe3, 0xf3, 0x1b, 0x23, 0x78, 0x69, 0x78, 0xbd, 0x3f,
	0x0a, 0x8c, 0x45, 0xb0, 0x23, 0xac, 0xa6, 0xdf, 0xea, 0xae, 0x32, 0xf9, 0xa5, 0x3c, 0x3d, 0xff,
	0x1e, 0x7c, 0xeb, 0x72, 0xee, 0x8d, 0x45, 0xc0, 0xb7, 0x2e, 0xe7, 0x1e, 0x00, 0x00, 0x73, 0x10,
	0xaf, 0xd0, 0x0a, 0xad, 0xd0, 0x0a, 0x63, 0x11, 0xec, 0x08, 0xab, 0xe9, 0x27, 0xbf, 0xfa, 0xca,
	0x7e, 0xfe, 0x3a, 0x86, 0xf0, 0x77, 0xb3, 0xea, 0x28, 0x7f, 0x34, 0x98, 0x43, 0x68, 0x05, 0x57,
	0x98, 0x01, 0x00, 0x00, 0xc3, 0x11, 0x19, 0xa3, 0xf8, 0xc7, 0x2c, 0x83, 0x10, 0x04, 0xc6, 0x68,
	0xe1, 0x3f, 0xc7, 0x40, 0x04, 0x67, 0x30, 0x4b, 0x70, 0x0c, 0x47, 0x70, 0x52, 0xe1, 0x1f, 0xd3,
	0x11, 0x4a, 0x12, 0xf8, 0xc7, 0x2c, 0x03, 0x31, 0x08, 0xd6, 0x55, 0xe0, 0x6f, 0x01, 0x24, 0xfe,
	0x16, 0x40, 0xe0, 0x3f, 0xc7, 0xc0, 0x04, 0x9d, 0x11, 0x91, 0xf8, 0x5b, 0x10, 0x81, 0xff, 0x1c,
	0xc3, 0x10, 0x7c, 0x73, 0x0c, 0x01, 0x19, 0x7c, 0xb3, 0x04, 0xc4, 0x40, 0x45, 0x20, 0x0c, 0x60,
	0x20, 0x8c, 0x21, 0x04, 0x73, 0x60, 0x68, 0x10, 0x84, 0xff, 0x18, 0xc2, 0x30, 0x06, 0x16, 0x0c,
	0xe1, 0x6f, 0x43, 0x40, 0xfe, 0x23, 0x06, 0x46, 0x12, 0x82, 0x60, 0xe1, 0x1f, 0x13, 0x3b, 0x04,
	0x63, 0x08, 0x47, 0x1a, 0x8c, 0x21, 0x20, 0x69, 0x60, 0x02, 0x12, 0xfe, 0x26, 0x0c, 0xe1, 0x6f,
	0xc8, 0x10, 0xfe, 0x26, 0x9c, 0x81, 0xf8, 0xcf, 0x12, 0x14, 0x03, 0x15, 0x9f, 0x38, 0x10, 0xe0,
	0x50, 0x0c, 0x54, 0x00, 0x10, 0x31, 0x07, 0x85, 0xa5, 0x41, 0x10, 0xfe, 0x16, 0x04, 0xe2, 0x6f,
	0x01, 0x24, 0xfe, 0x46, 0x2c, 0xe2, 0x6f, 0x01, 0x21, 0xfe, 0x66, 0x18, 0xe2, 0x6f, 0x41, 0x23,
	0xfe, 0x86, 0x4c, 0xe2, 0x6f, 0xc1, 0x20, 0xfe, 0x56, 0x0c, 0xe0, 0x6f, 0x01, 0x1e, 0x88, 0xbf,
	0x05, 0x09, 0xf8, 0x5b, 0xc0, 0x88, 0xbf, 0x15, 0xa2, 0x10, 0xfe, 0x16, 0x08, 0xe0, 0x6f, 0x4f,
	0x25, 0xfe, 0x36, 0x45, 0xe2, 0x6f, 0x4c, 0x25, 0xfe, 0x36, 0x08, 0xe0, 0x6f, 0xc1, 0x24, 0xfe,
	0x16, 0x0c, 0xe0, 0x6f, 0xc1, 0x28, 0x88, 0xbf, 0x21, 0x01, 0xf9, 0x1b, 0x16, 0x84, 0xff, 0x88,
	0x81, 0x91, 0x84, 0x20, 0x58, 0xf8, 0xc7, 0xd4, 0x12, 0xc1, 0x2c, 0x43, 0x61, 0x6c, 0x26, 0x0a,
	0x41, 0xf8, 0x8f, 0x21, 0xc8, 0xc1, 0x2e, 0x98, 0x20, 0x88, 0xbf, 0x05, 0x82, 0xf8, 0x8f, 0x21,
	0xd4, 0x81, 0x2b, 0x98, 0x11, 0x88, 0xbf, 0x05, 0x86, 0xf8, 0x1b, 0x82, 0x88, 0xff, 0x18, 0x42,
	0x1e, 0xc4, 0x82, 0x09, 0x81, 0xf8, 0x8f, 0x21, 0xec, 0x81, 0x2c, 0x18, 0x13, 0x88, 0xbf, 0x05,
	0x85, 0xf8, 0xdb, 0x41, 0x80, 0xbf, 0x05, 0xb5, 0x20, 0xfe, 0x16, 0x30, 0xe0, 0x6f, 0x01, 0x24,
	0xfe, 0x16, 0x14, 0xe0, 0x3f, 0xc7, 0x80, 0x0a, 0x01, 0x3b, 0xd8, 0x23, 0x85, 0xbf, 0x51, 0x81,
	0xf8, 0x5b, 0x13, 0x85, 0xbf, 0x5d, 0xb9, 0x20, 0xfe, 0x16, 0x08, 0xe2, 0x6f, 0x0e, 0x14, 0xfe,
	0x26, 0x05, 0xe2, 0x6f, 0x83, 0x01, 0xfe, 0x16, 0x6c, 0xe2, 0x6f, 0xc1, 0x00, 0xfe, 0x16, 0x90,
	0x83, 0xf8, 0x9b, 0xd7, 0x07, 0xe2, 0x6f, 0x49, 0x1f, 0x88, 0xbf, 0x65, 0x7d, 0x20, 0xfe, 0x26,
	0x0c, 0xe0, 0x6f, 0x81, 0x18, 0x88, 0xbf, 0x05, 0x03, 0xf8, 0x5b, 0xb0, 0x0e, 0xe2, 0x6f, 0x48,
	0x40, 0xfe, 0x73, 0x0c, 0x54, 0x00, 0x0f, 0xb3, 0x04, 0xc7, 0x40, 0xc5, 0x40, 0x17, 0x81, 0x60,
	0x64, 0x10, 0x10, 0x03, 0x02, 0x00, 0x00, 0x00, 0x5b, 0x06, 0x3d, 0x90, 0x6c, 0x01, 0x00, 0x00,
	0x00, 0x00, 0x00, 0x00, 0x61, 0x20, 0x00, 0x00, 0xc6, 0x01, 0x00, 0x00, 0x13, 0x04, 0x49, 0x2c,
	0x10, 0x00, 0x00, 0x00, 0x7f, 0x00, 0x00, 0x00, 0x44, 0x98, 0x01, 0x20, 0xd5, 0x58, 0x02, 0x10,
	0x8c, 0x25, 0x08, 0x03, 0xed, 0x8a, 0xa0, 0x04, 0xca, 0x80, 0x7e, 0x73, 0x10, 0x6c, 0x50, 0x06,
	0x64, 0xb0, 0x0a, 0x63, 0x11, 0x40, 0x20, 0x1c, 0x23, 0x00, 0x04, 0x1c, 0x6b, 0x00, 0x02, 0x61,
	0xac, 0x61, 0x18, 0x86, 0x11, 0x00, 0x02, 0x8c, 0x11, 0x80, 0x20, 0x08, 0xc2, 0xdf, 0x18, 0x41,
	0x5c, 0x8f, 0x66, 0xfb, 0x8d, 0x11, 0xdc, 0xe8, 0x2c, 0xc3, 0xdf, 0x18, 0x41, 0x8a, 0xba, 0x65,
	0xed, 0x8d, 0x11, 0xec, 0xe9, 0x1f, 0x97, 0xdf, 0x18, 0xc1, 0x2c, 0xc3, 0xbc, 0xfc, 0x8d, 0x11,
	0xc0, 0x37, 0x7f, 0xf7, 0xde, 0x18, 0x01, 0xfb, 0xd7, 0xe9, 0xee, 0x8d, 0x11, 0xd0, 0xeb, 0x0b,
	0xa6, 0xdf, 0x18, 0x41, 0x2a, 0xc7, 0xa2, 0xfc, 0x8d, 0x11, 0xc8, 0x2a, 0xf8, 0x96, 0xdf, 0x18,
	0x41, 0x4a, 0xab, 0x36, 0xfd, 0x8d, 0x11, 0xb8, 0xf6, 0xae, 0xe2, 0xbd, 0x30, 0x46, 0xe0, 0xe2,
	0xab, 0xfe, 0x7f, 0x63, 0x04, 0x2e, 0xbc, 0xdb, 0x21, 0x38, 0x8c, 0x11, 0xe0, 0x61, 0xdb, 0xba,
	0xdf, 0x18, 0x01, 0x5d, 0xb6, 0x68, 0xeb, 0x8d, 0x11, 0xec, 0x3d, 0x0e, 0xd3, 0xdf, 0x18, 0x01,
	0xb8, 0x86, 0x3e, 0xfd, 0x0b, 0x63, 0x04, 0x20, 0x08, 0x82, 0x22, 0x18, 0x8c, 0x11, 0xdc, 0x78,
	0x3b, 0xb6, 0xdc, 0x18, 0x01, 0x08, 0x82, 0x20, 0xff, 0x8d, 0x00, 0x8c, 0x11, 0xa4, 0xe6, 0x5e,
	0xb3, 0xdf, 0x18, 0x41, 0xda, 0xfb, 0x79, 0xf9, 0x8d, 0x11, 0xb0, 0x24, 0x0b, 0xf7, 0xbe, 0x30,
	0x46, 0xa0, 0xbf, 0x71, 0x89, 0xfb, 0xc2, 0x18, 0xc1, 0xbe, 0xc3, 0xee, 0xee, 0x0b, 0x63, 0x04,
	0xe6, 0x3e, 0xab, 0xfa, 0x2f, 0x8c, 0x11, 0xac, 0x65, 0x4f, 0xa2, 0x60, 0x30, 0x46, 0xc0, 0xb2,
	0xec, 0x59, 0x82, 0xc3, 0x18, 0x81, 0xb8, 0x83, 0xb9, 0xf9, 0x8d, 0x11, 0xb4, 0xe1, 0x4d, 0xea,
	0xbf, 0x30, 0x46, 0x40, 0xca, 0xa1, 0x2b, 0x82, 0xc1, 0x18, 0x81, 0xba, 0xc2, 0xbd, 0xfa, 0x0b,
	0x63, 0x04, 0xb3, 0xfe, 0xcb, 0x78, 0x2f, 0x8c, 0x11, 0xf8, 0x39, 0x89, 0xce, 0xbf, 0x30, 0x46,
	0xe0, 0xe3, 0x64, 0xdd, 0x7f, 0x63, 0x04, 0x20, 0x08, 0x82, 0x20, 0x28, 0x8c, 0x11, 0x80, 0x20,
	0x08, 0xe2, 0x1f, 0x05, 0x66, 0x00, 0x66, 0x00, 0x46, 0x00, 0x68, 0x34, 0x03, 0x30, 0x03, 0x30,
	0xd6, 0x60, 0xde, 0xeb, 0x2a, 0x7b, 0xe6, 0xbd, 0xae, 0xb2, 0x67, 0xde, 0xeb, 0x2a, 0x7b, 0x63,
	0x0d, 0x31, 0x0f, 0xf6, 0xb9, 0x17, 0xf3, 0x60, 0x9f, 0x7b, 0x31, 0x0f, 0xf6, 0xb9, 0x37, 0xd6,
	0xe0, 0xf6, 0xb1, 0x68, 0x7b, 0x6e, 0x1f, 0x8b, 0xb6, 0xe7, 0xf6, 0xb1, 0x68, 0x7b, 0x63, 0x0d,
	0xef, 0x9e, 0x96, 0xf7, 0xf7, 0xee, 0x69, 0x79, 0x7f, 0xef, 0x9e, 0x96, 0xf7, 0x37, 0xd6, 0xa0,
	0xb3, 0xe6, 0x1c, 0x82, 0x81, 0xce, 0x9a, 0x73, 0x08, 0x06, 0x3a, 0x6b, 0xce, 0x21, 0x18, 0x8c,
	0x35, 0xac, 0xb5, 0x5a, 0xab, 0xdf, 0x5a, 0xab, 0xb5, 0xfa, 0xad, 0xb5, 0x5a, 0xab, 0xdf, 0x08,
	0xc0, 0x58, 0x43, 0xad, 0xd6, 0x6a, 0xfb, 0xd5, 0x6a, 0xad, 0xb6, 0x5f, 0xad, 0xd6, 0x6a, 0xfb,
	0x8d, 0x35, 0xf4, 0xb1, 0xe8, 0xe2, 0x5f, 0x1f, 0x8b, 0x2e, 0xfe, 0xf5, 0xb1, 0xe8, 0xe2, 0xdf,
	0x58, 0x83, 0xdb, 0xc7, 0xa2, 0xed, 0x0b, 0x6e, 0x1f, 0x8b, 0xb6, 0x2f, 0xb8, 0x7d, 0x2c, 0xda,
	0xbe, 0x30, 0xd6, 0x20, 0x8b, 0x6e, 0x4f, 0x83, 0x81, 0x2c, 0xba, 0x3d, 0x0d, 0x06, 0xb2, 0xe8,
	0xf6, 0x34, 0x18, 0x8c, 0x35, 0xf0, 0xf0, 0xaa, 0xd3, 0x1d, 0x0f, 0xaf, 0x3a, 0xdd, 0xf1, 0xf0,
	0xaa, 0xd3, 0x1d, 0x00, 0xc3, 0x11, 0xaa, 0x90, 0x07, 0x84, 0x7f, 0xcc, 0x32, 0x04, 0x42, 0x30,
	0xc8, 0x90, 0x0a, 0x52, 0x1f, 0x0c, 0x32, 0xa8, 0x82, 0xd4, 0x07, 0x26, 0x04, 0xe2, 0x3f, 0xc8,
	0x10, 0x48, 0xa3, 0x30, 0xc8, 0x10, 0xb4, 0xc2, 0x28, 0xcc, 0x12, 0x20, 0xc3, 0x11, 0xb0, 0xc0,
	0x06, 0x84, 0x7f, 0xcc, 0x32, 0x0c, 0x47, 0x30, 0xc8, 0xd0, 0x0a, 0x98, 0x2a, 0x0c, 0x32, 0xb8,
	0x42, 0xc6, 0x0a, 0x26, 0x04, 0xe1, 0x6f, 0xb5, 0x20, 0x84, 0xff, 0x88, 0xc1, 0x91, 0x84, 0x20,
	0x58, 0xf8, 0xc7, 0x25, 0x13, 0x81, 0x30, 0x62, 0x70, 0x24, 0x21, 0x08, 0x16, 0xfe, 0x71, 0xcd,
	0xc4, 0x30, 0x8c, 0x18, 0x1c, 0x49, 0x08, 0x82, 0x85, 0x7f, 0x54, 0x36, 0x11, 0xc8, 0x81, 0x0d,
	0x01, 0xf9, 0x8f, 0x18, 0x18, 0x49, 0x08, 0x82, 0x85, 0x7f, 0x4c, 0x3a, 0x11, 0x8c, 0x21, 0xe0,
	0x02, 0x2c, 0x8c, 0x21, 0xe0, 0x42, 0x2c, 0x8c, 0x18, 0x20, 0x49, 0x08, 0x82, 0x85, 0x7f, 0xcc,
	0xc1, 0x49, 0x08, 0xc1, 0x30, 0x1c, 0xd1, 0x0b, 0x77, 0x40, 0xf8, 0xc7, 0x2c, 0x03, 0x51, 0x04,
	0x83, 0x0c, 0xbc, 0x50, 0x06, 0xb0, 0x30, 0xc8, 0xd0, 0x0b, 0x65, 0x00, 0x0b, 0x26, 0x04, 0xe2,
	0x3f, 0xc8, 0xe0, 0x0b, 0x68, 0x30, 0x0b, 0x83, 0x0c, 0xbf, 0x80, 0x06, 0xb3, 0x60, 0x42, 0x20,
	0xfe, 0x73, 0x0c, 0x68, 0xb0, 0xc4, 0xc3, 0x20, 0x43, 0x90, 0x06, 0xb5, 0x30, 0x62, 0x80, 0x24,
	0x21, 0x08, 0x16, 0xfe, 0x11, 0x07, 0x34, 0x61, 0x0c, 0xc1, 0x20, 0x43, 0xb0, 0x06, 0xbc, 0x30,
	0xc7, 0x10, 0x30, 0xbe, 0x30, 0x4b, 0x80, 0x0c, 0x47, 0x34, 0xa2, 0x20, 0xf8, 0xc7, 0x2c, 0x83,
	0x81, 0x04, 0x83, 0x0c, 0xe7, 0x10, 0x07, 0xbc, 0x30, 0x1c, 0x11, 0xb4, 0x41, 0xe1, 0x1f, 0x26,
	0xb4, 0x81, 0xf8, 0xdb, 0xd0, 0x06, 0xe0, 0x6f, 0x41, 0x1b, 0x88, 0xff, 0x88, 0xc1, 0x91, 0x84,
	0x20, 0x58, 0xf8, 0xc7, 0x1b, 0xfc, 0x44, 0xd0, 0x06, 0xd3, 0x11, 0x44, 0x50, 0xe0, 0xc7, 0x18,
	0x42, 0xe0, 0x0f, 0x16, 0x80, 0x83, 0xf8, 0x8f, 0x21, 0x0c, 0xea, 0x60, 0x41, 0x38, 0x88, 0xbf,
	0x0d, 0x01, 0xf8, 0x8f, 0x21, 0x18, 0xee, 0x60, 0xc1, 0x38, 0x88, 0xbf, 0x0d, 0x01, 0xf8, 0xcf,
	0x31, 0xf0, 0x41, 0x60, 0x12, 0x96, 0x94, 0x83, 0xf8, 0x1b, 0x52, 0x0e, 0xe2, 0x6f, 0x42, 0x00,
	0xfe, 0x76, 0x98, 0x83, 0xf8, 0x9b, 0x10, 0x80, 0xff, 0x1c, 0x83, 0x11, 0xd8, 0x83, 0x3d, 0xe8,
	0x20, 0xfe, 0xe6, 0xa0, 0x83, 0xf8, 0x9b, 0x10, 0x80, 0xbf, 0x35, 0xe9, 0x20, 0xfe, 0x26, 0x04,
	0xe0, 0x3f, 0xc7, 0x60, 0x04, 0xfd, 0x30, 0x62, 0x60, 0x24, 0x21, 0x08, 0x16, 0xfe, 0x41, 0x06,
	0x72, 0x11, 0x8c, 0x18, 0x1c, 0x49, 0x08, 0x82, 0x85, 0x7f, 0xbc, 0xc1, 0x5d, 0x04, 0xa4, 0x30,
	0x62, 0x60, 0x24, 0x21, 0x08, 0x16, 0xfe, 0x41, 0x06, 0x75, 0x31, 0x58, 0x20, 0x88, 0xff, 0x18,
	0x42, 0x70, 0x13, 0x16, 0xc0, 0x83, 0xf8, 0x8f, 0x21, 0x0c, 0x23, 0x61, 0x41, 0x3c, 0x88, 0xbf,
	0x0d, 0x01, 0xf8, 0x8f, 0x21, 0x18, 0x27, 0x61, 0xc1, 0x3c, 0x88, 0xbf, 0x0d, 0x01, 0xf8, 0xcf,
	0x31, 0xd4, 0x42, 0xf0, 0x13, 0x96, 0xd4, 0x83, 0xf8, 0x1b, 0x52, 0x0f, 0xe2, 0x6f, 0x42, 0x00,
	0xfe, 0x76, 0xd8, 0x83, 0xf8, 0x9b, 0x10, 0x80, 0xff, 0x1c, 0x83, 0x11, 0xbc, 0x84, 0x3d, 0xf8,
	0x20, 0xfe, 0xe6, 0xe0, 0x83, 0xf8, 0x9b, 0x10, 0x80, 0xbf, 0x35, 0xf9, 0x20, 0xfe, 0x26, 0x04,
	0xe0, 0x3f, 0xc7, 0x60, 0x04, 0x36, 0x31, 0xc8, 0xd0, 0x13, 0xe6, 0x10, 0x13, 0xc3, 0x11, 0x81,
	0x38, 0x14, 0xfe, 0x61, 0x82, 0x38, 0x88, 0xbf, 0x0d, 0xe2, 0x00, 0xfe, 0x16, 0x88, 0x83, 0xf8,
	0x8f, 0x18, 0x1c, 0x49, 0x08, 0x82, 0x85, 0x7f, 0xbc, 0x01, 0x6d, 0x04, 0xe2, 0x30, 0x1d, 0x41,
	0x04, 0x05, 0x7e, 0x8c, 0x21, 0x04, 0x73, 0x61, 0x41, 0x4d, 0x88, 0xff, 0x18, 0xc2, 0xf0, 0x13,
	0x16, 0xd8, 0x84, 0xf8, 0xdb, 0x10, 0x80, 0xff, 0x18, 0x82, 0x31, 0x16, 0x16, 0xe0, 0x84, 0xf8,
	0xdb, 0x10, 0x80, 0xff, 0x1c, 0x43, 0x3c, 0x04, 0x7b, 0x61, 0x89, 0x4e, 0x88, 0xbf, 0x21, 0x3a,
	0x21, 0xfe, 0x26, 0x04, 0xe0, 0x6f, 0xc7, 0x4e, 0x88, 0xbf, 0x09, 0x01, 0xf8, 0xcf, 0x31, 0x18,
	0xc1, 0x5a, 0xd8, 0xd3, 0x13, 0xe2, 0x6f, 0x4e, 0x4f, 0x88, 0xbf, 0x09, 0x01, 0xf8, 0x5b, 0xe3,
	0x13, 0xe2, 0x6f, 0x42, 0x00, 0xfe, 0x73, 0x0c, 0x46, 0x20, 0x17, 0x23, 0x06, 0x46, 0x12, 0x82,
	0x60, 0xe1, 0x1f, 0x64, 0x70, 0x1e, 0xc1, 0x88, 0xc1, 0x91, 0x84, 0x20, 0x58, 0xf8, 0xc7, 0x1b,
	0xb0, 0x47, 0x90, 0x0f, 0x23, 0x06, 0x46, 0x12, 0x82, 0x60, 0xe1, 0x1f, 0x64, 0xa0, 0x1e, 0x83,
	0x05, 0x82, 0xf8, 0x8f, 0x21, 0x04, 0xac, 0x61, 0x41, 0x59, 0x88, 0xff, 0x18, 0xc2, 0x80, 0x17,
	0x16, 0x98, 0x85, 0xf8, 0xdb, 0x10, 0x80, 0xff, 0x18, 0x82, 0xc1, 0x17, 0x16, 0xa0, 0x85, 0xf8,
	0xdb, 0x10, 0x80, 0xff, 0x1c, 0x83, 0x4a, 0x04, 0xb4, 0x61, 0x89, 0x5a, 0x88, 0xbf, 0x21, 0x6a,
	0x21, 0xfe, 0x26, 0x04, 0xe0, 0x6f, 0xc7, 0x5a, 0x88, 0xbf, 0x09, 0x01, 0xf8, 0xcf, 0x31, 0x18,
	0x01, 0x69, 0xd8, 0xd3, 0x16, 0xe2, 0x6f, 0x4e, 0x5b, 0x88, 0xbf, 0x09, 0x01, 0xf8, 0x5b, 0xe3,
	0x16, 0xe2, 0x6f, 0x42, 0x00, 0xfe, 0x73, 0x0c, 0x46, 0xb0, 0x1a, 0x83, 0x0c, 0xb2, 0xa1, 0x13,
	0xa5, 0x61, 0x42, 0x20, 0xfe, 0x83, 0x0c, 0xb3, 0xc1, 0x13, 0xa7, 0x61, 0x79, 0x10, 0x88, 0xff,
	0x1c, 0x03, 0x4f, 0xfc, 0x43, 0x79, 0x0c, 0x32, 0x04, 0x3d, 0x91, 0x1a, 0x23, 0x06, 0x48, 0x12,
	0x82, 0x60, 0xe1, 0x1f, 0x71, 0x80, 0x22, 0xc5, 0x10, 0xcc, 0x31, 0xfc, 0xc4, 0x3f, 0xa0, 0xc7,
	0x20, 0x43, 0x00, 0x16, 0xac, 0x61, 0x43, 0x40, 0xfe, 0x63, 0x08, 0xc1, 0x7a, 0x8c, 0x21, 0x08,
	0xb6, 0x61, 0x01, 0x5e, 0x88, 0xbf, 0x05, 0x03, 0xf8, 0x8f, 0x21, 0x14, 0xba, 0x61, 0x81, 0x5e,
	0x88, 0xbf, 0x0d, 0x01, 0xf8, 0xcf, 0x31, 0xa0, 0x45, 0x20, 0x1f, 0x76, 0xf0, 0x85, 0xf8, 0x5b,
	0xc1, 0x17, 0xe2, 0x6f, 0x81, 0x02, 0xfe, 0x16, 0x0c, 0xe0, 0x3f, 0xc7, 0x50, 0x04, 0xe1, 0x61,
	0xcc, 0x5f, 0x88, 0xbf, 0x29, 0x7f, 0x21, 0xfe, 0x16, 0x3c, 0xe0, 0x6f, 0xc1, 0x00, 0xfe, 0x73,
	0x0c, 0x45, 0x70, 0x1e, 0x16, 0x04, 0xe2, 0x6f, 0x81, 0x20, 0xfe, 0x63, 0x08, 0xc1, 0x7f, 0x58,
	0x50, 0x1a, 0xe2, 0x3f, 0x86, 0x30, 0xac, 0x87, 0x05, 0xa6, 0x21, 0xfe, 0x36, 0x04, 0xe0, 0x3f,
	0x86, 0x60, 0xbc, 0x87, 0x05, 0xa8, 0x21, 0xfe, 0x36, 0x04, 0xe0, 0x3f, 0xc7, 0xd0, 0x17, 0xc1,
	0x89, 0x58, 0xa2, 0x1a, 0xe2, 0x6f, 0x88, 0x6a, 0x88, 0xbf, 0x09, 0x01, 0xf8, 0xdb, 0xb1, 0x1a,
	0xe2, 0x6f, 0x42, 0x00, 0xfe, 0x73, 0x0c, 0x46, 0x70, 0x1f, 0xf6, 0xb4, 0x86, 0xf8, 0x9b, 0xd3,
	0x1a, 0xe2, 0x6f, 0x42, 0x00, 0xfe, 0xd6, 0xb8, 0x86, 0xf8, 0x9b, 0x10, 0x80, 0xff, 0x1c, 0x83,
	0x11, 0xf8, 0xc7, 0x88, 0xc1, 0x91, 0x84, 0x20, 0x58, 0xf8, 0xc7, 0x1b, 0xd8, 0x49, 0x30, 0x1a,
	0x23, 0x06, 0x47, 0x12, 0x82, 0x60, 0xe1, 0x1f, 0x6f, 0x80, 0x27, 0xc1, 0x68, 0x58, 0x30, 0x1a,
	0xe2, 0x6f, 0xc1, 0x68, 0x80, 0xbf, 0x15, 0xa3, 0x21, 0xfe, 0xc3, 0x11, 0xc6, 0x68, 0x14, 0xfe,
	0x31, 0x1d, 0x21, 0x0c, 0x01, 0x7e, 0x8c, 0x18, 0x18, 0x49, 0x08, 0x82, 0x85, 0x7f, 0x90, 0xc1,
	0xa8, 0x04, 0x16, 0xcc, 0x81, 0xf8, 0x0f, 0x32, 0x04, 0xb4, 0x51, 0x22, 0x73, 0x0c, 0x41, 0x5d,
	0x9c, 0xc8, 0x2c, 0x01, 0x32, 0xc8, 0x10, 0x23, 0xb9, 0xc1, 0x22, 0x46, 0x23, 0x41, 0xf8, 0x0f,
	0x32, 0xc0, 0xc8, 0x6e, 0xb8, 0xc8, 0x88, 0xc1, 0x91, 0x84, 0x20, 0x58, 0xf8, 0xc7, 0x25, 0x2b,
	0x42, 0x30, 0x86, 0x20, 0x23, 0x2c, 0x62, 0x42, 0x40, 0xfe, 0x23, 0x06, 0x46, 0x12, 0x82, 0x60,
	0xe1, 0x1f, 0x53, 0xaa, 0x04, 0x16, 0x0c, 0xe2, 0x6f, 0x45, 0x10, 0xfe, 0x46, 0x1e, 0x41, 0xf8,
	0x8f, 0x21, 0xe0, 0x08, 0x8d, 0xd8, 0x10, 0x84, 0xff, 0x88, 0xc1, 0x91, 0x84, 0x20, 0x58, 0xf8,
	0x47, 0xd5, 0x2b, 0x43, 0x60, 0x49, 0x11, 0xfe, 0x23, 0x06, 0x47, 0x12, 0x82, 0x60, 0xe1, 0x1f,
	0x15, 0xb8, 0x08, 0x81, 0xc1, 0x48, 0x10, 0xfe, 0x23, 0x06, 0x46, 0x12, 0x82, 0x60, 0xe1, 0x1f,
	0xd3, 0xb8, 0x04, 0x83, 0x0c, 0x61, 0xa2, 0x1e, 0x35, 0x32, 0xc8, 0x20, 0x26, 0xea, 0x51, 0x23,
	0x26, 0x04, 0xe2, 0x3f, 0xc8, 0x10, 0xa8, 0xc7, 0x8e, 0x0c, 0x32, 0x04, 0x65, 0xb2, 0x23, 0x73,
	0x0c, 0xef, 0x61, 0xd4, 0xc9, 0x20, 0x43, 0x00, 0x1f, 0x3c, 0x62, 0xc1, 0x20, 0xfe, 0x83, 0x0c,
	0x68, 0x22, 0x1f, 0x3d, 0x32, 0xc8, 0x90, 0x26, 0xf2, 0xd1, 0x23, 0x26, 0x04, 0xe2, 0x3f, 0xc8,
	0x10, 0xc8, 0xc7, 0x98, 0x0c, 0x32, 0x04, 0x6c, 0x32, 0x26, 0x86, 0x1f, 0x4e, 0xf8, 0xcf, 0x31,
	0xe0, 0x47, 0xe0, 0x27, 0x83, 0x0c, 0x41, 0x7e, 0x94, 0x89, 0x05, 0x84, 0xf8, 0x5b, 0xa0, 0x80,
	0xff, 0x2c, 0x01, 0x32, 0xd0, 0x12, 0xb0, 0x4e, 0x20, 0x1c, 0x3a, 0x43, 0xa0, 0x82, 0x41, 0x3f,
	0x45, 0x06, 0x00, 0x00, 0x61, 0x20, 0x00, 0x00, 0xdb, 0x00, 0x00, 0x00, 0x13, 0x04, 0x49, 0x2c,
	0x10, 0x00, 0x00, 0x00, 0x2b, 0x00, 0x00, 0x00, 0xf4, 0x19, 0x01, 0x20, 0xd5, 0x08, 0xc0, 0x58,
	0x82, 0x30, 0x8c, 0x25, 0x00, 0x01, 0xed, 0x4a, 0xa0, 0x08, 0xca, 0x80, 0x00, 0x23, 0x00, 0x63,
	0x04, 0xa5, 0x89, 0x82, 0xf8, 0x37, 0x46, 0x00, 0x82, 0x20, 0x08, 0x82, 0xc1, 0x18, 0x01, 0x08,
	0x82, 0x20, 0x09, 0x0e, 0x63, 0x04, 0x20, 0x08, 0x82, 0x24, 0x18, 0x8c, 0x11, 0x80, 0x20, 0x08,
	0xa2, 0xdf, 0x18, 0x01, 0x08, 0x82, 0x20, 0xf8, 0x8d, 0x11, 0x80, 0x20, 0x08, 0xc2, 0xdf, 0x18,
	0x81, 0x1a, 0xc3, 0x38, 0xef, 0x8d, 0x11, 0x80, 0x20, 0x08, 0x82, 0xa0, 0x30, 0x46, 0x00, 0x82,
	0x20, 0x08, 0xff, 0x02, 0x05, 0x66, 0x00, 0x46, 0x00, 0x68, 0x30, 0x03, 0x30, 0x96, 0x00, 0x82,
	0x20, 0x08, 0x7f, 0x20, 0x08, 0x82, 0xf0, 0x37, 0x02, 0x30, 0x96, 0xb0, 0xea, 0xea, 0xc9, 0x7f,
	0xab, 0xae, 0x9e, 0xfc, 0x37, 0x03, 0x30, 0x96, 0x60, 0xe3, 0xfd, 0x9f, 0x7b, 0x36, 0xde, 0xff,
	0xb9, 0x37, 0x96, 0x80, 0xe3, 0xfa, 0x6d, 0x7e, 0x38, 0xae, 0xdf, 0xe6, 0x37, 0x96, 0x70, 0xb2,
	0x62, 0x8f, 0x7e, 0x27, 0x2b, 0xf6, 0xe8, 0x37, 0x96, 0x00, 0x82, 0x20, 0x88, 0x7f, 0x20, 0x08,
	0x82, 0xf8, 0x07, 0x00, 0xf1, 0x30, 0x00, 0x00, 0x02, 0x00, 0x00, 0x00, 0x2b, 0x04, 0x7b, 0xa8,
	0x07, 0x00, 0x00, 0x00, 0x23, 0x06, 0x46, 0x12, 0x82, 0x60, 0xe1, 0x1f, 0x77, 0x40, 0x0a, 0xde,
	0x18, 0x42, 0xe0, 0x06, 0x63, 0x08, 0xc2, 0x36, 0x62, 0x70, 0x24, 0x21, 0x08, 0x16, 0xfe, 0x51,
	0x89, 0x83, 0x10, 0x8c, 0x21, 0x10, 0xdc, 0x18, 0x42, 0xc1, 0x8d, 0x18, 0x1c, 0x49, 0x08, 0x82,
	0x85, 0x7f, 0x54, 0xe5, 0x20, 0x04, 0x23, 0x06, 0x47, 0x12, 0x82, 0x60, 0xe1, 0x1f, 0x95, 0x39,
	0x10, 0xc1, 0x70, 0x84, 0x19, 0x48, 0x84, 0x7f, 0x8c, 0x18, 0x14, 0x49, 0x08, 0x82, 0x41, 0x18,
	0xfc, 0x42, 0x30, 0x1c, 0x31, 0x80, 0x81, 0xe0, 0x1f, 0xd3, 0x0d, 0x01, 0x1a, 0x08, 0x83, 0x0c,
	0x6c, 0x70, 0x9d, 0xc1, 0x2c, 0x43, 0x20, 0x08, 0x66, 0x84, 0x81, 0xf8, 0xcf, 0x31, 0x5c, 0xc1,
	0x1e, 0x0c, 0x32, 0x04, 0xd8, 0x1a, 0x18, 0x11, 0x90, 0xff, 0x88, 0xc1, 0x91, 0x84, 0x20, 0x58,
	0xf8, 0x47, 0x34, 0x0f, 0x57, 0x30, 0x86, 0x10, 0xfc, 0xc1, 0x70, 0x44, 0x80, 0x06, 0x84, 0x7f,
	0x8c, 0x21, 0x0c, 0x6d, 0x30, 0x1c, 0x11, 0xa8, 0x01, 0xe1, 0x1f, 0xd3, 0x0d, 0xc1, 0x1c, 0x0c,
	0xd3, 0x0d, 0x9e, 0x11, 0xcc, 0x12, 0x08, 0x03, 0x15, 0x83, 0x10, 0xf8, 0x01, 0x60, 0x4d, 0x18,
	0x88, 0xff, 0x20, 0x83, 0x1e, 0x94, 0x01, 0x1d, 0x58, 0x20, 0x80, 0xbf, 0xf5, 0x41, 0x10, 0xfe,
	0x63, 0x08, 0x81, 0x1d, 0x8c, 0x21, 0x14, 0x77, 0x60, 0x42, 0x10, 0xfe, 0x36, 0x08, 0xe0, 0x6f,
	0xa0, 0x40, 0x07, 0xe2, 0x3f, 0x62, 0x80, 0x24, 0x21, 0x08, 0x16, 0xfe, 0x31, 0x07, 0xe7, 0x10,
	0x0c, 0x82, 0x89, 0x42, 0x1d, 0x88, 0xff, 0x88, 0x01, 0x92, 0x84, 0x20, 0x58, 0xf8, 0xc7, 0x1c,
	0xa4, 0x43, 0x50, 0x10, 0x16, 0x0c, 0xe1, 0x6f, 0xc1, 0x1d, 0x88, 0xbf, 0x09, 0x77, 0x20, 0xfe,
	0x16, 0x18, 0xe0, 0x3f, 0x86, 0x10, 0xd9, 0xc2, 0x70, 0x44, 0x00, 0x0a, 0x82, 0x7f, 0x0c, 0x32,
	0x3c, 0x74, 0x70, 0x0a, 0x23, 0x06, 0x46, 0x12, 0x82, 0x60, 0xe1, 0x1f, 0x93, 0x4a, 0xec, 0x81,
	0x05, 0xac, 0x40, 0xfe, 0x73, 0x0c, 0x77, 0x10, 0xec, 0xc2, 0x20, 0x43, 0x80, 0x07, 0xab, 0x60,
	0xaf, 0xf0, 0x0a, 0xe2, 0x3f, 0x86, 0x80, 0xf9, 0x82, 0x05, 0x6b, 0x10, 0xfe, 0xc6, 0x06, 0x6c,
	0x20, 0xfe, 0x63, 0x08, 0x5c, 0x2b, 0x58, 0xe0, 0x06, 0xe2, 0x6f, 0x11, 0x29, 0x88, 0xff, 0x2c,
	0x01, 0x31, 0x8a, 0xe0, 0xfa, 0xff, 0xff, 0xff, 0x03, 0x30, 0x50, 0x41, 0x88, 0x87, 0x90, 0x0e,
	0xc8, 0x40, 0x05, 0xc0, 0x13, 0xc2, 0x38, 0x20, 0x03, 0x15, 0x80, 0x18, 0x08, 0xe3, 0x80, 0x58,
	0x17, 0x84, 0xff, 0x88, 0x81, 0x91, 0x84, 0x20, 0x58, 0xf8, 0xc7, 0x44, 0x13, 0xc1, 0x2c, 0x43,
	0x71, 0x48, 0xe6, 0x05, 0xe1, 0x3f, 0x1c, 0x11, 0x20, 0x84, 0x7f, 0xcc, 0x32, 0x18, 0x48, 0x60,
	0xc2, 0x1d, 0x90, 0xff, 0x88, 0x01, 0xd2, 0xc4, 0x20, 0x58, 0xf8, 0xc7, 0x1c, 0x98, 0x44, 0x60,
	0x2d, 0x16, 0xe4, 0x81, 0xf8, 0x1b, 0x14, 0x84, 0xff, 0x2c, 0x01, 0x62, 0x7b, 0x70, 0x80, 0xbf,
	0x95, 0x41, 0x10, 0xfe, 0x23, 0x06, 0x47, 0x12, 0x82, 0x60, 0xe1, 0x1f, 0x15, 0x59, 0x04, 0xba,
	0x60, 0x41, 0x20, 0xfe, 0x36, 0x05, 0xe1, 0x3f, 0x62, 0x70, 0x24, 0x21, 0x08, 0x16, 0xfe, 0x51,
	0x99, 0x45, 0x2f, 0x04, 0x23, 0x06, 0x46, 0x12, 0x82, 0x60, 0xe1, 0x1f, 0x93, 0x59, 0x04, 0x76,
	0x05, 0xe0, 0x3f, 0x4b, 0x80, 0x0c, 0x74, 0x00, 0xc2, 0x21, 0x19, 0x72, 0x50, 0x18, 0x2e, 0x04,
	0xe1, 0x3f, 0xc7, 0x10, 0x0b, 0x41, 0x3e, 0xcc, 0x31, 0x04, 0x83, 0x39, 0x58, 0x30, 0x06, 0xe0,
	0x6f, 0x01, 0x18, 0x88, 0xff, 0x88, 0x81, 0x91, 0x84, 0x20, 0x58, 0xf8, 0xc7, 0x83, 0x13, 0xc1,
	0x88, 0x81, 0x91, 0x84, 0x20, 0x58, 0xf8, 0xc7, 0xd3, 0x16, 0x82, 0x05, 0x81, 0xf8, 0x5b, 0x70,
	0x0b, 0xe2, 0x6f, 0xc1, 0x2d, 0x80, 0xbf, 0x05, 0x84, 0xf8, 0x5b, 0x80, 0x0b, 0xe0, 0x6f, 0x81,
	0x21, 0xfe, 0x16, 0xe4, 0x02, 0xf8, 0x5b, 0x10, 0x88, 0xbf, 0x05, 0x81, 0xf8, 0xdb, 0x12, 0x90,
	0xbf, 0x31, 0x41, 0xf8, 0x5b, 0x50, 0x0e, 0xe2, 0x6f, 0x81, 0x39, 0x80, 0xff, 0x18, 0x42, 0x80,
	0x0f, 0x63, 0x08, 0x42, 0x4b, 0x98, 0x10, 0x84, 0xbf, 0xa5, 0x41, 0x1a, 0x88, 0xbf, 0x05, 0xef,
	0x20, 0xfe, 0x16, 0xd0, 0x01, 0xf9, 0x8f, 0x18, 0x18, 0x49, 0x08, 0x82, 0x85, 0x7f, 0x4c, 0x6e,
	0x11, 0x18, 0x1c, 0x04, 0xe2, 0x6f, 0x81, 0x21, 0xfe, 0x16, 0x9c, 0x04, 0xf9, 0x5b, 0x10, 0x07,
	0xe0, 0x6f, 0x71, 0x40, 0x0a, 0xe0, 0x6f, 0x74, 0xc0, 0x16, 0x30, 0x30, 0xdc, 0x10, 0xb0, 0x05,
	0x18, 0xcc, 0x32, 0x0c, 0x44, 0x10, 0x10, 0x03, 0x02, 0x00, 0x00, 0x00, 0x5b, 0x86, 0x7a, 0x90,
	0xea, 0x01, 0x00, 0x00, 0x00, 0x00, 0x00, 0x00, 0x61, 0x20, 0x00, 0x00, 0x89, 0x00, 0x00, 0x00,
	0x13, 0x04, 0x4a, 0x2c, 0x10, 0x00, 0x00, 0x00, 0x26, 0x00, 0x00, 0x00, 0xf4, 0xa9, 0x81, 0x11,
	0x00, 0x02, 0x8c, 0x11, 0x80, 0x20, 0x08, 0x92, 0x60, 0x30, 0x46, 0xc0, 0x8e, 0xb0, 0x9a, 0x7e,
	0x63, 0x04, 0x20, 0x08, 0x82, 0xf8, 0x37, 0x02, 0x30, 0x46, 0x00, 0xdf, 0xba, 0x9c, 0x7b, 0x63,
	0x04, 0x37, 0xab, 0x8e, 0xf2, 0x37, 0x46, 0xc0, 0x8e, 0xb0, 0x9a, 0xfe, 0xc2, 0x18, 0xc1, 0xca,
	0xbe, 0x67, 0x0a, 0x0e, 0x63, 0x04, 0xab, 0xbb, 0xca, 0xe4, 0x37, 0x46, 0x90, 0xf2, 0xf4, 0xfc,
	0x7b, 0x63, 0x04, 0x3a, 0x9c, 0x96, 0xbc, 0x37, 0x46, 0xd0, 0x82, 0x62, 0x1c, 0xfe, 0xc2, 0x18,
	0x81, 0x9c, 0xd2, 0x21, 0xed, 0x8d, 0x11, 0xc8, 0xaf, 0xbe, 0xb2, 0xdf, 0x18, 0x81, 0xbf, 0x8e,
	0x21, 0xfc, 0x8d, 0x11, 0x80, 0x20, 0x08, 0xe2, 0xbf, 0x30, 0x46, 0x90, 0xc7, 0xe1, 0xbd, 0x7b,
	0x63, 0x04, 0x25, 0xaf, 0x8f, 0xf5, 0x37, 0x46, 0x80, 0xa3, 0x78, 0x7c, 0x7e, 0x63, 0x04, 0x2f,
	0x0d, 0xaf, 0xf7, 0x37, 0x46, 0x80, 0xc7, 0xe5, 0x5a, 0x83, 0xc1, 0x18, 0xc1, 0x5a, 0xab, 0xb5,
	0xfa, 0x01, 0x00, 0x00, 0xc3, 0x11, 0x5b, 0xc6, 0xf8, 0xc7, 0x2c, 0x43, 0x90, 0x04, 0xc3, 0x11,
	0x9c, 0xc5, 0xf8, 0xc7, 0x2c, 0xc3, 0x20, 0x04, 0x23, 0x06, 0x07, 0x12, 0x83, 0x60, 0xe1, 0x1f,
	0x9b, 0x2d, 0x74, 0xdb, 0x18, 0x42, 0xa0, 0x06, 0xb3, 0x04, 0xc9, 0x70, 0xc4, 0x77, 0x29, 0xfe,
	0x31, 0xcb, 0x40, 0x24, 0xc1, 0x70, 0x04, 0x18, 0x5c, 0x8c, 0x7f, 0xcc, 0x32, 0x20, 0x45, 0x60,
	0x61, 0x60, 0x81, 0xbf, 0x05, 0x96, 0xf8, 0x8f, 0x18, 0x18, 0x49, 0x08, 0x82, 0x85, 0x7f, 0x4c,
	0xe3, 0x10, 0xcc, 0x12, 0x18, 0x03, 0x15, 0x9f, 0x28, 0x14, 0xa0, 0x60, 0x0c, 0x54, 0x00, 0x44,
	0x31, 0x07, 0x86, 0x7d, 0x41, 0xf8, 0x5b, 0x10, 0x88, 0xbf, 0x05, 0x62, 0x20, 0xfe, 0x46, 0x70,
	0xe2, 0x6f, 0x01, 0x21, 0xfe, 0x66, 0x18, 0xe2, 0x6f, 0x81, 0x27, 0xfe, 0x86, 0x90, 0x81, 0xf8,
	0x5b, 0x30, 0x88, 0xbf, 0x15, 0x03, 0xf8, 0x5b, 0xb0, 0x06, 0xe2, 0x6f, 0x41, 0x02, 0xfe, 0x16,
	0x30, 0xe2, 0x6f, 0xc5, 0x1c, 0x84, 0xbf, 0x05, 0x02, 0xf8, 0xdb, 0x63, 0x06, 0xe2, 0x6f, 0x91,
	0x19, 0x88, 0xbf, 0x31, 0x66, 0x20, 0xfe, 0x26, 0x0c, 0xe1, 0x6f, 0xc1, 0x24, 0xfe, 0x16, 0x0c,
	0xe1, 0x6f, 0x81, 0x1d, 0x88, 0xbf, 0x21, 0x01, 0xf9, 0x1b, 0x16, 0x84, 0xff, 0x88, 0x81, 0x91,
	0x84, 0x20, 0x58, 0xf8, 0xc7, 0xe4, 0x0f, 0xc1, 0x2c, 0x83, 0x71, 0x6c, 0x86, 0x07, 0x41, 0xf8,
	0x5b, 0x10, 0x88, 0xbf, 0x05, 0x7b, 0x20, 0xfe, 0x46, 0xc0, 0x81, 0xf8, 0x5b, 0x40, 0x88, 0xbf,
	0x19, 0x86, 0xf8, 0x5b, 0x20, 0x07, 0xe2, 0x6f, 0x08, 0x1f, 0x88, 0xbf, 0x05, 0x83, 0xf8, 0x5b,
	0x31, 0x80, 0xbf, 0x05, 0xa4, 0x20, 0xfe, 0x16, 0x24, 0xe0, 0x6f, 0x01, 0x23, 0xfe, 0x16, 0x14,
	0xe0, 0x3f, 0x4b, 0x90, 0x18, 0x2b, 0xe4, 0x01, 0xf8, 0x5b, 0x90, 0x07, 0xe2, 0x6f, 0x41, 0x1e,
	0x80, 0xbf, 0x0d, 0x79, 0x20, 0xfe, 0x16, 0xe4, 0x01, 0xf8, 0x9b, 0x2c, 0xe4, 0x81, 0xf8, 0x8f,
	0x18, 0x1c, 0x49, 0x08, 0x82, 0x85, 0x7f, 0x54, 0xf8, 0x10, 0xe4, 0x81, 0xb5, 0x42, 0x10, 0xfe,
	0x26, 0x08, 0xe2, 0x6f, 0x01, 0x2b, 0x88, 0xbf, 0x11, 0x88, 0xf8, 0x5b, 0x40, 0x88, 0xbf, 0x15,
	0x85, 0xf8, 0x5b, 0x90, 0x88, 0xbf, 0x1d, 0xba, 0x20, 0xfe, 0x16, 0x0c, 0xe2, 0x6f, 0xc5, 0x00,
	0xfe, 0x16, 0xe4, 0x82, 0xf8, 0x5b, 0x90, 0x80, 0xbf, 0x05, 0x8d, 0xf8, 0x5b, 0x50, 0x80, 0xff,
	0x2c, 0x41, 0x32, 0xd0, 0x02, 0xa0, 0x84, 0xc0, 0x06, 0x87, 0x80, 0xd0, 0x05, 0x20, 0x1a, 0x43,
	0x06, 0x01, 0x31, 0x00, 0x02, 0x00, 0x00, 0x00, 0x5b, 0x06, 0x35, 0x90, 0x6c, 0x01, 0x00, 0x00,
	0x00, 0x00, 0x00, 0x00, 0x61, 0x20, 0x00, 0x00, 0x7c, 0x00, 0x00, 0x00, 0x13, 0x04, 0x44, 0x2c,
	0x10, 0x00, 0x00, 0x00, 0x14, 0x00, 0x00, 0x00, 0xf4, 0xa9, 0x01, 0x52, 0x8d, 0x25, 0x00, 0x01,
	0xed, 0x4a, 0xa0, 0x08, 0xca, 0x80, 0x00, 0x23, 0x00, 0x63, 0x04, 0x20, 0x08, 0x82, 0xf0, 0x37,
	0x46, 0x80, 0xe6, 0x3a, 0x6f, 0x9e, 0xc1, 0x18, 0x01, 0x08, 0x82, 0x20, 0xfe, 0x8d, 0x11, 0x80,
	0x20, 0x08, 0xe2, 0xbf, 0x30, 0x46, 0x00, 0x82, 0x20, 0x08, 0x82, 0xc1, 0x18, 0x01, 0x08, 0x82,
	0x20, 0x09, 0x06, 0x63, 0x04, 0x20, 0x08, 0x82, 0x2c, 0x18, 0x8c, 0x11, 0x80, 0x20, 0x08, 0x82,
	0xa0, 0x40, 0x81, 0x19, 0x00, 0x00, 0x00, 0x00, 0x83, 0x0c, 0x51, 0xe0, 0xd8, 0x14, 0x84, 0xff,
	0x18, 0x82, 0x04, 0x06, 0xc3, 0x11, 0x41, 0x23, 0xf8, 0xc7, 0x18, 0xc2, 0x10, 0x59, 0x30, 0x90,
	0xff, 0x74, 0x44, 0xe0, 0x0c, 0xfe, 0x31, 0x86, 0x70, 0x51, 0xc3, 0x11, 0x81, 0x24, 0xf8, 0xc7,
	0x18, 0x82, 0x56, 0x8d, 0x21, 0x24, 0x68, 0x60, 0x42, 0x10, 0xfe, 0x16, 0x14, 0xe4, 0x3f, 0x1d,
	0x11, 0x54, 0x85, 0x7f, 0x8c, 0x21, 0x78, 0xda, 0x70, 0x44, 0x90, 0x09, 0xfe, 0x31, 0x86, 0x10,
	0x06, 0x9b, 0x05, 0x4d, 0xf8, 0x5b, 0x40, 0x90, 0xff, 0x74, 0x44, 0xb0, 0x11, 0xfe, 0x31, 0x86,
	0x40, 0x06, 0xdf, 0x70, 0x44, 0xf0, 0x09, 0xfe, 0x61, 0x8c, 0x40, 0xfe, 0xd3, 0x11, 0xc1, 0x27,
	0xf8, 0xc7, 0x70, 0x84, 0xb4, 0x28, 0xfe, 0x31, 0x1c, 0x31, 0x19, 0x8a, 0x7f, 0x4c, 0x37, 0xa4,
	0x41, 0x20, 0x0c, 0x47, 0x54, 0x84, 0xe2, 0x1f, 0xd3, 0x0d, 0x6b, 0x10, 0x08, 0xb3, 0x0c, 0xc1,
	0x10, 0x0c, 0x47, 0x40, 0x8a, 0xe2, 0x1f, 0xc3, 0x11, 0xd1, 0xa1, 0xf8, 0xc7, 0x74, 0x83, 0x1b,
	0x04, 0xc2, 0x2c, 0x83, 0x30, 0x04, 0xc3, 0x11, 0x4d, 0xa2, 0xf8, 0xc7, 0x74, 0x43, 0x33, 0x05,
	0xd3, 0x0d, 0x52, 0x26, 0x4c, 0x37, 0x48, 0xd8, 0x30, 0x4b, 0x30, 0x0c, 0x74, 0x00, 0xa4, 0x00,
	0xe8, 0x41, 0x60, 0x08, 0x03, 0x1d, 0x00, 0x1e, 0x00, 0x6a, 0x10, 0x18, 0xc2, 0x40, 0x07, 0x80,
	0x07, 0x00, 0x29, 0x04, 0x86, 0x60, 0xc3, 0x1a, 0x88, 0xbf, 0x0d, 0x01, 0xf9, 0x5b, 0x00, 0x07,
	0xe0, 0x6f, 0xc1, 0x1c, 0x88, 0xbf, 0x05, 0x74, 0x00, 0xfe, 0x23, 0x06, 0x46, 0x12, 0x82, 0x60,
	0xe1, 0x1f, 0x93, 0x3b, 0x04, 0x23, 0x06, 0x47, 0x12, 0x82, 0x60, 0xe1, 0x1f, 0x55, 0x3f, 0xd0,
	0x41, 0x60, 0x4a, 0x1c, 0x88, 0xbf, 0x09, 0x81, 0xf8, 0x0f, 0x47, 0x04, 0x4b, 0xe1, 0x1f, 0xd3,
	0x11, 0x78, 0xb0, 0x07, 0x81, 0x7f, 0x58, 0x50, 0x80, 0xbf, 0x05, 0x79, 0x00, 0xfe, 0x16, 0x18,
	0xe2, 0x3f, 0x1c, 0x11, 0x40, 0x82, 0x7f, 0x4c, 0x47, 0xf4, 0x01, 0x28, 0x04, 0xfe, 0x61, 0x45,
	0x10, 0xfe, 0x16, 0xf4, 0x81, 0xf8, 0x5b, 0xf0, 0x07, 0xe0, 0x6f, 0x55, 0x40, 0xfe, 0x56, 0x05,
	0xe4, 0x3f, 0x62, 0x60, 0x24, 0x21, 0x08, 0x16, 0xfe, 0x31, 0xf9, 0x43, 0x60, 0x43, 0x20, 0xfe,
	0x86, 0x05, 0xe1, 0x6f, 0x45, 0x10, 0xfe, 0x23, 0x06, 0x47, 0x12, 0x82, 0x60, 0xe1, 0x1f, 0x55,
	0x4c, 0x08, 0x81, 0x15, 0xaa, 0x20, 0xfe, 0x23, 0x06, 0x46, 0x12, 0x82, 0x60, 0xe1, 0x1f, 0x13,
	0x49, 0x04, 0x16, 0xa0, 0x82, 0xf8, 0x1b, 0x12, 0x84, 0xff, 0x70, 0x44, 0xe0, 0x0a, 0x84, 0x7f,
	0x18, 0x2a, 0x18, 0xe1, 0x3f, 0x1d, 0x11, 0x1c, 0x82, 0x7f, 0x58, 0x2c, 0x04, 0xe1, 0x3f, 0x62,
	0x60, 0x24, 0x21, 0x08, 0x16, 0xfe, 0x31, 0xed, 0x44, 0x90, 0x01, 0x00, 0x71, 0x20, 0x00, 0x00,
	0x09, 0x00, 0x00, 0x00, 0x32, 0x0e, 0x10, 0x22, 0x84, 0x00, 0x90, 0x0c, 0x18, 0x20, 0x0f, 0x81,
	0x0b, 0xfc, 0x12, 0xc8, 0xc0, 0x3e, 0x81, 0x14, 0x84, 0x15, 0xc8, 0xc1, 0x8c, 0x81, 0x1f, 0xa9,
	0x1a, 0x38, 0x42, 0xbb, 0x01, 0x00, 0x00, 0x00, 0x00, 0x00, 0x00, 0x00, 0x65, 0x0c, 0x00, 0x00,
	0xf1, 0x00, 0x00, 0x00, 0x12, 0x03, 0x94, 0x78, 0x07, 0x00, 0x00, 0x00, 0x03, 0x00, 0x00, 0x00,
	0x8a, 0x02, 0x00, 0x00, 0x0b, 0x00, 0x00, 0x00, 0x4c, 0x00, 0x00, 0x00, 0x01, 0x00, 0x00, 0x00,
	0x58, 0x00, 0x00, 0x00, 0x00, 0x00, 0x00, 0x00, 0x58, 0x00, 0x00, 0x00, 0x24, 0x00, 0x00, 0x00,
	0xb8, 0x03, 0x00, 0x00, 0x00, 0x00, 0x00, 0x00, 0x95, 0x02, 0x00, 0x00, 0x1c, 0x00, 0x00, 0x00,
	0x00, 0x00, 0x00, 0x00, 0x02, 0x00, 0x00, 0x00, 0xb1, 0x02, 0x00, 0x00, 0x00, 0x00, 0x00, 0x00,
	0xb8, 0x03, 0x00, 0x00, 0x00, 0x00, 0x00, 0x00, 0x00, 0x00, 0x00, 0x00, 0x24, 0x00, 0x00, 0x00,
	0x00, 0x00, 0x00, 0x00, 0x00, 0x00, 0x00, 0x00, 0x02, 0x00, 0x00, 0x00, 0x00, 0x00, 0x00, 0x00,
	0x02, 0x00, 0x00, 0x00, 0xff, 0xff, 0xff, 0xff, 0x00, 0x24, 0x00, 0x00, 0x02, 0x00, 0x00, 0x00,
	0x1d, 0x00, 0x00, 0x00, 0x02, 0x00, 0x00, 0x00, 0x1d, 0x00, 0x00, 0x00, 0xff, 0xff, 0xff, 0xff,
	0x00, 0x30, 0x00, 0x00, 0x1f, 0x00, 0x00, 0x00, 0x17, 0x00, 0x00, 0x00, 0x1f, 0x00, 0x00, 0x00,
	0x17, 0x00, 0x00, 0x00, 0xff, 0xff, 0xff, 0xff, 0x08, 0x24, 0x00, 0x00, 0x36, 0x00, 0x00, 0x00,
	0x13, 0x00, 0x00, 0x00, 0x36, 0x00, 0x00, 0x00, 0x13, 0x00, 0x00, 0x00, 0xff, 0xff, 0xff, 0xff,
	0x08, 0x24, 0x00, 0x00, 0x49, 0x00, 0x00, 0x00, 0x13, 0x00, 0x00, 0x00, 0x49, 0x00, 0x00, 0x00,
	0x13, 0x00, 0x00, 0x00, 0xff, 0xff, 0xff, 0xff, 0x08, 0x24, 0x00, 0x00, 0x5c, 0x00, 0x00, 0x00,
	0x15, 0x00, 0x00, 0x00, 0x5c, 0x00, 0x00, 0x00, 0x15, 0x00, 0x00, 0x00, 0xff, 0xff, 0xff, 0xff,
	0x08, 0x24, 0x00, 0x00, 0x71, 0x00, 0x00, 0x00, 0x11, 0x00, 0x00, 0x00, 0x71, 0x00, 0x00, 0x00,
	0x11, 0x00, 0x00, 0x00, 0xff, 0xff, 0xff, 0xff, 0x08, 0x24, 0x00, 0x00, 0x82, 0x00, 0x00, 0x00,
	0x11, 0x00, 0x00, 0x00, 0x82, 0x00, 0x00, 0x00, 0x11, 0x00, 0x00, 0x00, 0xff, 0xff, 0xff, 0xff,
	0x08, 0x24, 0x00, 0x00, 0x93, 0x00, 0x00, 0x00, 0x11, 0x00, 0x00, 0x00, 0x93, 0x00, 0x00, 0x00,
	0x11, 0x00, 0x00, 0x00, 0xff, 0xff, 0xff, 0xff, 0x08, 0x24, 0x00, 0x00, 0xa4, 0x00, 0x00, 0x00,
	0x0d, 0x00, 0x00, 0x00, 0xa4, 0x00, 0x00, 0x00, 0x0d, 0x00, 0x00, 0x00, 0xff, 0xff, 0xff, 0xff,
	0x08, 0x24, 0x00, 0x00, 0xb1, 0x00, 0x00, 0x00, 0x13, 0x00, 0x00, 0x00, 0xb1, 0x00, 0x00, 0x00,
	0x13, 0x00, 0x00, 0x00, 0xff, 0xff, 0xff, 0xff, 0x08, 0x24, 0x00, 0x00, 0xc4, 0x00, 0x00, 0x00,
	0x17, 0x00, 0x00, 0x00, 0xc4, 0x00, 0x00, 0x00, 0x17, 0x00, 0x00, 0x00, 0xff, 0xff, 0xff, 0xff,
	0x00, 0x30, 0x00, 0x00, 0xdb, 0x00, 0x00, 0x00, 0x11, 0x00, 0x00, 0x00, 0xdb, 0x00, 0x00, 0x00,
	0x11, 0x00, 0x00, 0x00, 0xff, 0xff, 0xff, 0xff, 0x00, 0x30, 0x00, 0x00, 0xec, 0x00, 0x00, 0x00,
	0x11, 0x00, 0x00, 0x00, 0xec, 0x00, 0x00, 0x00, 0x11, 0x00, 0x00, 0x00, 0xff, 0xff, 0xff, 0xff,
	0x08, 0x24, 0x00, 0x00, 0xfd, 0x00, 0x00, 0x00, 0x13, 0x00, 0x00, 0x00, 0xfd, 0x00, 0x00, 0x00,
	0x13, 0x00, 0x00, 0x00, 0xff, 0xff, 0xff, 0xff, 0x08, 0x24, 0x00, 0x00, 0x10, 0x01, 0x00, 0x00,
	0x13, 0x00, 0x00, 0x00, 0x10, 0x01, 0x00, 0x00, 0x13, 0x00, 0x00, 0x00, 0xff, 0xff, 0xff, 0xff,
	0x08, 0x24, 0x00, 0x00, 0x23, 0x01, 0x00, 0x00, 0x0c, 0x00, 0x00, 0x00, 0x23, 0x01, 0x00, 0x00,
	0x0c, 0x00, 0x00, 0x00, 0xff, 0xff, 0xff, 0xff, 0x08, 0x24, 0x00, 0x00, 0x2f, 0x01, 0x00, 0x00,
	0x17, 0x00, 0x00, 0x00, 0x2f, 0x01, 0x00, 0x00, 0x17, 0x00, 0x00, 0x00, 0xff, 0xff, 0xff, 0xff,
	0x08, 0x24, 0x00, 0x00, 0x46, 0x01, 0x00, 0x00, 0x0d, 0x00, 0x00, 0x00, 0x46, 0x01, 0x00, 0x00,
	0x0d, 0x00, 0x00, 0x00, 0xff, 0xff, 0xff, 0xff, 0x08, 0x24, 0x00, 0x00, 0x53, 0x01, 0x00, 0x00,
	0x1b, 0x00, 0x00, 0x00, 0x53, 0x01, 0x00, 0x00, 0x1b, 0x00, 0x00, 0x00, 0xff, 0xff, 0xff, 0xff,
	0x08, 0x24, 0x00, 0x00, 0x6e, 0x01, 0x00, 0x00, 0x1c, 0x00, 0x00, 0x00, 0x6e, 0x01, 0x00, 0x00,
	0x1c, 0x00, 0x00, 0x00, 0xff, 0xff, 0xff, 0xff, 0x00, 0x30, 0x00, 0x00, 0x8a, 0x01, 0x00, 0x00,
	0x12, 0x00, 0x00, 0x00, 0x8a, 0x01, 0x00, 0x00, 0x12, 0x00, 0x00, 0x00, 0xff, 0xff, 0xff, 0xff,
	0x08, 0x24, 0x00, 0x00, 0x9c, 0x01, 0x00, 0x00, 0x12, 0x00, 0x00, 0x00, 0x9c, 0x01, 0x00, 0x00,
	0x12, 0x00, 0x00, 0x00, 0xff, 0xff, 0xff, 0xff, 0x08, 0x24, 0x00, 0x00, 0xae, 0x01, 0x00, 0x00,
	0x13, 0x00, 0x00, 0x00, 0xae, 0x01, 0x00, 0x00, 0x13, 0x00, 0x00, 0x00, 0xff, 0xff, 0xff, 0xff,
	0x08, 0x24, 0x00, 0x00, 0xc1, 0x01, 0x00, 0x00, 0x0d, 0x00, 0x00, 0x00, 0xc1, 0x01, 0x00, 0x00,
	0x0d, 0x00, 0x00, 0x00, 0xff, 0xff, 0xff, 0xff, 0x08, 0x24, 0x00, 0x00, 0xce, 0x01, 0x00, 0x00,
	0x0e, 0x00, 0x00, 0x00, 0xce, 0x01, 0x00, 0x00, 0x0e, 0x00, 0x00, 0x00, 0xff, 0xff, 0xff, 0xff,
	0x08, 0x24, 0x00, 0x00, 0xdc, 0x01, 0x00, 0x00, 0x13, 0x00, 0x00, 0x00, 0xdc, 0x01, 0x00, 0x00,
	0x13, 0x00, 0x00, 0x00, 0xff, 0xff, 0xff, 0xff, 0x08, 0x24, 0x00, 0x00, 0xef, 0x01, 0x00, 0x00,
	0x0b, 0x00, 0x00, 0x00, 0xef, 0x01, 0x00, 0x00, 0x0b, 0x00, 0x00, 0x00, 0xff, 0xff, 0xff, 0xff,
	0x08, 0x24, 0x00, 0x00, 0xfa, 0x01, 0x00, 0x00, 0x1a, 0x00, 0x00, 0x00, 0xfa, 0x01, 0x00, 0x00,
	0x1a, 0x00, 0x00, 0x00, 0xff, 0xff, 0xff, 0xff, 0x00, 0x30, 0x00, 0x00, 0x14, 0x02, 0x00, 0x00,
	0x10, 0x00, 0x00, 0x00, 0x14, 0x02, 0x00, 0x00, 0x10, 0x00, 0x00, 0x00, 0xff, 0xff, 0xff, 0xff,
	0x08, 0x24, 0x00, 0x00, 0x24, 0x02, 0x00, 0x00, 0x0e, 0x00, 0x00, 0x00, 0x24, 0x02, 0x00, 0x00,
	0x0e, 0x00, 0x00, 0x00, 0xff, 0xff, 0xff, 0xff, 0x08, 0x24, 0x00, 0x00, 0x32, 0x02, 0x00, 0x00,
	0x0f, 0x00, 0x00, 0x00, 0x32, 0x02, 0x00, 0x00, 0x0f, 0x00, 0x00, 0x00, 0xff, 0xff, 0xff, 0xff,
	0x00, 0x30, 0x00, 0x00, 0x41, 0x02, 0x00, 0x00, 0x10, 0x00, 0x00, 0x00, 0x41, 0x02, 0x00, 0x00,
	0x10, 0x00, 0x00, 0x00, 0xff, 0xff, 0xff, 0xff, 0x08, 0x24, 0x00, 0x00, 0x51, 0x02, 0x00, 0x00,
	0x12, 0x00, 0x00, 0x00, 0x51, 0x02, 0x00, 0x00, 0x12, 0x00, 0x00, 0x00, 0xff, 0xff, 0xff, 0xff,
	0x08, 0x24, 0x00, 0x00, 0x63, 0x02, 0x00, 0x00, 0x13, 0x00, 0x00, 0x00, 0x63, 0x02, 0x00, 0x00,
	0x13, 0x00, 0x00, 0x00, 0xff, 0xff, 0xff, 0xff, 0x08, 0x24, 0x00, 0x00, 0x76, 0x02, 0x00, 0x00,
	0x14, 0x00, 0x00, 0x00, 0x76, 0x02, 0x00, 0x00, 0x14, 0x00, 0x00, 0x00, 0xff, 0xff, 0xff, 0xff,
	0x00, 0x30, 0x00, 0x00, 0x00, 0x00, 0x00, 0x00, 0x5d, 0x0c, 0x00, 0x00, 0xb0, 0x00, 0x00, 0x00,
	0x12, 0x03, 0x94, 0x71, 0x05, 0x00, 0x00, 0x00, 0x70, 0x73, 0x5f, 0x5a, 0x31, 0x32, 0x72, 0x65,
	0x63, 0x74, 0x43, 0x6f, 0x76, 0x65, 0x72, 0x61, 0x67, 0x65, 0x44, 0x76, 0x32, 0x5f, 0x66, 0x44,
	0x76, 0x34, 0x5f, 0x66, 0x53, 0x30, 0x5f, 0x61, 0x69, 0x72, 0x2e, 0x66, 0x61, 0x73, 0x74, 0x5f,
	0x73, 0x61, 0x74, 0x75, 0x72, 0x61, 0x74, 0x65, 0x2e, 0x76, 0x32, 0x66, 0x33, 0x32, 0x61, 0x69,
	0x72, 0x2e, 0x66, 0x61, 0x73, 0x74, 0x5f, 0x66, 0x6d, 0x61, 0x78, 0x2e, 0x76, 0x32, 0x66, 0x33,
	0x32, 0x61, 0x69, 0x72, 0x2e, 0x66, 0x61, 0x73, 0x74, 0x5f, 0x66, 0x6d, 0x69, 0x6e, 0x2e, 0x76,
	0x32, 0x66, 0x33, 0x32, 0x61, 0x69, 0x72, 0x2e, 0x66, 0x61, 0x73, 0x74, 0x5f, 0x73, 0x61, 0x74,
	0x75, 0x72, 0x61, 0x74, 0x65, 0x2e, 0x66, 0x33, 0x32, 0x61, 0x69, 0x72, 0x2e, 0x66, 0x61, 0x73,
	0x74, 0x5f, 0x66, 0x6d, 0x69, 0x6e, 0x2e, 0x66, 0x33, 0x32, 0x61, 0x69, 0x72, 0x2e, 0x66, 0x61,
	0x73, 0x74, 0x5f, 0x66, 0x6d, 0x61, 0x78, 0x2e, 0x66, 0x33, 0x32, 0x61, 0x69, 0x72, 0x2e, 0x66,
	0x61, 0x73, 0x74, 0x5f, 0x73, 0x71, 0x72, 0x74, 0x2e, 0x66, 0x33, 0x32, 0x61, 0x69, 0x72, 0x2e,
	0x64, 0x6f, 0x74, 0x2e, 0x76, 0x32, 0x66, 0x33, 0x32, 0x61, 0x69, 0x72, 0x2e, 0x66, 0x61, 0x73,
	0x74, 0x5f, 0x66, 0x61, 0x62, 0x73, 0x2e, 0x76, 0x32, 0x66, 0x33, 0x32, 0x5f, 0x5a, 0x31, 0x34,
	0x63, 0x6f, 0x72, 0x6e, 0x65, 0x72, 0x43, 0x6f, 0x76, 0x65, 0x72, 0x61, 0x67, 0x65, 0x66, 0x66,
	0x66, 0x66, 0x66, 0x5f, 0x5a, 0x31, 0x31, 0x63, 0x6f, 0x6e, 0x74, 0x50, 0x72, 0x6f, 0x66, 0x69,
	0x6c, 0x65, 0x66, 0x66, 0x61, 0x69, 0x72, 0x2e, 0x66, 0x61, 0x73, 0x74, 0x5f, 0x66, 0x61, 0x62,
	0x73, 0x2e, 0x66, 0x33, 0x32, 0x61, 0x69, 0x72, 0x2e, 0x66, 0x61, 0x73, 0x74, 0x5f, 0x66, 0x6d,
	0x69, 0x6e, 0x2e, 0x76, 0x34, 0x66, 0x33, 0x32, 0x61, 0x69, 0x72, 0x2e, 0x66, 0x61, 0x73, 0x74,
	0x5f, 0x66, 0x6d, 0x61, 0x78, 0x2e, 0x76, 0x34, 0x66, 0x33, 0x32, 0x61, 0x69, 0x72, 0x2e, 0x61,
	0x6e, 0x79, 0x2e, 0x76, 0x34, 0x69, 0x31, 0x61, 0x69, 0x72, 0x2e, 0x66, 0x61, 0x73, 0x74, 0x5f,
	0x73, 0x61, 0x74, 0x75, 0x72, 0x61, 0x74, 0x65, 0x2e, 0x76, 0x33, 0x66, 0x33, 0x32, 0x61, 0x69,
	0x72, 0x2e, 0x64, 0x6f, 0x74, 0x2e, 0x76, 0x33, 0x66, 0x33, 0x32, 0x61, 0x69, 0x72, 0x2e, 0x73,
	0x61, 0x6d, 0x70, 0x6c, 0x65, 0x5f, 0x74, 0x65, 0x78, 0x74, 0x75, 0x72, 0x65, 0x5f, 0x32, 0x64,
	0x2e, 0x76, 0x34, 0x66, 0x33, 0x32, 0x5f, 0x5a, 0x35, 0x70, 0x61, 0x69, 0x6e, 0x74, 0x44, 0x76,
	0x32, 0x5f, 0x66, 0x66, 0x44, 0x76, 0x34, 0x5f, 0x66, 0x53, 0x30, 0x5f, 0x53, 0x30, 0x5f, 0x53,
	0x30, 0x5f, 0x61, 0x69, 0x72, 0x2e, 0x66, 0x61, 0x73, 0x74, 0x5f, 0x66, 0x6c, 0x6f, 0x6f, 0x72,
	0x2e, 0x66, 0x33, 0x32, 0x61, 0x69, 0x72, 0x2e, 0x66, 0x61, 0x73, 0x74, 0x5f, 0x70, 0x6f, 0x77,
	0x2e, 0x76, 0x33, 0x66, 0x33, 0x32, 0x61, 0x69, 0x72, 0x2e, 0x66, 0x61, 0x73, 0x74, 0x5f, 0x66,
	0x6d, 0x61, 0x78, 0x2e, 0x76, 0x33, 0x66, 0x33, 0x32, 0x61, 0x69, 0x72, 0x2e, 0x6d, 0x69, 0x78,
	0x2e, 0x76, 0x33, 0x66, 0x33, 0x32, 0x61, 0x69, 0x72, 0x2e, 0x73, 0x69, 0x67, 0x6e, 0x2e, 0x76,
	0x33, 0x66, 0x33, 0x32, 0x61, 0x69, 0x72, 0x2e, 0x66, 0x61, 0x73, 0x74, 0x5f, 0x66, 0x61, 0x62,
	0x73, 0x2e, 0x76, 0x33, 0x66, 0x33, 0x32, 0x61, 0x69, 0x72, 0x2e, 0x6d, 0x69, 0x78, 0x2e, 0x66,
	0x33, 0x32, 0x5f, 0x5a, 0x39, 0x62, 0x6f, 0x78, 0x53, 0x68, 0x61, 0x64, 0x6f, 0x77, 0x44, 0x76,
	0x32, 0x5f, 0x66, 0x44, 0x76, 0x34, 0x5f, 0x66, 0x66, 0x53, 0x30, 0x5f, 0x61, 0x69, 0x72, 0x2e,
	0x66, 0x61, 0x73, 0x74, 0x5f, 0x65, 0x78, 0x70, 0x2e, 0x66, 0x33, 0x32, 0x61, 0x69, 0x72, 0x2e,
	0x73, 0x69, 0x67, 0x6e, 0x2e, 0x76, 0x32, 0x66, 0x33, 0x32, 0x5f, 0x5a, 0x39, 0x63, 0x6f, 0x6e,
	0x74, 0x49, 0x6e, 0x73, 0x65, 0x74, 0x66, 0x66, 0x66, 0x61, 0x69, 0x72, 0x2e, 0x66, 0x61, 0x73,
	0x74, 0x5f, 0x70, 0x6f, 0x77, 0x2e, 0x66, 0x33, 0x32, 0x61, 0x69, 0x72, 0x2e, 0x66, 0x61, 0x73,
	0x74, 0x5f, 0x63, 0x6c, 0x61, 0x6d, 0x70, 0x2e, 0x66, 0x33, 0x32, 0x61, 0x69, 0x72, 0x2e, 0x66,
	0x61, 0x73, 0x74, 0x5f, 0x66, 0x61, 0x62, 0x73, 0x2e, 0x76, 0x34, 0x66, 0x33, 0x32, 0x5f, 0x5a,
	0x34, 0x64, 0x61, 0x73, 0x68, 0x44, 0x76, 0x32, 0x5f, 0x66, 0x44, 0x76, 0x34, 0x5f, 0x66, 0x53,
	0x30, 0x5f, 0x33, 0x32, 0x30, 0x32, 0x33, 0x2e, 0x39, 0x32, 0x31, 0x2e, 0x36, 0x61, 0x69, 0x72,
	0x36, 0x34, 0x5f, 0x76, 0x32, 0x34, 0x2d, 0x61, 0x70, 0x70, 0x6c, 0x65, 0x2d, 0x6d, 0x61, 0x63,
	0x6f, 0x73, 0x78, 0x31, 0x32, 0x2e, 0x30, 0x2e, 0x30, 0x00, 0x00, 0x00, 0x00, 0x00, 0x00, 0x00,
}
