// Code generated by internal/gen from glass.hlsl and blur.hlsl; DO NOT EDIT.

//go:build windows

package glass

// hlslSum is the SHA-256 of what hlslBytecode was compiled from: glass.hlsl
// within the renderer's head and tail.
const hlslSum = "623d9963fca1d2ef197500e53ac54164e2ba89019017b8909103b2bb9772c5c6"

var hlslBytecode = []byte{
	0x44, 0x58, 0x42, 0x43, 0x9d, 0x45, 0xe3, 0x94, 0x4e, 0xd4, 0x87, 0xae, 0x54, 0x6f, 0xb7, 0xf4,
	0x9b, 0x90, 0x88, 0xcc, 0x01, 0x00, 0x00, 0x00, 0x7c, 0x2a, 0x00, 0x00, 0x05, 0x00, 0x00, 0x00,
	0x34, 0x00, 0x00, 0x00, 0xfc, 0x00, 0x00, 0x00, 0x04, 0x03, 0x00, 0x00, 0x50, 0x03, 0x00, 0x00,
	0x00, 0x2a, 0x00, 0x00, 0x52, 0x44, 0x45, 0x46, 0xc0, 0x00, 0x00, 0x00, 0x00, 0x00, 0x00, 0x00,
	0x00, 0x00, 0x00, 0x00, 0x03, 0x00, 0x00, 0x00, 0x1c, 0x00, 0x00, 0x00, 0x00, 0x04, 0xff, 0xff,
	0x00, 0xa1, 0x00, 0x00, 0x95, 0x00, 0x00, 0x00, 0x7c, 0x00, 0x00, 0x00, 0x03, 0x00, 0x00, 0x00,
	0x00, 0x00, 0x00, 0x00, 0x00, 0x00, 0x00, 0x00, 0x00, 0x00, 0x00, 0x00, 0x00, 0x00, 0x00, 0x00,
	0x01, 0x00, 0x00, 0x00, 0x01, 0x00, 0x00, 0x00, 0x81, 0x00, 0x00, 0x00, 0x02, 0x00, 0x00, 0x00,
	0x05, 0x00, 0x00, 0x00, 0x04, 0x00, 0x00, 0x00, 0xff, 0xff, 0xff, 0xff, 0x03, 0x00, 0x00, 0x00,
	0x01, 0x00, 0x00, 0x00, 0x0d, 0x00, 0x00, 0x00, 0x8d, 0x00, 0x00, 0x00, 0x02, 0x00, 0x00, 0x00,
	0x05, 0x00, 0x00, 0x00, 0x04, 0x00, 0x00, 0x00, 0xff, 0xff, 0xff, 0xff, 0x05, 0x00, 0x00, 0x00,
	0x01, 0x00, 0x00, 0x00, 0x0d, 0x00, 0x00, 0x00, 0x73, 0x61, 0x6d, 0x70, 0x00, 0x62, 0x61, 0x63,
	0x6b, 0x64, 0x72, 0x6f, 0x70, 0x54, 0x65, 0x78, 0x00, 0x63, 0x6c, 0x69, 0x70, 0x54, 0x65, 0x78,
	0x00, 0x4d, 0x69, 0x63, 0x72, 0x6f, 0x73, 0x6f, 0x66, 0x74, 0x20, 0x28, 0x52, 0x29, 0x20, 0x48,
	0x4c, 0x53, 0x4c, 0x20, 0x53, 0x68, 0x61, 0x64, 0x65, 0x72, 0x20, 0x43, 0x6f, 0x6d, 0x70, 0x69,
	0x6c, 0x65, 0x72, 0x20, 0x31, 0x30, 0x2e, 0x31, 0x00, 0xab, 0xab, 0xab, 0x49, 0x53, 0x47, 0x4e,
	0x00, 0x02, 0x00, 0x00, 0x11, 0x00, 0x00, 0x00, 0x08, 0x00, 0x00, 0x00, 0xa0, 0x01, 0x00, 0x00,
	0x00, 0x00, 0x00, 0x00, 0x01, 0x00, 0x00, 0x00, 0x03, 0x00, 0x00, 0x00, 0x00, 0x00, 0x00, 0x00,
	0x0f, 0x00, 0x00, 0x00, 0xac, 0x01, 0x00, 0x00, 0x00, 0x00, 0x00, 0x00, 0x00, 0x00, 0x00, 0x00,
	0x03, 0x00, 0x00, 0x00, 0x01, 0x00, 0x00, 0x00, 0x03, 0x03, 0x00, 0x00, 0xb2, 0x01, 0x00, 0x00,
	0x00, 0x00, 0x00, 0x00, 0x00, 0x00, 0x00, 0x00, 0x03, 0x00, 0x00, 0x00, 0x01, 0x00, 0x00, 0x00,
	0x0c, 0x0c, 0x00, 0x00, 0xb8, 0x01, 0x00, 0x00, 0x00, 0x00, 0x00, 0x00, 0x00, 0x00, 0x00, 0x00,
	0x03, 0x00, 0x00, 0x00, 0x02, 0x00, 0x00, 0x00, 0x03, 0x00, 0x00, 0x00, 0xc1, 0x01, 0x00, 0x00,
	0x00, 0x00, 0x00, 0x00, 0x00, 0x00, 0x00, 0x00, 0x03, 0x00, 0x00, 0x00, 0x03, 0x00, 0x00, 0x00,
	0x0f, 0x0f, 0x00, 0x00, 0xc6, 0x01, 0x00, 0x00, 0x00, 0x00, 0x00, 0x00, 0x00, 0x00, 0x00, 0x00,
	0x03, 0x00, 0x00, 0x00, 0x04, 0x00, 0x00, 0x00, 0x0f, 0x0f, 0x00, 0x00, 0xcc, 0x01, 0x00, 0x00,
	0x00, 0x00, 0x00, 0x00, 0x00, 0x00, 0x00, 0x00, 0x03, 0x00, 0x00, 0x00, 0x05, 0x00, 0x00, 0x00,
	0x0f, 0x0f, 0x00, 0x00, 0xd2, 0x01, 0x00, 0x00, 0x00, 0x00, 0x00, 0x00, 0x00, 0x00, 0x00, 0x00,
	0x03, 0x00, 0x00, 0x00, 0x06, 0x00, 0x00, 0x00, 0x0f, 0x0f, 0x00, 0x00, 0xd2, 0x01, 0x00, 0x00,
	0x01, 0x00, 0x00, 0x00, 0x00, 0x00, 0x00, 0x00, 0x03, 0x00, 0x00, 0x00, 0x07, 0x00, 0x00, 0x00,
	0x0f, 0x0f, 0x00, 0x00, 0xd2, 0x01, 0x00, 0x00, 0x02, 0x00, 0x00, 0x00, 0x00, 0x00, 0x00, 0x00,
	0x03, 0x00, 0x00, 0x00, 0x08, 0x00, 0x00, 0x00, 0x0f, 0x03, 0x00, 0x00, 0xd8, 0x01, 0x00, 0x00,
	0x00, 0x00, 0x00, 0x00, 0x00, 0x00, 0x00, 0x00, 0x03, 0x00, 0x00, 0x00, 0x09, 0x00, 0x00, 0x00,
	0x0f, 0x00, 0x00, 0x00, 0xdd, 0x01, 0x00, 0x00, 0x00, 0x00, 0x00, 0x00, 0x00, 0x00, 0x00, 0x00,
	0x03, 0x00, 0x00, 0x00, 0x0a, 0x00, 0x00, 0x00, 0x0f, 0x0f, 0x00, 0x00, 0xe4, 0x01, 0x00, 0x00,
	0x00, 0x00, 0x00, 0x00, 0x00, 0x00, 0x00, 0x00, 0x03, 0x00, 0x00, 0x00, 0x0b, 0x00, 0x00, 0x00,
	0x0f, 0x0f, 0x00, 0x00, 0xe9, 0x01, 0x00, 0x00, 0x00, 0x00, 0x00, 0x00, 0x00, 0x00, 0x00, 0x00,
	0x03, 0x00, 0x00, 0x00, 0x0c, 0x00, 0x00, 0x00, 0x0f, 0x0f, 0x00, 0x00, 0xef, 0x01, 0x00, 0x00,
	0x00, 0x00, 0x00, 0x00, 0x00, 0x00, 0x00, 0x00, 0x03, 0x00, 0x00, 0x00, 0x0d, 0x00, 0x00, 0x00,
	0x0f, 0x0c, 0x00, 0x00, 0xf6, 0x01, 0x00, 0x00, 0x00, 0x00, 0x00, 0x00, 0x00, 0x00, 0x00, 0x00,
	0x03, 0x00, 0x00, 0x00, 0x0e, 0x00, 0x00, 0x00, 0x0f, 0x0f, 0x00, 0x00, 0xf6, 0x01, 0x00, 0x00,
	0x01, 0x00, 0x00, 0x00, 0x00, 0x00, 0x00, 0x00, 0x03, 0x00, 0x00, 0x00, 0x0f, 0x00, 0x00, 0x00,
	0x0f, 0x0f, 0x00, 0x00, 0x53, 0x56, 0x5f, 0x50, 0x6f, 0x73, 0x69, 0x74, 0x69, 0x6f, 0x6e, 0x00,
	0x50, 0x49, 0x58, 0x45, 0x4c, 0x00, 0x57, 0x4f, 0x52, 0x4c, 0x44, 0x00, 0x54, 0x45, 0x58, 0x43,
	0x4f, 0x4f, 0x52, 0x44, 0x00, 0x52, 0x45, 0x43, 0x54, 0x00, 0x52, 0x41, 0x44, 0x49, 0x49, 0x00,
	0x49, 0x4e, 0x4e, 0x45, 0x52, 0x00, 0x43, 0x4f, 0x4c, 0x4f, 0x52, 0x00, 0x47, 0x52, 0x41, 0x44,
	0x00, 0x57, 0x49, 0x44, 0x54, 0x48, 0x53, 0x00, 0x43, 0x4c, 0x49, 0x50, 0x00, 0x43, 0x4c, 0x49,
	0x50, 0x52, 0x00, 0x50, 0x41, 0x52, 0x41, 0x4d, 0x53, 0x00, 0x54, 0x52, 0x41, 0x4e, 0x53, 0x46,
	0x4f, 0x52, 0x4d, 0x00, 0x4f, 0x53, 0x47, 0x4e, 0x44, 0x00, 0x00, 0x00, 0x02, 0x00, 0x00, 0x00,
	0x08, 0x00, 0x00, 0x00, 0x38, 0x00, 0x00, 0x00, 0x00, 0x00, 0x00, 0x00, 0x00, 0x00, 0x00, 0x00,
	0x03, 0x00, 0x00, 0x00, 0x00, 0x00, 0x00, 0x00, 0x0f, 0x00, 0x00, 0x00, 0x38, 0x00, 0x00, 0x00,
	0x01, 0x00, 0x00, 0x00, 0x00, 0x00, 0x00, 0x00, 0x03, 0x00, 0x00, 0x00, 0x01, 0x00, 0x00, 0x00,
	0x0f, 0x00, 0x00, 0x00, 0x53, 0x56, 0x5f, 0x54, 0x61, 0x72, 0x67, 0x65, 0x74, 0x00, 0xab, 0xab,
	0x53, 0x48, 0x44, 0x52, 0xa8, 0x26, 0x00, 0x00, 0x40, 0x00, 0x00, 0x00, 0xaa, 0x09, 0x00, 0x00,
	0x5a, 0x00, 0x00, 0x03, 0x00, 0x60, 0x10, 0x00, 0x00, 0x00, 0x00, 0x00, 0x58, 0x18, 0x00, 0x04,
	0x00, 0x70, 0x10, 0x00, 0x03, 0x00, 0x00, 0x00, 0x55, 0x55, 0x00, 0x00, 0x58, 0x18, 0x00, 0x04,
	0x00, 0x70, 0x10, 0x00, 0x05, 0x00, 0x00, 0x00, 0x55, 0x55, 0x00, 0x00, 0x62, 0x10, 0x00, 0x03,
	0x32, 0x10, 0x10, 0x00, 0x01, 0x00, 0x00, 0x00, 0x62, 0x10, 0x00, 0x03, 0xc2, 0x10, 0x10, 0x00,
	0x01, 0x00, 0x00, 0x00, 0x62, 0x08, 0x00, 0x03, 0xf2, 0x10, 0x10, 0x00, 0x03, 0x00, 0x00, 0x00,
	0x62, 0x08, 0x00, 0x03, 0xf2, 0x10, 0x10, 0x00, 0x04, 0x00, 0x00, 0x00, 0x62, 0x08, 0x00, 0x03,
	0xf2, 0x10, 0x10, 0x00, 0x05, 0x00, 0x00, 0x00, 0x62, 0x08, 0x00, 0x03, 0xf2, 0x10, 0x10, 0x00,
	0x06, 0x00, 0x00, 0x00, 0x62, 0x08, 0x00, 0x03, 0xf2, 0x10, 0x10, 0x00, 0x07, 0x00, 0x00, 0x00,
	0x62, 0x08, 0x00, 0x03, 0x32, 0x10, 0x10, 0x00, 0x08, 0x00, 0x00, 0x00, 0x62, 0x08, 0x00, 0x03,
	0xf2, 0x10, 0x10, 0x00, 0x0a, 0x00, 0x00, 0x00, 0x62, 0x08, 0x00, 0x03, 0xf2, 0x10, 0x10, 0x00,
	0x0b, 0x00, 0x00, 0x00, 0x62, 0x08, 0x00, 0x03, 0xf2, 0x10, 0x10, 0x00, 0x0c, 0x00, 0x00, 0x00,
	0x62, 0x08, 0x00, 0x03, 0xc2, 0x10, 0x10, 0x00, 0x0d, 0x00, 0x00, 0x00, 0x62, 0x08, 0x00, 0x03,
	0xf2, 0x10, 0x10, 0x00, 0x0e, 0x00, 0x00, 0x00, 0x62, 0x08, 0x00, 0x03, 0xf2, 0x10, 0x10, 0x00,
	0x0f, 0x00, 0x00, 0x00, 0x65, 0x00, 0x00, 0x03, 0xf2, 0x20, 0x10, 0x00, 0x00, 0x00, 0x00, 0x00,
	0x65, 0x00, 0x00, 0x03, 0xf2, 0x20, 0x10, 0x00, 0x01, 0x00, 0x00, 0x00, 0x68, 0x00, 0x00, 0x02,
	0x08, 0x00, 0x00, 0x00, 0x38, 0x00, 0x00, 0x0a, 0x32, 0x00, 0x10, 0x00, 0x00, 0x00, 0x00, 0x00,
	0xe6, 0x1a, 0x10, 0x00, 0x03, 0x00, 0x00, 0x00, 0x02, 0x40, 0x00, 0x00, 0x00, 0x00, 0x00, 0x3f,
	0x00, 0x00, 0x00, 0x3f, 0x00, 0x00, 0x00, 0x00, 0x00, 0x00, 0x00, 0x00, 0x00, 0x00, 0x00, 0x08,
	0xc2, 0x00, 0x10, 0x00, 0x00, 0x00, 0x00, 0x00, 0x06, 0x14, 0x10, 0x00, 0x01, 0x00, 0x00, 0x00,
	0x06, 0x14, 0x10, 0x80, 0x41, 0x00, 0x00, 0x00, 0x03, 0x00, 0x00, 0x00, 0x00, 0x00, 0x00, 0x08,
	0xc2, 0x00, 0x10, 0x00, 0x00, 0x00, 0x00, 0x00, 0x06, 0x04, 0x10, 0x80, 0x41, 0x00, 0x00, 0x00,
	0x00, 0x00, 0x00, 0x00, 0xa6, 0x0e, 0x10, 0x00, 0x00, 0x00, 0x00, 0x00, 0x31, 0x00, 0x00, 0x0a,
	0xf2, 0x00, 0x10, 0x00, 0x01, 0x00, 0x00, 0x00, 0xe6, 0x0e, 0x10, 0x00, 0x00, 0x00, 0x00, 0x00,
	0x02, 0x40, 0x00, 0x00, 0x00, 0x00, 0x00, 0x00, 0x00, 0x00, 0x00, 0x00, 0x00, 0x00, 0x00, 0x00,
	0x00, 0x00, 0x00, 0x00, 0x37, 0x00, 0x00, 0x0b, 0x32, 0x00, 0x10, 0x00, 0x02, 0x00, 0x00, 0x00,
	0x56, 0x05, 0x10, 0x00, 0x01, 0x00, 0x00, 0x00, 0x46, 0x10, 0x10, 0x80, 0x81, 0x00, 0x00, 0x00,
	0x04, 0x00, 0x00, 0x00, 0xb6, 0x1f, 0x10, 0x80, 0x81, 0x00, 0x00, 0x00, 0x04, 0x00, 0x00, 0x00,
	0x37, 0x00, 0x00, 0x09, 0x12, 0x00, 0x10, 0x00, 0x02, 0x00, 0x00, 0x00, 0x0a, 0x00, 0x10, 0x00,
	0x01, 0x00, 0x00, 0x00, 0x0a, 0x00, 0x10, 0x00, 0x02, 0x00, 0x00, 0x00, 0x1a, 0x00, 0x10, 0x00,
	0x02, 0x00, 0x00, 0x00, 0x00, 0x00, 0x00, 0x09, 0x62, 0x00, 0x10, 0x00, 0x02, 0x00, 0x00, 0x00,
	0x06, 0x01, 0x10, 0x80, 0x41, 0x00, 0x00, 0x00, 0x00, 0x00, 0x00, 0x00, 0xa6, 0x0b, 0x10, 0x80,
	0x81, 0x00, 0x00, 0x00, 0x00, 0x00, 0x00, 0x00, 0x00, 0x00, 0x00, 0x07, 0x32, 0x00, 0x10, 0x00,
	0x03, 0x00, 0x00, 0x00, 0x06, 0x00, 0x10, 0x00, 0x02, 0x00, 0x00, 0x00, 0x96, 0x05, 0x10, 0x00,
	0x02, 0x00, 0x00, 0x00, 0x34, 0x00, 0x00, 0x0a, 0xc2, 0x00, 0x10, 0x00, 0x03, 0x00, 0x00, 0x00,
	0x06, 0x04, 0x10, 0x00, 0x03, 0x00, 0x00, 0x00, 0x02, 0x40, 0x00, 0x00, 0x00, 0x00, 0x00, 0x00,
	0x00, 0x00, 0x00, 0x00, 0x00, 0x00, 0x00, 0x00, 0x00, 0x00, 0x00, 0x00, 0x0f, 0x00, 0x00, 0x07,
	0x82, 0x00, 0x10, 0x00, 0x02, 0x00, 0x00, 0x00, 0xe6, 0x0a, 0x10, 0x00, 0x03, 0x00, 0x00, 0x00,
	0xe6, 0x0a, 0x10, 0x00, 0x03, 0x00, 0x00, 0x00, 0x4b, 0x00, 0x00, 0x05, 0x82, 0x00, 0x10, 0x00,
	0x02, 0x00, 0x00, 0x00, 0x3a, 0x00, 0x10, 0x00, 0x02, 0x00, 0x00, 0x00, 0x34, 0x00, 0x00, 0x07,
	0x12, 0x00, 0x10, 0x00, 0x03, 0x00, 0x00, 0x00, 0x1a, 0x00, 0x10, 0x00, 0x03, 0x00, 0x00, 0x00,
	0x0a, 0x00, 0x10, 0x00, 0x03, 0x00, 0x00, 0x00, 0x33, 0x00, 0x00, 0x07, 0x12, 0x00, 0x10, 0x00,
	0x03, 0x00, 0x00, 0x00, 0x0a, 0x00, 0x10, 0x00, 0x03, 0x00, 0x00, 0x00, 0x01, 0x40, 0x00, 0x00,
	0x00, 0x00, 0x00, 0x00, 0x00, 0x00, 0x00, 0x07, 0x82, 0x00, 0x10, 0x00, 0x02, 0x00, 0x00, 0x00,
	0x3a, 0x00, 0x10, 0x00, 0x02, 0x00, 0x00, 0x00, 0x0a, 0x00, 0x10, 0x00, 0x03, 0x00, 0x00, 0x00,
	0x00, 0x00, 0x00, 0x08, 0x82, 0x00, 0x10, 0x00, 0x02, 0x00, 0x00, 0x00, 0x0a, 0x00, 0x10, 0x80,
	0x41, 0x00, 0x00, 0x00, 0x02, 0x00, 0x00, 0x00, 0x3a, 0x00, 0x10, 0x00, 0x02, 0x00, 0x00, 0x00,
	0x34, 0x00, 0x00, 0x08, 0x82, 0x00, 0x10, 0x00, 0x02, 0x00, 0x00, 0x00, 0x3a, 0x00, 0x10, 0x80,
	0x41, 0x00, 0x00, 0x00, 0x02, 0x00, 0x00, 0x00, 0x01, 0x40, 0x00, 0x00, 0x00, 0x00, 0x00, 0x00,
	0x31, 0x00, 0x00, 0x07, 0x12, 0x00, 0x10, 0x00, 0x03, 0x00, 0x00, 0x00, 0x3a, 0x00, 0x10, 0x00,
	0x02, 0x00, 0x00, 0x00, 0x0a, 0x10, 0x10, 0x00, 0x05, 0x00, 0x00, 0x00, 0x38, 0x00, 0x00, 0x07,
	0x22, 0x00, 0x10, 0x00, 0x03, 0x00, 0x00, 0x00, 0x3a, 0x10, 0x10, 0x00, 0x05, 0x00, 0x00, 0x00,
	0x01, 0x40, 0x00, 0x00, 0x00, 0x00, 0x40, 0x40, 0x31, 0x00, 0x00, 0x07, 0x22, 0x00, 0x10, 0x00,
	0x03, 0x00, 0x00, 0x00, 0x3a, 0x00, 0x10, 0x00, 0x02, 0x00, 0x00, 0x00, 0x1a, 0x00, 0x10, 0x00,
	0x03, 0x00, 0x00, 0x00, 0x3c, 0x00, 0x00, 0x07, 0x42, 0x00, 0x10, 0x00, 0x03, 0x00, 0x00, 0x00,
	0x1a, 0x00, 0x10, 0x00, 0x03, 0x00, 0x00, 0x00, 0x0a, 0x00, 0x10, 0x00, 0x03, 0x00, 0x00, 0x00,
	0x38, 0x00, 0x00, 0x07, 0x12, 0x00, 0x10, 0x00, 0x02, 0x00, 0x00, 0x00, 0x0a, 0x00, 0x10, 0x00,
	0x02, 0x00, 0x00, 0x00, 0x01, 0x40, 0x00, 0x00, 0x00, 0x00, 0xc0, 0x3f, 0x33, 0x00, 0x00, 0x07,
	0x82, 0x00, 0x10, 0x00, 0x03, 0x00, 0x00, 0x00, 0x1a, 0x00, 0x10, 0x00, 0x00, 0x00, 0x00, 0x00,
	0x0a, 0x00, 0x10, 0x00, 0x00, 0x00, 0x00, 0x00, 0x33, 0x00, 0x00, 0x07, 0x12, 0x00, 0x10, 0x00,
	0x02, 0x00, 0x00, 0x00, 0x0a, 0x00, 0x10, 0x00, 0x02, 0x00, 0x00, 0x00, 0x3a, 0x00, 0x10, 0x00,
	0x03, 0x00, 0x00, 0x00, 0x00, 0x00, 0x00, 0x08, 0x32, 0x00, 0x10, 0x00, 0x04, 0x00, 0x00, 0x00,
	0x46, 0x00, 0x10, 0x00, 0x00, 0x00, 0x00, 0x00, 0x06, 0x00, 0x10, 0x80, 0x41, 0x00, 0x00, 0x00,
	0x02, 0x00, 0x00, 0x00, 0x00, 0x00, 0x00, 0x09, 0x32, 0x00, 0x10, 0x00, 0x04, 0x00, 0x00, 0x00,
	0xe6, 0x0a, 0x10, 0x80, 0x81, 0x00, 0x00, 0x00, 0x00, 0x00, 0x00, 0x00, 0x46, 0x00, 0x10, 0x80,
	0x41, 0x00, 0x00, 0x00, 0x04, 0x00, 0x00, 0x00, 0x31, 0x00, 0x00, 0x0a, 0xc2, 0x00, 0x10, 0x00,
	0x00, 0x00, 0x00, 0x00, 0x02, 0x40, 0x00, 0x00, 0x00, 0x00, 0x00, 0x00, 0x00, 0x00, 0x00, 0x00,
	0x00, 0x00, 0x00, 0x00, 0x00, 0x00, 0x00, 0x00, 0xa6, 0x0e, 0x10, 0x00, 0x00, 0x00, 0x00, 0x00,
	0x1e, 0x00, 0x00, 0x08, 0xc2, 0x00, 0x10, 0x00, 0x00, 0x00, 0x00, 0x00, 0xa6, 0x0e, 0x10, 0x80,
	0x41, 0x00, 0x00, 0x00, 0x00, 0x00, 0x00, 0x00, 0xa6, 0x0e, 0x10, 0x00, 0x01, 0x00, 0x00, 0x00,
	0x2b, 0x00, 0x00, 0x05, 0x32, 0x00, 0x10, 0x00, 0x05, 0x00, 0x00, 0x00, 0xe6, 0x0a, 0x10, 0x00,
	0x00, 0x00, 0x00, 0x00, 0x31, 0x00, 0x00, 0x0a, 0xc2, 0x00, 0x10, 0x00, 0x00, 0x00, 0x00, 0x00,
	0x02, 0x40, 0x00, 0x00, 0x00, 0x00, 0x00, 0x00, 0x00, 0x00, 0x00, 0x00, 0x00, 0x00, 0x00, 0x00,
	0x00, 0x00, 0x00, 0x00, 0x06, 0x04, 0x10, 0x00, 0x04, 0x00, 0x00, 0x00, 0x3c, 0x00, 0x00, 0x07,
	0x42, 0x00, 0x10, 0x00, 0x00, 0x00, 0x00, 0x00, 0x3a, 0x00, 0x10, 0x00, 0x00, 0x00, 0x00, 0x00,
	0x2a, 0x00, 0x10, 0x00, 0x00, 0x00, 0x00, 0x00, 0x34, 0x00, 0x00, 0x0a, 0xc2, 0x00, 0x10, 0x00,
	0x01, 0x00, 0x00, 0x00, 0x06, 0x04, 0x10, 0x00, 0x04, 0x00, 0x00, 0x00, 0x02, 0x40, 0x00, 0x00,
	0x00, 0x00, 0x00, 0x00, 0x00, 0x00, 0x00, 0x00, 0x00, 0x00, 0x00, 0x00, 0x00, 0x00, 0x00, 0x00,
	0x38, 0x00, 0x00, 0x07, 0xc2, 0x00, 0x10, 0x00, 0x04, 0x00, 0x00, 0x00, 0xa6, 0x0e, 0x10, 0x00,
	0x01, 0x00, 0x00, 0x00, 0x06, 0x04, 0x10, 0x00, 0x05, 0x00, 0x00, 0x00, 0x38, 0x00, 0x00, 0x07,
	0xc2, 0x00, 0x10, 0x00, 0x01, 0x00, 0x00, 0x00, 0xa6, 0x0e, 0x10, 0x00, 0x01, 0x00, 0x00, 0x00,
	0xa6, 0x0e, 0x10, 0x00, 0x01, 0x00, 0x00, 0x00, 0x00, 0x00, 0x00, 0x07, 0x82, 0x00, 0x10, 0x00,
	0x00, 0x00, 0x00, 0x00, 0x3a, 0x00, 0x10, 0x00, 0x01, 0x00, 0x00, 0x00, 0x2a, 0x00, 0x10, 0x00,
	0x01, 0x00, 0x00, 0x00, 0x4b, 0x00, 0x00, 0x05, 0x82, 0x00, 0x10, 0x00, 0x00, 0x00, 0x00, 0x00,
	0x3a, 0x00, 0x10, 0x00, 0x00, 0x00, 0x00, 0x00, 0x0e, 0x00, 0x00, 0x07, 0xc2, 0x00, 0x10, 0x00,
	0x01, 0x00, 0x00, 0x00, 0xa6, 0x0e, 0x10, 0x00, 0x04, 0x00, 0x00, 0x00, 0xf6, 0x0f, 0x10, 0x00,
	0x00, 0x00, 0x00, 0x00, 0x31, 0x00, 0x00, 0x07, 0x82, 0x00, 0x10, 0x00, 0x00, 0x00, 0x00, 0x00,
	0x1a, 0x00, 0x10, 0x00, 0x04, 0x00, 0x00, 0x00, 0x0a, 0x00, 0x10, 0x00, 0x04, 0x00, 0x00, 0x00,
	0x36, 0x00, 0x00, 0x05, 0x42, 0x00, 0x10, 0x00, 0x05, 0x00, 0x00, 0x00, 0x01, 0x40, 0x00, 0x00,
	0x00, 0x00, 0x00, 0x00, 0x37, 0x00, 0x00, 0x09, 0x32, 0x00, 0x10, 0x00, 0x04, 0x00, 0x00, 0x00,
	0xf6, 0x0f, 0x10, 0x00, 0x00, 0x00, 0x00, 0x00, 0x86, 0x00, 0x10, 0x00, 0x05, 0x00, 0x00, 0x00,
	0x66, 0x0a, 0x10, 0x00, 0x05, 0x00, 0x00, 0x00, 0x37, 0x00, 0x00, 0x09, 0xc2, 0x00, 0x10, 0x00,
	0x00, 0x00, 0x00, 0x00, 0xa6, 0x0a, 0x10, 0x00, 0x00, 0x00, 0x00, 0x00, 0xa6, 0x0e, 0x10, 0x00,
	0x01, 0x00, 0x00, 0x00, 0x06, 0x04, 0x10, 0x00, 0x04, 0x00, 0x00, 0x00, 0x01, 0x00, 0x00, 0x07,
	0xc2, 0x00, 0x10, 0x00, 0x00, 0x00, 0x00, 0x00, 0xa6, 0x0e, 0x10, 0x00, 0x00, 0x00, 0x00, 0x00,
	0xa6, 0x0a, 0x10, 0x00, 0x03, 0x00, 0x00, 0x00, 0x1d, 0x00, 0x00, 0x07, 0x42, 0x00, 0x10, 0x00,
	0x01, 0x00, 0x00, 0x00, 0x01, 0x40, 0x00, 0x00, 0x00, 0x00, 0x00, 0x00, 0x0a, 0x10, 0x10, 0x00,
	0x05, 0x00, 0x00, 0x00, 0x1d, 0x00, 0x00, 0x07, 0x82, 0x00, 0x10, 0x00, 0x01, 0x00, 0x00, 0x00,
	0x3a, 0x00, 0x10, 0x00, 0x02, 0x00, 0x00, 0x00, 0x0a, 0x10, 0x10, 0x00, 0x05, 0x00, 0x00, 0x00,
	0x3c, 0x00, 0x00, 0x07, 0x42, 0x00, 0x10, 0x00, 0x01, 0x00, 0x00, 0x00, 0x3a, 0x00, 0x10, 0x00,
	0x01, 0x00, 0x00, 0x00, 0x2a, 0x00, 0x10, 0x00, 0x01, 0x00, 0x00, 0x00, 0x0e, 0x00, 0x00, 0x07,
	0x92, 0x00, 0x10, 0x00, 0x02, 0x00, 0x00, 0x00, 0xf6, 0x0f, 0x10, 0x00, 0x02, 0x00, 0x00, 0x00,
	0x06, 0x1c, 0x10, 0x00, 0x05, 0x00, 0x00, 0x00, 0x00, 0x00, 0x00, 0x08, 0x82, 0x00, 0x10, 0x00,
	0x01, 0x00, 0x00, 0x00, 0x0a, 0x00, 0x10, 0x80, 0x41, 0x00, 0x00, 0x00, 0x02, 0x00, 0x00, 0x00,
	0x01, 0x40, 0x00, 0x00, 0x00, 0x00, 0x80, 0x3f, 0x38, 0x00, 0x00, 0x07, 0x12, 0x00, 0x10, 0x00,
	0x02, 0x00, 0x00, 0x00, 0x3a, 0x00, 0x10, 0x00, 0x01, 0x00, 0x00, 0x00, 0x3a, 0x00, 0x10, 0x00,
	0x01, 0x00, 0x00, 0x00, 0x38, 0x00, 0x00, 0x07, 0x12, 0x00, 0x10, 0x00, 0x02, 0x00, 0x00, 0x00,
	0x3a, 0x00, 0x10, 0x00, 0x01, 0x00, 0x00, 0x00, 0x0a, 0x00, 0x10, 0x00, 0x02, 0x00, 0x00, 0x00,
	0x38, 0x00, 0x00, 0x07, 0x82, 0x00, 0x10, 0x00, 0x01, 0x00, 0x00, 0x00, 0x3a, 0x00, 0x10, 0x00,
	0x01, 0x00, 0x00, 0x00, 0x0a, 0x00, 0x10, 0x00, 0x02, 0x00, 0x00, 0x00, 0x00, 0x00, 0x00, 0x08,
	0x82, 0x00, 0x10, 0x00, 0x01, 0x00, 0x00, 0x00, 0x3a, 0x00, 0x10, 0x80, 0x41, 0x00, 0x00, 0x00,
	0x01, 0x00, 0x00, 0x00, 0x01, 0x40, 0x00, 0x00, 0x00, 0x00, 0x80, 0x3f, 0x4b, 0x00, 0x00, 0x05,
	0x42, 0x00, 0x10, 0x00, 0x03, 0x00, 0x00, 0x00, 0x3a, 0x00, 0x10, 0x00, 0x01, 0x00, 0x00, 0x00,
	0x38, 0x00, 0x00, 0x07, 0x82, 0x00, 0x10, 0x00, 0x01, 0x00, 0x00, 0x00, 0x3a, 0x00, 0x10, 0x00,
	0x01, 0x00, 0x00, 0x00, 0x2a, 0x00, 0x10, 0x00, 0x03, 0x00, 0x00, 0x00, 0x4b, 0x00, 0x00, 0x05,
	0x82, 0x00, 0x10, 0x00, 0x01, 0x00, 0x00, 0x00, 0x3a, 0x00, 0x10, 0x00, 0x01, 0x00, 0x00, 0x00,
	0x38, 0x00, 0x00, 0x07, 0x42, 0x00, 0x10, 0x00, 0x03, 0x00, 0x00, 0x00, 0x3a, 0x00, 0x10, 0x00,
	0x01, 0x00, 0x00, 0x00, 0x3a, 0x00, 0x10, 0x00, 0x01, 0x00, 0x00, 0x00, 0x38, 0x00, 0x00, 0x07,
	0x82, 0x00, 0x10, 0x00, 0x03, 0x00, 0x00, 0x00, 0x0a, 0x00, 0x10, 0x00, 0x02, 0x00, 0x00, 0x00,
	0x0a, 0x00, 0x10, 0x00, 0x02, 0x00, 0x00, 0x00, 0x00, 0x00, 0x00, 0x07, 0x42, 0x00, 0x10, 0x00,
	0x03, 0x00, 0x00, 0x00, 0x3a, 0x00, 0x10, 0x00, 0x03, 0x00, 0x00, 0x00, 0x2a, 0x00, 0x10, 0x00,
	0x03, 0x00, 0x00, 0x00, 0x4b, 0x00, 0x00, 0x05, 0x42, 0x00, 0x10, 0x00, 0x03, 0x00, 0x00, 0x00,
	0x2a, 0x00, 0x10, 0x00, 0x03, 0x00, 0x00, 0x00, 0x0e, 0x00, 0x00, 0x07, 0x12, 0x00, 0x10, 0x00,
	0x02, 0x00, 0x00, 0x00, 0x0a, 0x00, 0x10, 0x00, 0x02, 0x00, 0x00, 0x00, 0x2a, 0x00, 0x10, 0x00,
	0x03, 0x00, 0x00, 0x00, 0x0e, 0x00, 0x00, 0x07, 0x82, 0x00, 0x10, 0x00, 0x01, 0x00, 0x00, 0x00,
	0x3a, 0x00, 0x10, 0x00, 0x01, 0x00, 0x00, 0x00, 0x2a, 0x00, 0x10, 0x00, 0x03, 0x00, 0x00, 0x00,
	0x0e, 0x00, 0x00, 0x07, 0x42, 0x00, 0x10, 0x00, 0x03, 0x00, 0x00, 0x00, 0x0a, 0x00, 0x10, 0x00,
	0x02, 0x00, 0x00, 0x00, 0x01, 0x40, 0x00, 0x00, 0x00, 0x00, 0xc0, 0x3f, 0x38, 0x00, 0x00, 0x07,
	0x82, 0x00, 0x10, 0x00, 0x03, 0x00, 0x00, 0x00, 0x2a, 0x00, 0x10, 0x00, 0x03, 0x00, 0x00, 0x00,
	0x2a, 0x00, 0x10, 0x00, 0x03, 0x00, 0x00, 0x00, 0x00, 0x00, 0x00, 0x08, 0x82, 0x00, 0x10, 0x00,
	0x03, 0x00, 0x00, 0x00, 0x3a, 0x00, 0x10, 0x80, 0x41, 0x00, 0x00, 0x00, 0x03, 0x00, 0x00, 0x00,
	0x01, 0x40, 0x00, 0x00, 0x00, 0x00, 0x80, 0x3f, 0x4b, 0x00, 0x00, 0x05, 0x82, 0x00, 0x10, 0x00,
	0x03, 0x00, 0x00, 0x00, 0x3a, 0x00, 0x10, 0x00, 0x03, 0x00, 0x00, 0x00, 0x38, 0x00, 0x00, 0x07,
	0x12, 0x00, 0x10, 0x00, 0x04, 0x00, 0x00, 0x00, 0x0a, 0x00, 0x10, 0x00, 0x02, 0x00, 0x00, 0x00,
	0x3a, 0x00, 0x10, 0x00, 0x03, 0x00, 0x00, 0x00, 0x38, 0x00, 0x00, 0x07, 0x22, 0x00, 0x10, 0x00,
	0x04, 0x00, 0x00, 0x00, 0x3a, 0x00, 0x10, 0x00, 0x01, 0x00, 0x00, 0x00, 0x2a, 0x00, 0x10, 0x00,
	0x03, 0x00, 0x00, 0x00, 0x00, 0x00, 0x00, 0x08, 0x12, 0x00, 0x10, 0x00, 0x04, 0x00, 0x00, 0x00,
	0x1a, 0x00, 0x10, 0x80, 0x41, 0x00, 0x00, 0x00, 0x04, 0x00, 0x00, 0x00, 0x0a, 0x00, 0x10, 0x00,
	0x04, 0x00, 0x00, 0x00, 0x38, 0x00, 0x00, 0x07, 0x82, 0x00, 0x10, 0x00, 0x01, 0x00, 0x00, 0x00,
	0x3a, 0x00, 0x10, 0x00, 0x01, 0x00, 0x00, 0x00, 0x3a, 0x00, 0x10, 0x00, 0x03, 0x00, 0x00, 0x00,
	0x38, 0x00, 0x00, 0x07, 0x12, 0x00, 0x10, 0x00, 0x02, 0x00, 0x00, 0x00, 0x0a, 0x00, 0x10, 0x00,
	0x02, 0x00, 0x00, 0x00, 0x2a, 0x00, 0x10, 0x00, 0x03, 0x00, 0x00, 0x00, 0x00, 0x00, 0x00, 0x07,
	0x82, 0x00, 0x10, 0x00, 0x01, 0x00, 0x00, 0x00, 0x3a, 0x00, 0x10, 0x00, 0x01, 0x00, 0x00, 0x00,
	0x0a, 0x00, 0x10, 0x00, 0x02, 0x00, 0x00, 0x00, 0x0e, 0x00, 0x00, 0x07, 0x82, 0x00, 0x10, 0x00,
	0x01, 0x00, 0x00, 0x00, 0x0a, 0x00, 0x10, 0x00, 0x04, 0x00, 0x00, 0x00, 0x3a, 0x00, 0x10, 0x00,
	0x01, 0x00, 0x00, 0x00, 0x0e, 0x00, 0x00, 0x07, 0x82, 0x00, 0x10, 0x00, 0x01, 0x00, 0x00, 0x00,
	0x3a, 0x00, 0x10, 0x00, 0x01, 0x00, 0x00, 0x00, 0x01, 0x40, 0x00, 0x00, 0xbd, 0x1b, 0x8f, 0x3f,
	0x37, 0x00, 0x00, 0x09, 0x42, 0x00, 0x10, 0x00, 0x01, 0x00, 0x00, 0x00, 0x2a, 0x00, 0x10, 0x00,
	0x01, 0x00, 0x00, 0x00, 0x01, 0x40, 0x00, 0x00, 0x00, 0x00, 0x00, 0x00, 0x3a, 0x00, 0x10, 0x00,
	0x01, 0x00, 0x00, 0x00, 0x38, 0x00, 0x00, 0x07, 0x42, 0x00, 0x10, 0x00, 0x01, 0x00, 0x00, 0x00,
	0x2a, 0x00, 0x10, 0x00, 0x01, 0x00, 0x00, 0x00, 0x1a, 0x10, 0x10, 0x00, 0x05, 0x00, 0x00, 0x00,
	0x38, 0x00, 0x00, 0x07, 0xc2, 0x00, 0x10, 0x00, 0x01, 0x00, 0x00, 0x00, 0xa6, 0x0e, 0x10, 0x00,
	0x00, 0x00, 0x00, 0x00, 0xa6, 0x0a, 0x10, 0x00, 0x01, 0x00, 0x00, 0x00, 0x00, 0x00, 0x00, 0x08,
	0xc2, 0x00, 0x10, 0x00, 0x01, 0x00, 0x00, 0x00, 0xa6, 0x0e, 0x10, 0x80, 0x41, 0x00, 0x00, 0x00,
	0x01, 0x00, 0x00, 0x00, 0x06, 0x14, 0x10, 0x00, 0x01, 0x00, 0x00, 0x00, 0x37, 0x00, 0x00, 0x09,
	0x32, 0x00, 0x10, 0x00, 0x04, 0x00, 0x00, 0x00, 0x06, 0x00, 0x10, 0x00, 0x03, 0x00, 0x00, 0x00,
	0xe6, 0x0a, 0x10, 0x00, 0x01, 0x00, 0x00, 0x00, 0x46, 0x10, 0x10, 0x00, 0x01, 0x00, 0x00, 0x00,
	0x36, 0x00, 0x00, 0x05, 0x42, 0x00, 0x10, 0x00, 0x04, 0x00, 0x00, 0x00, 0x01, 0x40, 0x00, 0x00,
	0x00, 0x00, 0x80, 0x3f, 0x10, 0x00, 0x00, 0x07, 0x12, 0x00, 0x10, 0x00, 0x05, 0x00, 0x00, 0x00,
	0x46, 0x12, 0x10, 0x00, 0x0e, 0x00, 0x00, 0x00, 0x46, 0x02, 0x10, 0x00, 0x04, 0x00, 0x00, 0x00,
	0x10, 0x00, 0x00, 0x07, 0x22, 0x00, 0x10, 0x00, 0x05, 0x00, 0x00, 0x00, 0x46, 0x12, 0x10, 0x00,
	0x0f, 0x00, 0x00, 0x00, 0x46, 0x02, 0x10, 0x00, 0x04, 0x00, 0x00, 0x00, 0x00, 0x00, 0x00, 0x08,
	0xc2, 0x00, 0x10, 0x00, 0x01, 0x00, 0x00, 0x00, 0x06, 0x04, 0x10, 0x00, 0x05, 0x00, 0x00, 0x00,
	0x06, 0x14, 0x10, 0x80, 0x41, 0x00, 0x00, 0x00, 0x0a, 0x00, 0x00, 0x00, 0x0e, 0x00, 0x00, 0x07,
	0xc2, 0x00, 0x10, 0x00, 0x01, 0x00, 0x00, 0x00, 0xa6, 0x0e, 0x10, 0x00, 0x01, 0x00, 0x00, 0x00,
	0xa6, 0x1a, 0x10, 0x00, 0x0d, 0x00, 0x00, 0x00, 0x00, 0x00, 0x00, 0x0a, 0xc2, 0x00, 0x10, 0x00,
	0x01, 0x00, 0x00, 0x00, 0xa6, 0x0e, 0x10, 0x00, 0x01, 0x00, 0x00, 0x00, 0x02, 0x40, 0x00, 0x00,
	0x00, 0x00, 0x00, 0x00, 0x00, 0x00, 0x00, 0x00, 0x00, 0x00, 0x00, 0xbf, 0x00, 0x00, 0x00, 0xbf,
	0x41, 0x00, 0x00, 0x05, 0x52, 0x00, 0x10, 0x00, 0x03, 0x00, 0x00, 0x00, 0xa6, 0x0b, 0x10, 0x00,
	0x01, 0x00, 0x00, 0x00, 0x00, 0x00, 0x00, 0x08, 0xc2, 0x00, 0x10, 0x00, 0x01, 0x00, 0x00, 0x00,
	0xa6, 0x0e, 0x10, 0x00, 0x01, 0x00, 0x00, 0x00, 0x06, 0x08, 0x10, 0x80, 0x41, 0x00, 0x00, 0x00,
	0x03, 0x00, 0x00, 0x00, 0x1b, 0x00, 0x00, 0x05, 0x52, 0x00, 0x10, 0x00, 0x03, 0x00, 0x00, 0x00,
	0x06, 0x02, 0x10, 0x00, 0x03, 0x00, 0x00, 0x00, 0x1b, 0x00, 0x00, 0x05, 0x32, 0x00, 0x10, 0x00,
	0x04, 0x00, 0x00, 0x00, 0xe6, 0x1a, 0x10, 0x00, 0x0a, 0x00, 0x00, 0x00, 0x1e, 0x00, 0x00, 0x0a,
	0x32, 0x00, 0x10, 0x00, 0x04, 0x00, 0x00, 0x00, 0x46, 0x00, 0x10, 0x00, 0x04, 0x00, 0x00, 0x00,
	0x02, 0x40, 0x00, 0x00, 0xff, 0xff, 0xff, 0xff, 0xff, 0xff, 0xff, 0xff, 0x00, 0x00, 0x00, 0x00,
	0x00, 0x00, 0x00, 0x00, 0x24, 0x00, 0x00, 0x0a, 0xc2, 0x00, 0x10, 0x00, 0x04, 0x00, 0x00, 0x00,
	0x06, 0x08, 0x10, 0x00, 0x03, 0x00, 0x00, 0x00, 0x02, 0x40, 0x00, 0x00, 0x00, 0x00, 0x00, 0x00,
	0x00, 0x00, 0x00, 0x00, 0x00, 0x00, 0x00, 0x00, 0x00, 0x00, 0x00, 0x00, 0x25, 0x00, 0x00, 0x07,
	0x32, 0x00, 0x10, 0x00, 0x05, 0x00, 0x00, 0x00, 0x46, 0x00, 0x10, 0x00, 0x04, 0x00, 0x00, 0x00,
	0xe6, 0x0a, 0x10, 0x00, 0x04, 0x00, 0x00, 0x00, 0x36, 0x00, 0x00, 0x08, 0xc2, 0x00, 0x10, 0x00,
	0x05, 0x00, 0x00, 0x00, 0x02, 0x40, 0x00, 0x00, 0x00, 0x00, 0x00, 0x00, 0x00, 0x00, 0x00, 0x00,
	0x00, 0x00, 0x00, 0x00, 0x00, 0x00, 0x00, 0x00, 0x2d, 0x00, 0x00, 0x07, 0xf2, 0x00, 0x10, 0x00,
	0x05, 0x00, 0x00, 0x00, 0x46, 0x0e, 0x10, 0x00, 0x05, 0x00, 0x00, 0x00, 0x46, 0x7e, 0x10, 0x00,
	0x03, 0x00, 0x00, 0x00, 0x00, 0x00, 0x00, 0x0b, 0xc2, 0x00, 0x10, 0x00, 0x04, 0x00, 0x00, 0x00,
	0xa6, 0x0e, 0x10, 0x80, 0x41, 0x00, 0x00, 0x00, 0x01, 0x00, 0x00, 0x00, 0x02, 0x40, 0x00, 0x00,
	0x00, 0x00, 0x00, 0x00, 0x00, 0x00, 0x00, 0x00, 0x00, 0x00, 0x80, 0x3f, 0x00, 0x00, 0x80, 0x3f,
	0x38, 0x00, 0x00, 0x07, 0x72, 0x00, 0x10, 0x00, 0x05, 0x00, 0x00, 0x00, 0xa6, 0x0a, 0x10, 0x00,
	0x04, 0x00, 0x00, 0x00, 0x46, 0x02, 0x10, 0x00, 0x05, 0x00, 0x00, 0x00, 0x1e, 0x00, 0x00, 0x0a,
	0xf2, 0x00, 0x10, 0x00, 0x06, 0x00, 0x00, 0x00, 0x86, 0x08, 0x10, 0x00, 0x03, 0x00, 0x00, 0x00,
	0x02, 0x40, 0x00, 0x00, 0x01, 0x00, 0x00, 0x00, 0x00, 0x00, 0x00, 0x00, 0x00, 0x00, 0x00, 0x00,
	0x01, 0x00, 0x00, 0x00, 0x24, 0x00, 0x00, 0x0a, 0xf2, 0x00, 0x10, 0x00, 0x06, 0x00, 0x00, 0x00,
	0x46, 0x0e, 0x10, 0x00, 0x06, 0x00, 0x00, 0x00, 0x02, 0x40, 0x00, 0x00, 0x00, 0x00, 0x00, 0x00,
	0x00, 0x00, 0x00, 0x00, 0x00, 0x00, 0x00, 0x00, 0x00, 0x00, 0x00, 0x00, 0x25, 0x00, 0x00, 0x07,
	0xf2, 0x00, 0x10, 0x00, 0x06, 0x00, 0x00, 0x00, 0x46, 0x04, 0x10, 0x00, 0x04, 0x00, 0x00, 0x00,
	0xe6, 0x04, 0x10, 0x00, 0x06, 0x00, 0x00, 0x00, 0x36, 0x00, 0x00, 0x05, 0x32, 0x00, 0x10, 0x00,
	0x07, 0x00, 0x00, 0x00, 0xe6, 0x0a, 0x10, 0x00, 0x06, 0x00, 0x00, 0x00, 0x36, 0x00, 0x00, 0x08,
	0xc2, 0x00, 0x10, 0x00, 0x07, 0x00, 0x00, 0x00, 0x02, 0x40, 0x00, 0x00, 0x00, 0x00, 0x00, 0x00,
	0x00, 0x00, 0x00, 0x00, 0x00, 0x00, 0x00, 0x00, 0x00, 0x00, 0x00, 0x00, 0x2d, 0x00, 0x00, 0x07,
	0xf2, 0x00, 0x10, 0x00, 0x07, 0x00, 0x00, 0x00, 0x46, 0x0e, 0x10, 0x00, 0x07, 0x00, 0x00, 0x00,
	0x46, 0x7e, 0x10, 0x00, 0x03, 0x00, 0x00, 0x00, 0x38, 0x00, 0x00, 0x07, 0x72, 0x00, 0x10, 0x00,
	0x07, 0x00, 0x00, 0x00, 0xa6, 0x0a, 0x10, 0x00, 0x01, 0x00, 0x00, 0x00, 0x46, 0x02, 0x10, 0x00,
	0x07, 0x00, 0x00, 0x00, 0x00, 0x00, 0x00, 0x07, 0x72, 0x00, 0x10, 0x00, 0x05, 0x00, 0x00, 0x00,
	0x46, 0x02, 0x10, 0x00, 0x05, 0x00, 0x00, 0x00, 0x46, 0x02, 0x10, 0x00, 0x07, 0x00, 0x00, 0x00,
	0x36, 0x00, 0x00, 0x08, 0xc2, 0x00, 0x10, 0x00, 0x06, 0x00, 0x00, 0x00, 0x02, 0x40, 0x00, 0x00,
	0x00, 0x00, 0x00, 0x00, 0x00, 0x00, 0x00, 0x00, 0x00, 0x00, 0x00, 0x00, 0x00, 0x00, 0x00, 0x00,
	0x2d, 0x00, 0x00, 0x07, 0xf2, 0x00, 0x10, 0x00, 0x06, 0x00, 0x00, 0x00, 0x46, 0x0e, 0x10, 0x00,
	0x06, 0x00, 0x00, 0x00, 0x46, 0x7e, 0x10, 0x00, 0x03, 0x00, 0x00, 0x00, 0x38, 0x00, 0x00, 0x07,
	0x72, 0x00, 0x10, 0x00, 0x06, 0x00, 0x00, 0x00, 0xa6, 0x0a, 0x10, 0x00, 0x04, 0x00, 0x00, 0x00,
	0x46, 0x02, 0x10, 0x00, 0x06, 0x00, 0x00, 0x00, 0x1e, 0x00, 0x00, 0x0a, 0x52, 0x00, 0x10, 0x00,
	0x03, 0x00, 0x00, 0x00, 0x06, 0x02, 0x10, 0x00, 0x03, 0x00, 0x00, 0x00, 0x02, 0x40, 0x00, 0x00,
	0x01, 0x00, 0x00, 0x00, 0x00, 0x00, 0x00, 0x00, 0x01, 0x00, 0x00, 0x00, 0x00, 0x00, 0x00, 0x00,
	0x24, 0x00, 0x00, 0x0a, 0x52, 0x00, 0x10, 0x00, 0x03, 0x00, 0x00, 0x00, 0x06, 0x02, 0x10, 0x00,
	0x03, 0x00, 0x00, 0x00, 0x02, 0x40, 0x00, 0x00, 0x00, 0x00, 0x00, 0x00, 0x00, 0x00, 0x00, 0x00,
	0x00, 0x00, 0x00, 0x00, 0x00, 0x00, 0x00, 0x00, 0x25, 0x00, 0x00, 0x07, 0x32, 0x00, 0x10, 0x00,
	0x07, 0x00, 0x00, 0x00, 0x46, 0x00, 0x10, 0x00, 0x04, 0x00, 0x00, 0x00, 0x86, 0x00, 0x10, 0x00,
	0x03, 0x00, 0x00, 0x00, 0x36, 0x00, 0x00, 0x08, 0xc2, 0x00, 0x10, 0x00, 0x07, 0x00, 0x00, 0x00,
	0x02, 0x40, 0x00, 0x00, 0x00, 0x00, 0x00, 0x00, 0x00, 0x00, 0x00, 0x00, 0x00, 0x00, 0x00, 0x00,
	0x00, 0x00, 0x00, 0x00, 0x2d, 0x00, 0x00, 0x07, 0xf2, 0x00, 0x10, 0x00, 0x07, 0x00, 0x00, 0x00,
	0x46, 0x0e, 0x10, 0x00, 0x07, 0x00, 0x00, 0x00, 0x46, 0x7e, 0x10, 0x00, 0x03, 0x00, 0x00, 0x00,
	0x38, 0x00, 0x00, 0x07, 0xd2, 0x00, 0x10, 0x00, 0x03, 0x00, 0x00, 0x00, 0xa6, 0x0a, 0x10, 0x00,
	0x01, 0x00, 0x00, 0x00, 0x06, 0x09, 0x10, 0x00, 0x07, 0x00, 0x00, 0x00, 0x00, 0x00, 0x00, 0x07,
	0xd2, 0x00, 0x10, 0x00, 0x03, 0x00, 0x00, 0x00, 0x06, 0x0e, 0x10, 0x00, 0x03, 0x00, 0x00, 0x00,
	0x06, 0x09, 0x10, 0x00, 0x06, 0x00, 0x00, 0x00, 0x38, 0x00, 0x00, 0x07, 0x72, 0x00, 0x10, 0x00,
	0x04, 0x00, 0x00, 0x00, 0xf6, 0x0f, 0x10, 0x00, 0x04, 0x00, 0x00, 0x00, 0x46, 0x02, 0x10, 0x00,
	0x05, 0x00, 0x00, 0x00, 0x38, 0x00, 0x00, 0x07, 0xd2, 0x00, 0x10, 0x00, 0x03, 0x00, 0x00, 0x00,
	0xf6, 0x0f, 0x10, 0x00, 0x01, 0x00, 0x00, 0x00, 0x06, 0x0e, 0x10, 0x00, 0x03, 0x00, 0x00, 0x00,
	0x00, 0x00, 0x00, 0x07, 0xd2, 0x00, 0x10, 0x00, 0x03, 0x00, 0x00, 0x00, 0x06, 0x0e, 0x10, 0x00,
	0x03, 0x00, 0x00, 0x00, 0x06, 0x09, 0x10, 0x00, 0x04, 0x00, 0x00, 0x00, 0x38, 0x00, 0x00, 0x0a,
	0x72, 0x00, 0x10, 0x00, 0x04, 0x00, 0x00, 0x00, 0x86, 0x03, 0x10, 0x00, 0x03, 0x00, 0x00, 0x00,
	0x02, 0x40, 0x00, 0x00, 0xd0, 0xb3, 0x59, 0x3e, 0x59, 0x17, 0x37, 0x3f, 0x98, 0xdd, 0x93, 0x3d,
	0x00, 0x00, 0x00, 0x00, 0x00, 0x00, 0x00, 0x07, 0x42, 0x00, 0x10, 0x00, 0x01, 0x00, 0x00, 0x00,
	0x1a, 0x00, 0x10, 0x00, 0x04, 0x00, 0x00, 0x00, 0x0a, 0x00, 0x10, 0x00, 0x04, 0x00, 0x00, 0x00,
	0x00, 0x00, 0x00, 0x07, 0x42, 0x00, 0x10, 0x00, 0x01, 0x00, 0x00, 0x00, 0x2a, 0x00, 0x10, 0x00,
	0x04, 0x00, 0x00, 0x00, 0x2a, 0x00, 0x10, 0x00, 0x01, 0x00, 0x00, 0x00, 0x00, 0x00, 0x00, 0x08,
	0x82, 0x00, 0x10, 0x00, 0x01, 0x00, 0x00, 0x00, 0x0a, 0x10, 0x10, 0x80, 0x41, 0x00, 0x00, 0x00,
	0x07, 0x00, 0x00, 0x00, 0x1a, 0x10, 0x10, 0x00, 0x07, 0x00, 0x00, 0x00, 0x00, 0x00, 0x00, 0x08,
	0x12, 0x00, 0x10, 0x00, 0x02, 0x00, 0x00, 0x00, 0x2a, 0x00, 0x10, 0x80, 0x41, 0x00, 0x00, 0x00,
	0x01, 0x00, 0x00, 0x00, 0x01, 0x40, 0x00, 0x00, 0x00, 0x00, 0x80, 0x3f, 0x34, 0x00, 0x00, 0x07,
	0x12, 0x00, 0x10, 0x00, 0x02, 0x00, 0x00, 0x00, 0x0a, 0x00, 0x10, 0x00, 0x02, 0x00, 0x00, 0x00,
	0x01, 0x40, 0x00, 0x00, 0x00, 0x00, 0x00, 0x00, 0x2f, 0x00, 0x00, 0x05, 0x12, 0x00, 0x10, 0x00,
	0x02, 0x00, 0x00, 0x00, 0x0a, 0x00, 0x10, 0x00, 0x02, 0x00, 0x00, 0x00, 0x38, 0x00, 0x00, 0x07,
	0x12, 0x00, 0x10, 0x00, 0x02, 0x00, 0x00, 0x00, 0x0a, 0x00, 0x10, 0x00, 0x02, 0x00, 0x00, 0x00,
	0x2a, 0x10, 0x10, 0x00, 0x07, 0x00, 0x00, 0x00, 0x19, 0x00, 0x00, 0x05, 0x12, 0x00, 0x10, 0x00,
	0x02, 0x00, 0x00, 0x00, 0x0a, 0x00, 0x10, 0x00, 0x02, 0x00, 0x00, 0x00, 0x00, 0x00, 0x00, 0x08,
	0x12, 0x00, 0x10, 0x00, 0x02, 0x00, 0x00, 0x00, 0x0a, 0x00, 0x10, 0x80, 0x41, 0x00, 0x00, 0x00,
	0x02, 0x00, 0x00, 0x00, 0x01, 0x40, 0x00, 0x00, 0x00, 0x00, 0x80, 0x3f, 0x38, 0x00, 0x00, 0x07,
	0x12, 0x00, 0x10, 0x00, 0x02, 0x00, 0x00, 0x00, 0x3a, 0x00, 0x10, 0x00, 0x01, 0x00, 0x00, 0x00,
	0x0a, 0x00, 0x10, 0x00, 0x02, 0x00, 0x00, 0x00, 0x00, 0x00, 0x00, 0x07, 0x12, 0x00, 0x10, 0x00,
	0x02, 0x00, 0x00, 0x00, 0x0a, 0x00, 0x10, 0x00, 0x02, 0x00, 0x00, 0x00, 0x0a, 0x10, 0x10, 0x00,
	0x07, 0x00, 0x00, 0x00, 0x38, 0x00, 0x00, 0x07, 0x82, 0x00, 0x10, 0x00, 0x01, 0x00, 0x00, 0x00,
	0x3a, 0x00, 0x10, 0x00, 0x01, 0x00, 0x00, 0x00, 0x3a, 0x10, 0x10, 0x00, 0x07, 0x00, 0x00, 0x00,
	0x00, 0x00, 0x00, 0x08, 0xd2, 0x00, 0x10, 0x00, 0x03, 0x00, 0x00, 0x00, 0xa6, 0x0a, 0x10, 0x80,
	0x41, 0x00, 0x00, 0x00, 0x01, 0x00, 0x00, 0x00, 0x06, 0x0e, 0x10, 0x00, 0x03, 0x00, 0x00, 0x00,
	0x38, 0x00, 0x00, 0x07, 0xd2, 0x00, 0x10, 0x00, 0x03, 0x00, 0x00, 0x00, 0xf6, 0x0f, 0x10, 0x00,
	0x01, 0x00, 0x00, 0x00, 0x06, 0x0e, 0x10, 0x00, 0x03, 0x00, 0x00, 0x00, 0x00, 0x20, 0x00, 0x07,
	0xd2, 0x00, 0x10, 0x00, 0x03, 0x00, 0x00, 0x00, 0x06, 0x00, 0x10, 0x00, 0x02, 0x00, 0x00, 0x00,
	0x06, 0x0e, 0x10, 0x00, 0x03, 0x00, 0x00, 0x00, 0x00, 0x00, 0x00, 0x08, 0x72, 0x00, 0x10, 0x00,
	0x04, 0x00, 0x00, 0x00, 0x86, 0x03, 0x10, 0x80, 0x41, 0x00, 0x00, 0x00, 0x03, 0x00, 0x00, 0x00,
	0x46, 0x12, 0x10, 0x00, 0x06, 0x00, 0x00, 0x00, 0x38, 0x00, 0x00, 0x07, 0x72, 0x00, 0x10, 0x00,
	0x04, 0x00, 0x00, 0x00, 0x46, 0x02, 0x10, 0x00, 0x04, 0x00, 0x00, 0x00, 0xf6, 0x1f, 0x10, 0x00,
	0x06, 0x00, 0x00, 0x00, 0x00, 0x00, 0x00, 0x07, 0xd2, 0x00, 0x10, 0x00, 0x03, 0x00, 0x00, 0x00,
	0x06, 0x0e, 0x10, 0x00, 0x03, 0x00, 0x00, 0x00, 0x06, 0x09, 0x10, 0x00, 0x04, 0x00, 0x00, 0x00,
	0x31, 0x00, 0x00, 0x07, 0x42, 0x00, 0x10, 0x00, 0x01, 0x00, 0x00, 0x00, 0x01, 0x40, 0x00, 0x00,
	0x00, 0x00, 0x00, 0x00, 0x2a, 0x10, 0x10, 0x00, 0x05, 0x00, 0x00, 0x00, 0x01, 0x00, 0x00, 0x07,
	0x42, 0x00, 0x10, 0x00, 0x01, 0x00, 0x00, 0x00, 0x1a, 0x00, 0x10, 0x00, 0x03, 0x00, 0x00, 0x00,
	0x2a, 0x00, 0x10, 0x00, 0x01, 0x00, 0x00, 0x00, 0x38, 0x00, 0x00, 0x08, 0x82, 0x00, 0x10, 0x00,
	0x01, 0x00, 0x00, 0x00, 0x3a, 0x00, 0x10, 0x00, 0x02, 0x00, 0x00, 0x00, 0x3a, 0x00, 0x10, 0x80,
	0x41, 0x00, 0x00, 0x00, 0x02, 0x00, 0x00, 0x00, 0x38, 0x00, 0x00, 0x07, 0x82, 0x00, 0x10, 0x00,
	0x01, 0x00, 0x00, 0x00, 0x3a, 0x00, 0x10, 0x00, 0x01, 0x00, 0x00, 0x00, 0x01, 0x40, 0x00, 0x00,
	0x3b, 0xaa, 0xb8, 0x3f, 0x19, 0x00, 0x00, 0x05, 0x82, 0x00, 0x10, 0x00, 0x01, 0x00, 0x00, 0x00,
	0x3a, 0x00, 0x10, 0x00, 0x01, 0x00, 0x00, 0x00, 0x38, 0x00, 0x00, 0x07, 0x82, 0x00, 0x10, 0x00,
	0x01, 0x00, 0x00, 0x00, 0x3a, 0x00, 0x10, 0x00, 0x01, 0x00, 0x00, 0x00, 0x2a, 0x10, 0x10, 0x00,
	0x05, 0x00, 0x00, 0x00, 0x38, 0x00, 0x00, 0x07, 0xc2, 0x00, 0x10, 0x00, 0x00, 0x00, 0x00, 0x00,
	0xa6, 0x0e, 0x10, 0x00, 0x00, 0x00, 0x00, 0x00, 0x06, 0x14, 0x10, 0x00, 0x08, 0x00, 0x00, 0x00,
	0x00, 0x00, 0x00, 0x07, 0x42, 0x00, 0x10, 0x00, 0x00, 0x00, 0x00, 0x00, 0x3a, 0x00, 0x10, 0x00,
	0x00, 0x00, 0x00, 0x00, 0x2a, 0x00, 0x10, 0x00, 0x00, 0x00, 0x00, 0x00, 0x00, 0x00, 0x00, 0x09,
	0x72, 0x00, 0x10, 0x00, 0x04, 0x00, 0x00, 0x00, 0x86, 0x03, 0x10, 0x80, 0x41, 0x00, 0x00, 0x00,
	0x03, 0x00, 0x00, 0x00, 0xa6, 0x0a, 0x10, 0x80, 0x81, 0x00, 0x00, 0x00, 0x00, 0x00, 0x00, 0x00,
	0x38, 0x00, 0x00, 0x07, 0x72, 0x00, 0x10, 0x00, 0x04, 0x00, 0x00, 0x00, 0xf6, 0x0f, 0x10, 0x00,
	0x01, 0x00, 0x00, 0x00, 0x46, 0x02, 0x10, 0x00, 0x04, 0x00, 0x00, 0x00, 0x00, 0x00, 0x00, 0x07,
	0x72, 0x00, 0x10, 0x00, 0x04, 0x00, 0x00, 0x00, 0x86, 0x03, 0x10, 0x00, 0x03, 0x00, 0x00, 0x00,
	0x46, 0x02, 0x10, 0x00, 0x04, 0x00, 0x00, 0x00, 0x37, 0x00, 0x00, 0x09, 0x72, 0x00, 0x10, 0x00,
	0x03, 0x00, 0x00, 0x00, 0xa6, 0x0a, 0x10, 0x00, 0x01, 0x00, 0x00, 0x00, 0x46, 0x02, 0x10, 0x00,
	0x04, 0x00, 0x00, 0x00, 0x86, 0x03, 0x10, 0x00, 0x03, 0x00, 0x00, 0x00, 0x31, 0x00, 0x00, 0x07,
	0x42, 0x00, 0x10, 0x00, 0x00, 0x00, 0x00, 0x00, 0x3a, 0x10, 0x10, 0x00, 0x0e, 0x00, 0x00, 0x00,
	0x01, 0x40, 0x00, 0x00, 0x00, 0x00, 0x00, 0x3f, 0x37, 0x00, 0x00, 0x09, 0x62, 0x00, 0x10, 0x00,
	0x01, 0x00, 0x00, 0x00, 0x56, 0x05, 0x10, 0x00, 0x01, 0x00, 0x00, 0x00, 0x06, 0x11, 0x10, 0x00,
	0x04, 0x00, 0x00, 0x00, 0xf6, 0x1e, 0x10, 0x00, 0x04, 0x00, 0x00, 0x00, 0x37, 0x00, 0x00, 0x09,
	0x82, 0x00, 0x10, 0x00, 0x00, 0x00, 0x00, 0x00, 0x0a, 0x00, 0x10, 0x00, 0x01, 0x00, 0x00, 0x00,
	0x1a, 0x00, 0x10, 0x00, 0x01, 0x00, 0x00, 0x00, 0x2a, 0x00, 0x10, 0x00, 0x01, 0x00, 0x00, 0x00,
	0x00, 0x00, 0x00, 0x07, 0x32, 0x00, 0x10, 0x00, 0x01, 0x00, 0x00, 0x00, 0xf6, 0x0f, 0x10, 0x00,
	0x00, 0x00, 0x00, 0x00, 0x96, 0x05, 0x10, 0x00, 0x02, 0x00, 0x00, 0x00, 0x34, 0x00, 0x00, 0x0a,
	0xc2, 0x00, 0x10, 0x00, 0x01, 0x00, 0x00, 0x00, 0x06, 0x04, 0x10, 0x00, 0x01, 0x00, 0x00, 0x00,
	0x02, 0x40, 0x00, 0x00, 0x00, 0x00, 0x00, 0x00, 0x00, 0x00, 0x00, 0x00, 0x00, 0x00, 0x00, 0x00,
	0x00, 0x00, 0x00, 0x00, 0x0f, 0x00, 0x00, 0x07, 0x42, 0x00, 0x10, 0x00, 0x01, 0x00, 0x00, 0x00,
	0xe6, 0x0a, 0x10, 0x00, 0x01, 0x00, 0x00, 0x00, 0xe6, 0x0a, 0x10, 0x00, 0x01, 0x00, 0x00, 0x00,
	0x4b, 0x00, 0x00, 0x05, 0x42, 0x00, 0x10, 0x00, 0x01, 0x00, 0x00, 0x00, 0x2a, 0x00, 0x10, 0x00,
	0x01, 0x00, 0x00, 0x00, 0x34, 0x00, 0x00, 0x07, 0x12, 0x00, 0x10, 0x00, 0x01, 0x00, 0x00, 0x00,
	0x1a, 0x00, 0x10, 0x00, 0x01, 0x00, 0x00, 0x00, 0x0a, 0x00, 0x10, 0x00, 0x01, 0x00, 0x00, 0x00,
	0x33, 0x00, 0x00, 0x07, 0x12, 0x00, 0x10, 0x00, 0x01, 0x00, 0x00, 0x00, 0x0a, 0x00, 0x10, 0x00,
	0x01, 0x00, 0x00, 0x00, 0x01, 0x40, 0x00, 0x00, 0x00, 0x00, 0x00, 0x00, 0x00, 0x00, 0x00, 0x07,
	0x12, 0x00, 0x10, 0x00, 0x01, 0x00, 0x00, 0x00, 0x0a, 0x00, 0x10, 0x00, 0x01, 0x00, 0x00, 0x00,
	0x2a, 0x00, 0x10, 0x00, 0x01, 0x00, 0x00, 0x00, 0x00, 0x00, 0x00, 0x08, 0x12, 0x00, 0x10, 0x00,
	0x01, 0x00, 0x00, 0x00, 0x3a, 0x00, 0x10, 0x80, 0x41, 0x00, 0x00, 0x00, 0x00, 0x00, 0x00, 0x00,
	0x0a, 0x00, 0x10, 0x00, 0x01, 0x00, 0x00, 0x00, 0x00, 0x00, 0x00, 0x0a, 0xf2, 0x00, 0x10, 0x00,
	0x02, 0x00, 0x00, 0x00, 0x46, 0x14, 0x10, 0x00, 0x01, 0x00, 0x00, 0x00, 0x02, 0x40, 0x00, 0x00,
	0x00, 0x00, 0x00, 0x3f, 0x00, 0x00, 0x00, 0x3f, 0x00, 0x00, 0x00, 0xbf, 0x00, 0x00, 0x00, 0xbf,
	0x1f, 0x00, 0x00, 0x03, 0x2a, 0x00, 0x10, 0x00, 0x00, 0x00, 0x00, 0x00, 0x0b, 0x00, 0x00, 0x05,
	0x62, 0x00, 0x10, 0x00, 0x01, 0x00, 0x00, 0x00, 0x06, 0x11, 0x10, 0x00, 0x01, 0x00, 0x00, 0x00,
	0x0c, 0x00, 0x00, 0x05, 0x32, 0x00, 0x10, 0x00, 0x04, 0x00, 0x00, 0x00, 0x46, 0x10, 0x10, 0x00,
	0x01, 0x00, 0x00, 0x00, 0x00, 0x00, 0x00, 0x07, 0xc2, 0x00, 0x10, 0x00, 0x04, 0x00, 0x00, 0x00,
	0x56, 0x09, 0x10, 0x00, 0x01, 0x00, 0x00, 0x00, 0x06, 0x04, 0x10, 0x00, 0x04, 0x00, 0x00, 0x00,
	0x38, 0x00, 0x00, 0x0a, 0xc2, 0x00, 0x10, 0x00, 0x04, 0x00, 0x00, 0x00, 0xa6, 0x0e, 0x10, 0x00,
	0x04, 0x00, 0x00, 0x00, 0x02, 0x40, 0x00, 0x00, 0x00, 0x00, 0x00, 0x00, 0x00, 0x00, 0x00, 0x00,
	0x00, 0x00, 0x00, 0x3f, 0x00, 0x00, 0x00, 0x3f, 0x00, 0x00, 0x00, 0x08, 0x32, 0x00, 0x10, 0x00,
	0x05, 0x00, 0x00, 0x00, 0x96, 0x05, 0x10, 0x00, 0x01, 0x00, 0x00, 0x00, 0x46, 0x00, 0x10, 0x80,
	0x41, 0x00, 0x00, 0x00, 0x04, 0x00, 0x00, 0x00, 0x38, 0x00, 0x00, 0x0a, 0x32, 0x00, 0x10, 0x00,
	0x05, 0x00, 0x00, 0x00, 0x46, 0x00, 0x10, 0x00, 0x05, 0x00, 0x00, 0x00, 0x02, 0x40, 0x00, 0x00,
	0x00, 0x00, 0x00, 0x3f, 0x00, 0x00, 0x00, 0x3f, 0x00, 0x00, 0x00, 0x00, 0x00, 0x00, 0x00, 0x00,
	0x00, 0x00, 0x00, 0x09, 0x82, 0x00, 0x10, 0x00, 0x01, 0x00, 0x00, 0x00, 0x3a, 0x00, 0x10, 0x80,
	0x81, 0x00, 0x00, 0x00, 0x04, 0x00, 0x00, 0x00, 0x2a, 0x00, 0x10, 0x80, 0x81, 0x00, 0x00, 0x00,
	0x04, 0x00, 0x00, 0x00, 0x00, 0x00, 0x00, 0x09, 0x42, 0x00, 0x10, 0x00, 0x04, 0x00, 0x00, 0x00,
	0x1a, 0x00, 0x10, 0x80, 0x81, 0x00, 0x00, 0x00, 0x05, 0x00, 0x00, 0x00, 0x0a, 0x00, 0x10, 0x80,
	0x81, 0x00, 0x00, 0x00, 0x05, 0x00, 0x00, 0x00, 0x34, 0x00, 0x00, 0x07, 0x82, 0x00, 0x10, 0x00,
	0x01, 0x00, 0x00, 0x00, 0x3a, 0x00, 0x10, 0x00, 0x01, 0x00, 0x00, 0x00, 0x2a, 0x00, 0x10, 0x00,
	0x04, 0x00, 0x00, 0x00, 0x38, 0x00, 0x00, 0x07, 0x82, 0x00, 0x10, 0x00, 0x01, 0x00, 0x00, 0x00,
	0x3a, 0x00, 0x10, 0x00, 0x01, 0x00, 0x00, 0x00, 0x01, 0x40, 0x00, 0x00, 0x00, 0x00, 0x00, 0x40,
	0x31, 0x00, 0x00, 0x08, 0x42, 0x00, 0x10, 0x00, 0x04, 0x00, 0x00, 0x00, 0x0a, 0x00, 0x10, 0x00,
	0x01, 0x00, 0x00, 0x00, 0x3a, 0x00, 0x10, 0x80, 0x41, 0x00, 0x00, 0x00, 0x01, 0x00, 0x00, 0x00,
	0x1f, 0x00, 0x00, 0x03, 0x2a, 0x00, 0x10, 0x00, 0x04, 0x00, 0x00, 0x00, 0x31, 0x00, 0x00, 0x07,
	0x82, 0x00, 0x10, 0x00, 0x01, 0x00, 0x00, 0x00, 0x3a, 0x00, 0x10, 0x00, 0x01, 0x00, 0x00, 0x00,
	0x0a, 0x00, 0x10, 0x00, 0x01, 0x00, 0x00, 0x00, 0x1f, 0x00, 0x00, 0x03, 0x3a, 0x00, 0x10, 0x00,
	0x01, 0x00, 0x00, 0x00, 0x36, 0x00, 0x00, 0x05, 0x82, 0x00, 0x10, 0x00, 0x01, 0x00, 0x00, 0x00,
	0x01, 0x40, 0x00, 0x00, 0x00, 0x00, 0x00, 0x00, 0x36, 0x00, 0x00, 0x05, 0x42, 0x00, 0x10, 0x00,
	0x04, 0x00, 0x00, 0x00, 0x01, 0x40, 0x00, 0x00, 0x00, 0x00, 0x00, 0x00, 0x30, 0x00, 0x00, 0x01,
	0x21, 0x00, 0x00, 0x07, 0x82, 0x00, 0x10, 0x00, 0x04, 0x00, 0x00, 0x00, 0x2a, 0x00, 0x10, 0x00,
	0x04, 0x00, 0x00, 0x00, 0x01, 0x40, 0x00, 0x00, 0x04, 0x00, 0x00, 0x00, 0x03, 0x00, 0x04, 0x03,
	0x3a, 0x00, 0x10, 0x00, 0x04, 0x00, 0x00, 0x00, 0x2b, 0x00, 0x00, 0x05, 0x82, 0x00, 0x10, 0x00,
	0x04, 0x00, 0x00, 0x00, 0x2a, 0x00, 0x10, 0x00, 0x04, 0x00, 0x00, 0x00, 0x00, 0x00, 0x00, 0x07,
	0x82, 0x00, 0x10, 0x00, 0x04, 0x00, 0x00, 0x00, 0x3a, 0x00, 0x10, 0x00, 0x04, 0x00, 0x00, 0x00,
	0x01, 0x40, 0x00, 0x00, 0x00, 0x00, 0x00, 0x3f, 0x0e, 0x00, 0x00, 0x07, 0x82, 0x00, 0x10, 0x00,
	0x04, 0x00, 0x00, 0x00, 0x3a, 0x00, 0x10, 0x00, 0x04, 0x00, 0x00, 0x00, 0x01, 0x40, 0x00, 0x00,
	0x00, 0x00, 0x80, 0x40, 0x00, 0x00, 0x00, 0x07, 0x82, 0x00, 0x10, 0x00, 0x04, 0x00, 0x00, 0x00,
	0x3a, 0x00, 0x10, 0x00, 0x04, 0x00, 0x00, 0x00, 0x01, 0x40, 0x00, 0x00, 0x00, 0x00, 0x00, 0xbf,
	0x38, 0x00, 0x00, 0x07, 0x32, 0x00, 0x10, 0x00, 0x05, 0x00, 0x00, 0x00, 0xf6, 0x0f, 0x10, 0x00,
	0x04, 0x00, 0x00, 0x00, 0x46, 0x00, 0x10, 0x00, 0x04, 0x00, 0x00, 0x00, 0x36, 0x00, 0x00, 0x05,
	0x82, 0x00, 0x10, 0x00, 0x04, 0x00, 0x00, 0x00, 0x3a, 0x00, 0x10, 0x00, 0x01, 0x00, 0x00, 0x00,
	0x36, 0x00, 0x00, 0x05, 0x42, 0x00, 0x10, 0x00, 0x05, 0x00, 0x00, 0x00, 0x01, 0x40, 0x00, 0x00,
	0x00, 0x00, 0x00, 0x00, 0x30, 0x00, 0x00, 0x01, 0x21, 0x00, 0x00, 0x07, 0x82, 0x00, 0x10, 0x00,
	0x05, 0x00, 0x00, 0x00, 0x2a, 0x00, 0x10, 0x00, 0x05, 0x00, 0x00, 0x00, 0x01, 0x40, 0x00, 0x00,
	0x04, 0x00, 0x00, 0x00, 0x03, 0x00, 0x04, 0x03, 0x3a, 0x00, 0x10, 0x00, 0x05, 0x00, 0x00, 0x00,
	0x2b, 0x00, 0x00, 0x05, 0x82, 0x00, 0x10, 0x00, 0x05, 0x00, 0x00, 0x00, 0x2a, 0x00, 0x10, 0x00,
	0x05, 0x00, 0x00, 0x00, 0x00, 0x00, 0x00, 0x07, 0x82, 0x00, 0x10, 0x00, 0x05, 0x00, 0x00, 0x00,
	0x3a, 0x00, 0x10, 0x00, 0x05, 0x00, 0x00, 0x00, 0x01, 0x40, 0x00, 0x00, 0x00, 0x00, 0x00, 0x3f,
	0x0e, 0x00, 0x00, 0x07, 0x82, 0x00, 0x10, 0x00, 0x05, 0x00, 0x00, 0x00, 0x3a, 0x00, 0x10, 0x00,
	0x05, 0x00, 0x00, 0x00, 0x01, 0x40, 0x00, 0x00, 0x00, 0x00, 0x80, 0x40, 0x00, 0x00, 0x00, 0x07,
	0x82, 0x00, 0x10, 0x00, 0x05, 0x00, 0x00, 0x00, 0x3a, 0x00, 0x10, 0x00, 0x05, 0x00, 0x00, 0x00,
	0x01, 0x40, 0x00, 0x00, 0x00, 0x00, 0x00, 0xbf, 0x38, 0x00, 0x00, 0x07, 0x32, 0x00, 0x10, 0x00,
	0x06, 0x00, 0x00, 0x00, 0x96, 0x05, 0x10, 0x00, 0x01, 0x00, 0x00, 0x00, 0xf6, 0x0f, 0x10, 0x00,
	0x05, 0x00, 0x00, 0x00, 0x00, 0x00, 0x00, 0x07, 0x32, 0x00, 0x10, 0x00, 0x06, 0x00, 0x00, 0x00,
	0x46, 0x00, 0x10, 0x00, 0x06, 0x00, 0x00, 0x00, 0x46, 0x10, 0x10, 0x00, 0x01, 0x00, 0x00, 0x00,
	0x00, 0x00, 0x00, 0x07, 0x32, 0x00, 0x10, 0x00, 0x06, 0x00, 0x00, 0x00, 0x46, 0x00, 0x10, 0x00,
	0x05, 0x00, 0x00, 0x00, 0x46, 0x00, 0x10, 0x00, 0x06, 0x00, 0x00, 0x00, 0x00, 0x00, 0x00, 0x08,
	0x32, 0x00, 0x10, 0x00, 0x06, 0x00, 0x00, 0x00, 0x46, 0x00, 0x10, 0x00, 0x06, 0x00, 0x00, 0x00,
	0x46, 0x10, 0x10, 0x80, 0x41, 0x00, 0x00, 0x00, 0x03, 0x00, 0x00, 0x00, 0x00, 0x00, 0x00, 0x08,
	0x32, 0x00, 0x10, 0x00, 0x06, 0x00, 0x00, 0x00, 0x46, 0x00, 0x10, 0x80, 0x41, 0x00, 0x00, 0x00,
	0x00, 0x00, 0x00, 0x00, 0x46, 0x00, 0x10, 0x00, 0x06, 0x00, 0x00, 0x00, 0x31, 0x00, 0x00, 0x0a,
	0xc2, 0x00, 0x10, 0x00, 0x06, 0x00, 0x00, 0x00, 0x06, 0x04, 0x10, 0x00, 0x06, 0x00, 0x00, 0x00,
	0x02, 0x40, 0x00, 0x00, 0x00, 0x00, 0x00, 0x00, 0x00, 0x00, 0x00, 0x00, 0x00, 0x00, 0x00, 0x00,
	0x00, 0x00, 0x00, 0x00, 0x37, 0x00, 0x00, 0x09, 0x32, 0x00, 0x10, 0x00, 0x07, 0x00, 0x00, 0x00,
	0xf6, 0x0f, 0x10, 0x00, 0x06, 0x00, 0x00, 0x00, 0x46, 0x10, 0x10, 0x00, 0x04, 0x00, 0x00, 0x00,
	0xb6, 0x1f, 0x10, 0x00, 0x04, 0x00, 0x00, 0x00, 0x37, 0x00, 0x00, 0x09, 0x82, 0x00, 0x10, 0x00,
	0x05, 0x00, 0x00, 0x00, 0x2a, 0x00, 0x10, 0x00, 0x06, 0x00, 0x00, 0x00, 0x0a, 0x00, 0x10, 0x00,
	0x07, 0x00, 0x00, 0x00, 0x1a, 0x00, 0x10, 0x00, 0x07, 0x00, 0x00, 0x00, 0x00, 0x00, 0x00, 0x09,
	0x32, 0x00, 0x10, 0x00, 0x06, 0x00, 0x00, 0x00, 0x46, 0x00, 0x10, 0x80, 0x41, 0x00, 0x00, 0x00,
	0x00, 0x00, 0x00, 0x00, 0x46, 0x00, 0x10, 0x80, 0x81, 0x00, 0x00, 0x00, 0x06, 0x00, 0x00, 0x00,
	0x00, 0x00, 0x00, 0x07, 0x32, 0x00, 0x10, 0x00, 0x06, 0x00, 0x00, 0x00, 0xf6, 0x0f, 0x10, 0x00,
	0x05, 0x00, 0x00, 0x00, 0x46, 0x00, 0x10, 0x00, 0x06, 0x00, 0x00, 0x00, 0x34, 0x00, 0x00, 0x0a,
	0xc2, 0x00, 0x10, 0x00, 0x06, 0x00, 0x00, 0x00, 0x06, 0x04, 0x10, 0x00, 0x06, 0x00, 0x00, 0x00,
	0x02, 0x40, 0x00, 0x00, 0x00, 0x00, 0x00, 0x00, 0x00, 0x00, 0x00, 0x00, 0x00, 0x00, 0x00, 0x00,
	0x00, 0x00, 0x00, 0x00, 0x0f, 0x00, 0x00, 0x07, 0x42, 0x00, 0x10, 0x00, 0x06, 0x00, 0x00, 0x00,
	0xe6, 0x0a, 0x10, 0x00, 0x06, 0x00, 0x00, 0x00, 0xe6, 0x0a, 0x10, 0x00, 0x06, 0x00, 0x00, 0x00,
	0x4b, 0x00, 0x00, 0x05, 0x42, 0x00, 0x10, 0x00, 0x06, 0x00, 0x00, 0x00, 0x2a, 0x00, 0x10, 0x00,
	0x06, 0x00, 0x00, 0x00, 0x34, 0x00, 0x00, 0x07, 0x12, 0x00, 0x10, 0x00, 0x06, 0x00, 0x00, 0x00,
	0x1a, 0x00, 0x10, 0x00, 0x06, 0x00, 0x00, 0x00, 0x0a, 0x00, 0x10, 0x00, 0x06, 0x00, 0x00, 0x00,
	0x33, 0x00, 0x00, 0x07, 0x12, 0x00, 0x10, 0x00, 0x06, 0x00, 0x00, 0x00, 0x0a, 0x00, 0x10, 0x00,
	0x06, 0x00, 0x00, 0x00, 0x01, 0x40, 0x00, 0x00, 0x00, 0x00, 0x00, 0x00, 0x00, 0x00, 0x00, 0x07,
	0x12, 0x00, 0x10, 0x00, 0x06, 0x00, 0x00, 0x00, 0x0a, 0x00, 0x10, 0x00, 0x06, 0x00, 0x00, 0x00,
	0x2a, 0x00, 0x10, 0x00, 0x06, 0x00, 0x00, 0x00, 0x00, 0x00, 0x00, 0x08, 0x82, 0x00, 0x10, 0x00,
	0x05, 0x00, 0x00, 0x00, 0x3a, 0x00, 0x10, 0x80, 0x41, 0x00, 0x00, 0x00, 0x05, 0x00, 0x00, 0x00,
	0x0a, 0x00, 0x10, 0x00, 0x06, 0x00, 0x00, 0x00, 0x1d, 0x00, 0x00, 0x07, 0x82, 0x00, 0x10, 0x00,
	0x05, 0x00, 0x00, 0x00, 0x01, 0x40, 0x00, 0x00, 0x00, 0x00, 0x00, 0x00, 0x3a, 0x00, 0x10, 0x00,
	0x05, 0x00, 0x00, 0x00, 0x01, 0x00, 0x00, 0x07, 0x82, 0x00, 0x10, 0x00, 0x05, 0x00, 0x00, 0x00,
	0x3a, 0x00, 0x10, 0x00, 0x05, 0x00, 0x00, 0x00, 0x01, 0x40, 0x00, 0x00, 0x00, 0x00, 0x80, 0x3f,
	0x00, 0x00, 0x00, 0x07, 0x82, 0x00, 0x10, 0x00, 0x04, 0x00, 0x00, 0x00, 0x3a, 0x00, 0x10, 0x00,
	0x04, 0x00, 0x00, 0x00, 0x3a, 0x00, 0x10, 0x00, 0x05, 0x00, 0x00, 0x00, 0x1e, 0x00, 0x00, 0x07,
	0x42, 0x00, 0x10, 0x00, 0x05, 0x00, 0x00, 0x00, 0x2a, 0x00, 0x10, 0x00, 0x05, 0x00, 0x00, 0x00,
	0x01, 0x40, 0x00, 0x00, 0x01, 0x00, 0x00, 0x00, 0x16, 0x00, 0x00, 0x01, 0x36, 0x00, 0x00, 0x05,
	0x82, 0x00, 0x10, 0x00, 0x01, 0x00, 0x00, 0x00, 0x3a, 0x00, 0x10, 0x00, 0x04, 0x00, 0x00, 0x00,
	0x1e, 0x00, 0x00, 0x07, 0x42, 0x00, 0x10, 0x00, 0x04, 0x00, 0x00, 0x00, 0x2a, 0x00, 0x10, 0x00,
	0x04, 0x00, 0x00, 0x00, 0x01, 0x40, 0x00, 0x00, 0x01, 0x00, 0x00, 0x00, 0x16, 0x00, 0x00, 0x01,
	0x0e, 0x00, 0x00, 0x07, 0x12, 0x00, 0x10, 0x00, 0x00, 0x00, 0x00, 0x00, 0x3a, 0x00, 0x10, 0x00,
	0x01, 0x00, 0x00, 0x00, 0x01, 0x40, 0x00, 0x00, 0x00, 0x00, 0x80, 0x41, 0x12, 0x00, 0x00, 0x01,
	0x36, 0x00, 0x00, 0x05, 0x12, 0x00, 0x10, 0x00, 0x00, 0x00, 0x00, 0x00, 0x01, 0x40, 0x00, 0x00,
	0x00, 0x00, 0x00, 0x00, 0x15, 0x00, 0x00, 0x01, 0x12, 0x00, 0x00, 0x01, 0x36, 0x00, 0x00, 0x05,
	0x12, 0x00, 0x10, 0x00, 0x00, 0x00, 0x00, 0x00, 0x01, 0x40, 0x00, 0x00, 0x00, 0x00, 0x80, 0x3f,
	0x15, 0x00, 0x00, 0x01, 0x12, 0x00, 0x00, 0x01, 0x31, 0x00, 0x00, 0x07, 0x22, 0x00, 0x10, 0x00,
	0x00, 0x00, 0x00, 0x00, 0x01, 0x40, 0x00, 0x00, 0x00, 0x00, 0x00, 0x00, 0x3a, 0x00, 0x10, 0x00,
	0x00, 0x00, 0x00, 0x00, 0x00, 0x20, 0x00, 0x08, 0x82, 0x00, 0x10, 0x00, 0x00, 0x00, 0x00, 0x00,
	0x0a, 0x00, 0x10, 0x80, 0x41, 0x00, 0x00, 0x00, 0x01, 0x00, 0x00, 0x00, 0x01, 0x40, 0x00, 0x00,
	0x00, 0x00, 0x00, 0x3f, 0x00, 0x00, 0x00, 0x07, 0x32, 0x00, 0x10, 0x00, 0x01, 0x00, 0x00, 0x00,
	0xe6, 0x1a, 0x10, 0x00, 0x03, 0x00, 0x00, 0x00, 0x46, 0x10, 0x10, 0x00, 0x03, 0x00, 0x00, 0x00,
	0x33, 0x00, 0x00, 0x07, 0x32, 0x00, 0x10, 0x00, 0x01, 0x00, 0x00, 0x00, 0x46, 0x00, 0x10, 0x00,
	0x02, 0x00, 0x00, 0x00, 0x46, 0x00, 0x10, 0x00, 0x01, 0x00, 0x00, 0x00, 0x34, 0x00, 0x00, 0x07,
	0xc2, 0x00, 0x10, 0x00, 0x01, 0x00, 0x00, 0x00, 0xa6, 0x0e, 0x10, 0x00, 0x02, 0x00, 0x00, 0x00,
	0x06, 0x14, 0x10, 0x00, 0x03, 0x00, 0x00, 0x00, 0x00, 0x20, 0x00, 0x08, 0x32, 0x00, 0x10, 0x00,
	0x01, 0x00, 0x00, 0x00, 0xe6, 0x0a, 0x10, 0x80, 0x41, 0x00, 0x00, 0x00, 0x01, 0x00, 0x00, 0x00,
	0x46, 0x00, 0x10, 0x00, 0x01, 0x00, 0x00, 0x00, 0x38, 0x00, 0x00, 0x07, 0x12, 0x00, 0x10, 0x00,
	0x01, 0x00, 0x00, 0x00, 0x1a, 0x00, 0x10, 0x00, 0x01, 0x00, 0x00, 0x00, 0x0a, 0x00, 0x10, 0x00,
	0x01, 0x00, 0x00, 0x00, 0x37, 0x00, 0x00, 0x09, 0x12, 0x00, 0x10, 0x00, 0x00, 0x00, 0x00, 0x00,
	0x1a, 0x00, 0x10, 0x00, 0x00, 0x00, 0x00, 0x00, 0x3a, 0x00, 0x10, 0x00, 0x00, 0x00, 0x00, 0x00,
	0x0a, 0x00, 0x10, 0x00, 0x01, 0x00, 0x00, 0x00, 0x15, 0x00, 0x00, 0x01, 0x31, 0x00, 0x00, 0x07,
	0x22, 0x00, 0x10, 0x00, 0x00, 0x00, 0x00, 0x00, 0x3a, 0x10, 0x10, 0x00, 0x0f, 0x00, 0x00, 0x00,
	0x01, 0x40, 0x00, 0x00, 0x00, 0x00, 0x00, 0x3f, 0x1f, 0x00, 0x04, 0x03, 0x1a, 0x00, 0x10, 0x00,
	0x00, 0x00, 0x00, 0x00, 0x00, 0x00, 0x00, 0x08, 0x32, 0x00, 0x10, 0x00, 0x01, 0x00, 0x00, 0x00,
	0xe6, 0x1a, 0x10, 0x00, 0x01, 0x00, 0x00, 0x00, 0x46, 0x10, 0x10, 0x80, 0x41, 0x00, 0x00, 0x00,
	0x0b, 0x00, 0x00, 0x00, 0x38, 0x00, 0x00, 0x0a, 0xc2, 0x00, 0x10, 0x00, 0x01, 0x00, 0x00, 0x00,
	0xa6, 0x1e, 0x10, 0x00, 0x0b, 0x00, 0x00, 0x00, 0x02, 0x40, 0x00, 0x00, 0x00, 0x00, 0x00, 0x00,
	0x00, 0x00, 0x00, 0x00, 0x00, 0x00, 0x00, 0x3f, 0x00, 0x00, 0x00, 0x3f, 0x00, 0x00, 0x00, 0x08,
	0x32, 0x00, 0x10, 0x00, 0x01, 0x00, 0x00, 0x00, 0xe6, 0x0a, 0x10, 0x80, 0x41, 0x00, 0x00, 0x00,
	0x01, 0x00, 0x00, 0x00, 0x46, 0x00, 0x10, 0x00, 0x01, 0x00, 0x00, 0x00, 0x31, 0x00, 0x00, 0x0a,
	0x32, 0x00, 0x10, 0x00, 0x04, 0x00, 0x00, 0x00, 0x46, 0x00, 0x10, 0x00, 0x01, 0x00, 0x00, 0x00,
	0x02, 0x40, 0x00, 0x00, 0x00, 0x00, 0x00, 0x00, 0x00, 0x00, 0x00, 0x00, 0x00, 0x00, 0x00, 0x00,
	0x00, 0x00, 0x00, 0x00, 0x37, 0x00, 0x00, 0x09, 0x62, 0x00, 0x10, 0x00, 0x04, 0x00, 0x00, 0x00,
	0x56, 0x05, 0x10, 0x00, 0x04, 0x00, 0x00, 0x00, 0x06, 0x11, 0x10, 0x00, 0x0c, 0x00, 0x00, 0x00,
	0xf6, 0x1e, 0x10, 0x00, 0x0c, 0x00, 0x00, 0x00, 0x37, 0x00, 0x00, 0x09, 0x82, 0x00, 0x10, 0x00,
	0x00, 0x00, 0x00, 0x00, 0x0a, 0x00, 0x10, 0x00, 0x04, 0x00, 0x00, 0x00, 0x1a, 0x00, 0x10, 0x00,
	0x04, 0x00, 0x00, 0x00, 0x2a, 0x00, 0x10, 0x00, 0x04, 0x00, 0x00, 0x00, 0x31, 0x00, 0x00, 0x07,
	0x12, 0x00, 0x10, 0x00, 0x04, 0x00, 0x00, 0x00, 0x01, 0x40, 0x00, 0x00, 0x00, 0x00, 0x00, 0x00,
	0x3a, 0x00, 0x10, 0x00, 0x00, 0x00, 0x00, 0x00, 0x1f, 0x00, 0x04, 0x03, 0x0a, 0x00, 0x10, 0x00,
	0x04, 0x00, 0x00, 0x00, 0x00, 0x00, 0x00, 0x09, 0x32, 0x00, 0x10, 0x00, 0x01, 0x00, 0x00, 0x00,
	0xe6, 0x0a, 0x10, 0x80, 0x41, 0x00, 0x00, 0x00, 0x01, 0x00, 0x00, 0x00, 0x46, 0x00, 0x10, 0x80,
	0x81, 0x00, 0x00, 0x00, 0x01, 0x00, 0x00, 0x00, 0x00, 0x00, 0x00, 0x07, 0x32, 0x00, 0x10, 0x00,
	0x01, 0x00, 0x00, 0x00, 0xf6, 0x0f, 0x10, 0x00, 0x00, 0x00, 0x00, 0x00, 0x46, 0x00, 0x10, 0x00,
	0x01, 0x00, 0x00, 0x00, 0x34, 0x00, 0x00, 0x0a, 0xc2, 0x00, 0x10, 0x00, 0x01, 0x00, 0x00, 0x00,
	0x06, 0x04, 0x10, 0x00, 0x01, 0x00, 0x00, 0x00, 0x02, 0x40, 0x00, 0x00, 0x00, 0x00, 0x00, 0x00,
	0x00, 0x00, 0x00, 0x00, 0x00, 0x00, 0x00, 0x00, 0x00, 0x00, 0x00, 0x00, 0x0f, 0x00, 0x00, 0x07,
	0x42, 0x00, 0x10, 0x00, 0x01, 0x00, 0x00, 0x00, 0xe6, 0x0a, 0x10, 0x00, 0x01, 0x00, 0x00, 0x00,
	0xe6, 0x0a, 0x10, 0x00, 0x01, 0x00, 0x00, 0x00, 0x4b, 0x00, 0x00, 0x05, 0x42, 0x00, 0x10, 0x00,
	0x01, 0x00, 0x00, 0x00, 0x2a, 0x00, 0x10, 0x00, 0x01, 0x00, 0x00, 0x00, 0x34, 0x00, 0x00, 0x07,
	0x12, 0x00, 0x10, 0x00, 0x01, 0x00, 0x00, 0x00, 0x1a, 0x00, 0x10, 0x00, 0x01, 0x00, 0x00, 0x00,
	0x0a, 0x00, 0x10, 0x00, 0x01, 0x00, 0x00, 0x00, 0x33, 0x00, 0x00, 0x07, 0x12, 0x00, 0x10, 0x00,
	0x01, 0x00, 0x00, 0x00, 0x0a, 0x00, 0x10, 0x00, 0x01, 0x00, 0x00, 0x00, 0x01, 0x40, 0x00, 0x00,
	0x00, 0x00, 0x00, 0x00, 0x00, 0x00, 0x00, 0x07, 0x12, 0x00, 0x10, 0x00, 0x01, 0x00, 0x00, 0x00,
	0x0a, 0x00, 0x10, 0x00, 0x01, 0x00, 0x00, 0x00, 0x2a, 0x00, 0x10, 0x00, 0x01, 0x00, 0x00, 0x00,
	0x00, 0x00, 0x00, 0x08, 0x82, 0x00, 0x10, 0x00, 0x00, 0x00, 0x00, 0x00, 0x3a, 0x00, 0x10, 0x80,
	0x41, 0x00, 0x00, 0x00, 0x00, 0x00, 0x00, 0x00, 0x0a, 0x00, 0x10, 0x00, 0x01, 0x00, 0x00, 0x00,
	0x00, 0x20, 0x00, 0x08, 0x82, 0x00, 0x10, 0x00, 0x00, 0x00, 0x00, 0x00, 0x3a, 0x00, 0x10, 0x80,
	0x41, 0x00, 0x00, 0x00, 0x00, 0x00, 0x00, 0x00, 0x01, 0x40, 0x00, 0x00, 0x00, 0x00, 0x00, 0x3f,
	0x15, 0x00, 0x00, 0x01, 0x00, 0x00, 0x00, 0x07, 0x32, 0x00, 0x10, 0x00, 0x01, 0x00, 0x00, 0x00,
	0xe6, 0x1a, 0x10, 0x00, 0x0b, 0x00, 0x00, 0x00, 0x46, 0x10, 0x10, 0x00, 0x0b, 0x00, 0x00, 0x00,
	0x00, 0x00, 0x00, 0x0a, 0xf2, 0x00, 0x10, 0x00, 0x05, 0x00, 0x00, 0x00, 0xe6, 0x1e, 0x10, 0x00,
	0x01, 0x00, 0x00, 0x00, 0x02, 0x40, 0x00, 0x00, 0x00, 0x00, 0x00, 0x3f, 0x00, 0x00, 0x00, 0x3f,
	0x00, 0x00, 0x00, 0xbf, 0x00, 0x00, 0x00, 0xbf, 0x33, 0x00, 0x00, 0x07, 0x32, 0x00, 0x10, 0x00,
	0x01, 0x00, 0x00, 0x00, 0x46, 0x00, 0x10, 0x00, 0x01, 0x00, 0x00, 0x00, 0x46, 0x00, 0x10, 0x00,
	0x05, 0x00, 0x00, 0x00, 0x34, 0x00, 0x00, 0x07, 0xc2, 0x00, 0x10, 0x00, 0x01, 0x00, 0x00, 0x00,
	0xa6, 0x0e, 0x10, 0x00, 0x05, 0x00, 0x00, 0x00, 0x06, 0x14, 0x10, 0x00, 0x0b, 0x00, 0x00, 0x00,
	0x00, 0x20, 0x00, 0x08, 0x32, 0x00, 0x10, 0x00, 0x01, 0x00, 0x00, 0x00, 0xe6, 0x0a, 0x10, 0x80,
	0x41, 0x00, 0x00, 0x00, 0x01, 0x00, 0x00, 0x00, 0x46, 0x00, 0x10, 0x00, 0x01, 0x00, 0x00, 0x00,
	0x38, 0x00, 0x00, 0x07, 0x12, 0x00, 0x10, 0x00, 0x01, 0x00, 0x00, 0x00, 0x1a, 0x00, 0x10, 0x00,
	0x01, 0x00, 0x00, 0x00, 0x0a, 0x00, 0x10, 0x00, 0x01, 0x00, 0x00, 0x00, 0x37, 0x00, 0x00, 0x09,
	0x12, 0x00, 0x10, 0x00, 0x01, 0x00, 0x00, 0x00, 0x0a, 0x00, 0x10, 0x00, 0x04, 0x00, 0x00, 0x00,
	0x3a, 0x00, 0x10, 0x00, 0x00, 0x00, 0x00, 0x00, 0x0a, 0x00, 0x10, 0x00, 0x01, 0x00, 0x00, 0x00,
	0x15, 0x00, 0x00, 0x01, 0x1f, 0x00, 0x00, 0x03, 0x1a, 0x00, 0x10, 0x00, 0x00, 0x00, 0x00, 0x00,
	0x31, 0x00, 0x00, 0x07, 0x22, 0x00, 0x10, 0x00, 0x00, 0x00, 0x00, 0x00, 0x01, 0x40, 0x00, 0x00,
	0x00, 0x00, 0xc0, 0x3f, 0x3a, 0x10, 0x10, 0x00, 0x0f, 0x00, 0x00, 0x00, 0x1f, 0x00, 0x04, 0x03,
	0x1a, 0x00, 0x10, 0x00, 0x00, 0x00, 0x00, 0x00, 0x1f, 0x00, 0x00, 0x03, 0x2a, 0x00, 0x10, 0x00,
	0x00, 0x00, 0x00, 0x00, 0x0b, 0x00, 0x00, 0x05, 0xc2, 0x00, 0x10, 0x00, 0x00, 0x00, 0x00, 0x00,
	0x06, 0x14, 0x10, 0x00, 0x01, 0x00, 0x00, 0x00, 0x0c, 0x00, 0x00, 0x05, 0x32, 0x00, 0x10, 0x00,
	0x04, 0x00, 0x00, 0x00, 0x46, 0x10, 0x10, 0x00, 0x01, 0x00, 0x00, 0x00, 0x00, 0x00, 0x00, 0x07,
	0xc2, 0x00, 0x10, 0x00, 0x04, 0x00, 0x00, 0x00, 0xa6, 0x0e, 0x10, 0x00, 0x00, 0x00, 0x00, 0x00,
	0x06, 0x04, 0x10, 0x00, 0x04, 0x00, 0x00, 0x00, 0x38, 0x00, 0x00, 0x0a, 0xc2, 0x00, 0x10, 0x00,
	0x04, 0x00, 0x00, 0x00, 0xa6, 0x0e, 0x10, 0x00, 0x04, 0x00, 0x00, 0x00, 0x02, 0x40, 0x00, 0x00,
	0x00, 0x00, 0x00, 0x00, 0x00, 0x00, 0x00, 0x00, 0x00, 0x00, 0x00, 0x3f, 0x00, 0x00, 0x00, 0x3f,
	0x00, 0x00, 0x00, 0x08, 0x32, 0x00, 0x10, 0x00, 0x05, 0x00, 0x00, 0x00, 0xe6, 0x0a, 0x10, 0x00,
	0x00, 0x00, 0x00, 0x00, 0x46, 0x00, 0x10, 0x80, 0x41, 0x00, 0x00, 0x00, 0x04, 0x00, 0x00, 0x00,
	0x38, 0x00, 0x00, 0x0a, 0x32, 0x00, 0x10, 0x00, 0x05, 0x00, 0x00, 0x00, 0x46, 0x00, 0x10, 0x00,
	0x05, 0x00, 0x00, 0x00, 0x02, 0x40, 0x00, 0x00, 0x00, 0x00, 0x00, 0x3f, 0x00, 0x00, 0x00, 0x3f,
	0x00, 0x00, 0x00, 0x00, 0x00, 0x00, 0x00, 0x00, 0x00, 0x00, 0x00, 0x09, 0x42, 0x00, 0x10, 0x00,
	0x04, 0x00, 0x00, 0x00, 0x3a, 0x00, 0x10, 0x80, 0x81, 0x00, 0x00, 0x00, 0x04, 0x00, 0x00, 0x00,
	0x2a, 0x00, 0x10, 0x80, 0x81, 0x00, 0x00, 0x00, 0x04, 0x00, 0x00, 0x00, 0x00, 0x00, 0x00, 0x09,
	0x82, 0x00, 0x10, 0x00, 0x04, 0x00, 0x00, 0x00, 0x1a, 0x00, 0x10, 0x80, 0x81, 0x00, 0x00, 0x00,
	0x05, 0x00, 0x00, 0x00, 0x0a, 0x00, 0x10, 0x80, 0x81, 0x00, 0x00, 0x00, 0x05, 0x00, 0x00, 0x00,
	0x34, 0x00, 0x00, 0x07, 0x42, 0x00, 0x10, 0x00, 0x04, 0x00, 0x00, 0x00, 0x3a, 0x00, 0x10, 0x00,
	0x04, 0x00, 0x00, 0x00, 0x2a, 0x00, 0x10, 0x00, 0x04, 0x00, 0x00, 0x00, 0x38, 0x00, 0x00, 0x07,
	0x42, 0x00, 0x10, 0x00, 0x04, 0x00, 0x00, 0x00, 0x2a, 0x00, 0x10, 0x00, 0x04, 0x00, 0x00, 0x00,
	0x01, 0x40, 0x00, 0x00, 0x00, 0x00, 0x00, 0x40, 0x38, 0x00, 0x00, 0x0a, 0x32, 0x00, 0x10, 0x00,
	0x05, 0x00, 0x00, 0x00, 0xe6, 0x1a, 0x10, 0x00, 0x0b, 0x00, 0x00, 0x00, 0x02, 0x40, 0x00, 0x00,
	0x00, 0x00, 0x00, 0x3f, 0x00, 0x00, 0x00, 0x3f, 0x00, 0x00, 0x00, 0x00, 0x00, 0x00, 0x00, 0x00,
	0x00, 0x00, 0x00, 0x08, 0xc2, 0x00, 0x10, 0x00, 0x05, 0x00, 0x00, 0x00, 0x06, 0x14, 0x10, 0x00,
	0x01, 0x00, 0x00, 0x00, 0x06, 0x14, 0x10, 0x80, 0x41, 0x00, 0x00, 0x00, 0x0b, 0x00, 0x00, 0x00,
	0x00, 0x00, 0x00, 0x08, 0xc2, 0x00, 0x10, 0x00, 0x05, 0x00, 0x00, 0x00, 0x06, 0x04, 0x10, 0x80,
	0x41, 0x00, 0x00, 0x00, 0x05, 0x00, 0x00, 0x00, 0xa6, 0x0e, 0x10, 0x00, 0x05, 0x00, 0x00, 0x00,
	0x00, 0x00, 0x00, 0x09, 0xc2, 0x00, 0x10, 0x00, 0x05, 0x00, 0x00, 0x00, 0x06, 0x04, 0x10, 0x80,
	0x41, 0x00, 0x00, 0x00, 0x05, 0x00, 0x00, 0x00, 0xa6, 0x0e, 0x10, 0x80, 0x81, 0x00, 0x00, 0x00,
	0x05, 0x00, 0x00, 0x00, 0x34, 0x00, 0x00, 0x0a, 0x32, 0x00, 0x10, 0x00, 0x06, 0x00, 0x00, 0x00,
	0xe6, 0x0a, 0x10, 0x00, 0x05, 0x00, 0x00, 0x00, 0x02, 0x40, 0x00, 0x00, 0x00, 0x00, 0x00, 0x00,
	0x00, 0x00, 0x00, 0x00, 0x00, 0x00, 0x00, 0x00, 0x00, 0x00, 0x00, 0x00, 0x0f, 0x00, 0x00, 0x07,
	0x82, 0x00, 0x10, 0x00, 0x04, 0x00, 0x00, 0x00, 0x46, 0x00, 0x10, 0x00, 0x06, 0x00, 0x00, 0x00,
	0x46, 0x00, 0x10, 0x00, 0x06, 0x00, 0x00, 0x00, 0x4b, 0x00, 0x00, 0x05, 0x82, 0x00, 0x10, 0x00,
	0x04, 0x00, 0x00, 0x00, 0x3a, 0x00, 0x10, 0x00, 0x04, 0x00, 0x00, 0x00, 0x34, 0x00, 0x00, 0x07,
	0x42, 0x00, 0x10, 0x00, 0x05, 0x00, 0x00, 0x00, 0x3a, 0x00, 0x10, 0x00, 0x05, 0x00, 0x00, 0x00,
	0x2a, 0x00, 0x10, 0x00, 0x05, 0x00, 0x00, 0x00, 0x33, 0x00, 0x00, 0x07, 0x42, 0x00, 0x10, 0x00,
	0x05, 0x00, 0x00, 0x00, 0x2a, 0x00, 0x10, 0x00, 0x05, 0x00, 0x00, 0x00, 0x01, 0x40, 0x00, 0x00,
	0x00, 0x00, 0x00, 0x00, 0x00, 0x00, 0x00, 0x07, 0x82, 0x00, 0x10, 0x00, 0x04, 0x00, 0x00, 0x00,
	0x3a, 0x00, 0x10, 0x00, 0x04, 0x00, 0x00, 0x00, 0x2a, 0x00, 0x10, 0x00, 0x05, 0x00, 0x00, 0x00,
	0x31, 0x00, 0x00, 0x08, 0x42, 0x00, 0x10, 0x00, 0x05, 0x00, 0x00, 0x00, 0x3a, 0x00, 0x10, 0x00,
	0x04, 0x00, 0x00, 0x00, 0x2a, 0x00, 0x10, 0x80, 0x41, 0x00, 0x00, 0x00, 0x04, 0x00, 0x00, 0x00,
	0x1f, 0x00, 0x00, 0x03, 0x2a, 0x00, 0x10, 0x00, 0x05, 0x00, 0x00, 0x00, 0x31, 0x00, 0x00, 0x07,
	0x42, 0x00, 0x10, 0x00, 0x04, 0x00, 0x00, 0x00, 0x2a, 0x00, 0x10, 0x00, 0x04, 0x00, 0x00, 0x00,
	0x3a, 0x00, 0x10, 0x00, 0x04, 0x00, 0x00, 0x00, 0x1f, 0x00, 0x00, 0x03, 0x2a, 0x00, 0x10, 0x00,
	0x04, 0x00, 0x00, 0x00, 0x36, 0x00, 0x00, 0x08, 0xc2, 0x00, 0x10, 0x00, 0x04, 0x00, 0x00, 0x00,
	0x02, 0x40, 0x00, 0x00, 0x00, 0x00, 0x00, 0x00, 0x00, 0x00, 0x00, 0x00, 0x00, 0x00, 0x00, 0x00,
	0x00, 0x00, 0x00, 0x00, 0x30, 0x00, 0x00, 0x01, 0x21, 0x00, 0x00, 0x07, 0x42, 0x00, 0x10, 0x00,
	0x05, 0x00, 0x00, 0x00, 0x3a, 0x00, 0x10, 0x00, 0x04, 0x00, 0x00, 0x00, 0x01, 0x40, 0x00, 0x00,
	0x04, 0x00, 0x00, 0x00, 0x03, 0x00, 0x04, 0x03, 0x2a, 0x00, 0x10, 0x00, 0x05, 0x00, 0x00, 0x00,
	0x2b, 0x00, 0x00, 0x05, 0x42, 0x00, 0x10, 0x00, 0x05, 0x00, 0x00, 0x00, 0x3a, 0x00, 0x10, 0x00,
	0x04, 0x00, 0x00, 0x00, 0x00, 0x00, 0x00, 0x07, 0x42, 0x00, 0x10, 0x00, 0x05, 0x00, 0x00, 0x00,
	0x2a, 0x00, 0x10, 0x00, 0x05, 0x00, 0x00, 0x00, 0x01, 0x40, 0x00, 0x00, 0x00, 0x00, 0x00, 0x3f,
	0x0e, 0x00, 0x00, 0x07, 0x42, 0x00, 0x10, 0x00, 0x05, 0x00, 0x00, 0x00, 0x2a, 0x00, 0x10, 0x00,
	0x05, 0x00, 0x00, 0x00, 0x01, 0x40, 0x00, 0x00, 0x00, 0x00, 0x80, 0x40, 0x00, 0x00, 0x00, 0x07,
	0x42, 0x00, 0x10, 0x00, 0x05, 0x00, 0x00, 0x00, 0x2a, 0x00, 0x10, 0x00, 0x05, 0x00, 0x00, 0x00,
	0x01, 0x40, 0x00, 0x00, 0x00, 0x00, 0x00, 0xbf, 0x38, 0x00, 0x00, 0x07, 0xc2, 0x00, 0x10, 0x00,
	0x05, 0x00, 0x00, 0x00, 0x06, 0x04, 0x10, 0x00, 0x04, 0x00, 0x00, 0x00, 0xa6, 0x0a, 0x10, 0x00,
	0x05, 0x00, 0x00, 0x00, 0x36, 0x00, 0x00, 0x05, 0x12, 0x00, 0x10, 0x00, 0x06, 0x00, 0x00, 0x00,
	0x2a, 0x00, 0x10, 0x00, 0x04, 0x00, 0x00, 0x00, 0x36, 0x00, 0x00, 0x05, 0x22, 0x00, 0x10, 0x00,
	0x06, 0x00, 0x00, 0x00, 0x01, 0x40, 0x00, 0x00, 0x00, 0x00, 0x00, 0x00, 0x30, 0x00, 0x00, 0x01,
	0x21, 0x00, 0x00, 0x07, 0x42, 0x00, 0x10, 0x00, 0x06, 0x00, 0x00, 0x00, 0x1a, 0x00, 0x10, 0x00,
	0x06, 0x00, 0x00, 0x00, 0x01, 0x40, 0x00, 0x00, 0x04, 0x00, 0x00, 0x00, 0x03, 0x00, 0x04, 0x03,
	0x2a, 0x00, 0x10, 0x00, 0x06, 0x00, 0x00, 0x00, 0x2b, 0x00, 0x00, 0x05, 0x42, 0x00, 0x10, 0x00,
	0x06, 0x00, 0x00, 0x00, 0x1a, 0x00, 0x10, 0x00, 0x06, 0x00, 0x00, 0x00, 0x00, 0x00, 0x00, 0x07,
	0x42, 0x00, 0x10, 0x00, 0x06, 0x00, 0x00, 0x00, 0x2a, 0x00, 0x10, 0x00, 0x06, 0x00, 0x00, 0x00,
	0x01, 0x40, 0x00, 0x00, 0x00, 0x00, 0x00, 0x3f, 0x0e, 0x00, 0x00, 0x07, 0x42, 0x00, 0x10, 0x00,
	0x06, 0x00, 0x00, 0x00, 0x2a, 0x00, 0x10, 0x00, 0x06, 0x00, 0x00, 0x00, 0x01, 0x40, 0x00, 0x00,
	0x00, 0x00, 0x80, 0x40, 0x00, 0x00, 0x00, 0x07, 0x42, 0x00, 0x10, 0x00, 0x06, 0x00, 0x00, 0x00,
	0x2a, 0x00, 0x10, 0x00, 0x06, 0x00, 0x00, 0x00, 0x01, 0x40, 0x00, 0x00, 0x00, 0x00, 0x00, 0xbf,
	0x38, 0x00, 0x00, 0x07, 0xc2, 0x00, 0x10, 0x00, 0x06, 0x00, 0x00, 0x00, 0xa6, 0x0e, 0x10, 0x00,
	0x00, 0x00, 0x00, 0x00, 0xa6, 0x0a, 0x10, 0x00, 0x06, 0x00, 0x00, 0x00, 0x00, 0x00, 0x00, 0x07,
	0xc2, 0x00, 0x10, 0x00, 0x06, 0x00, 0x00, 0x00, 0xa6, 0x0e, 0x10, 0x00, 0x06, 0x00, 0x00, 0x00,
	0x06, 0x14, 0x10, 0x00, 0x01, 0x00, 0x00, 0x00, 0x00, 0x00, 0x00, 0x07, 0xc2, 0x00, 0x10, 0x00,
	0x06, 0x00, 0x00, 0x00, 0xa6, 0x0e, 0x10, 0x00, 0x05, 0x00, 0x00, 0x00, 0xa6, 0x0e, 0x10, 0x00,
	0x06, 0x00, 0x00, 0x00, 0x00, 0x00, 0x00, 0x08, 0xc2, 0x00, 0x10, 0x00, 0x06, 0x00, 0x00, 0x00,
	0xa6, 0x0e, 0x10, 0x00, 0x06, 0x00, 0x00, 0x00, 0x06, 0x14, 0x10, 0x80, 0x41, 0x00, 0x00, 0x00,
	0x0b, 0x00, 0x00, 0x00, 0x00, 0x00, 0x00, 0x08, 0xc2, 0x00, 0x10, 0x00, 0x06, 0x00, 0x00, 0x00,
	0x06, 0x04, 0x10, 0x80, 0x41, 0x00, 0x00, 0x00, 0x05, 0x00, 0x00, 0x00, 0xa6, 0x0e, 0x10, 0x00,
	0x06, 0x00, 0x00, 0x00, 0x00, 0x00, 0x00, 0x09, 0xc2, 0x00, 0x10, 0x00, 0x06, 0x00, 0x00, 0x00,
	0x06, 0x04, 0x10, 0x80, 0x41, 0x00, 0x00, 0x00, 0x05, 0x00, 0x00, 0x00, 0xa6, 0x0e, 0x10, 0x80,
	0x81, 0x00, 0x00, 0x00, 0x06, 0x00, 0x00, 0x00, 0x34, 0x00, 0x00, 0x0a, 0x32, 0x00, 0x10, 0x00,
	0x07, 0x00, 0x00, 0x00, 0xe6, 0x0a, 0x10, 0x00, 0x06, 0x00, 0x00, 0x00, 0x02, 0x40, 0x00, 0x00,
	0x00, 0x00, 0x00, 0x00, 0x00, 0x00, 0x00, 0x00, 0x00, 0x00, 0x00, 0x00, 0x00, 0x00, 0x00, 0x00,
	0x0f, 0x00, 0x00, 0x07, 0x12, 0x00, 0x10, 0x00, 0x07, 0x00, 0x00, 0x00, 0x46, 0x00, 0x10, 0x00,
	0x07, 0x00, 0x00, 0x00, 0x46, 0x00, 0x10, 0x00, 0x07, 0x00, 0x00, 0x00, 0x4b, 0x00, 0x00, 0x05,
	0x12, 0x00, 0x10, 0x00, 0x07, 0x00, 0x00, 0x00, 0x0a, 0x00, 0x10, 0x00, 0x07, 0x00, 0x00, 0x00,
	0x34, 0x00, 0x00, 0x07, 0x42, 0x00, 0x10, 0x00, 0x06, 0x00, 0x00, 0x00, 0x3a, 0x00, 0x10, 0x00,
	0x06, 0x00, 0x00, 0x00, 0x2a, 0x00, 0x10, 0x00, 0x06, 0x00, 0x00, 0x00, 0x33, 0x00, 0x00, 0x07,
	0x42, 0x00, 0x10, 0x00, 0x06, 0x00, 0x00, 0x00, 0x2a, 0x00, 0x10, 0x00, 0x06, 0x00, 0x00, 0x00,
	0x01, 0x40, 0x00, 0x00, 0x00, 0x00, 0x00, 0x00, 0x00, 0x00, 0x00, 0x07, 0x42, 0x00, 0x10, 0x00,
	0x06, 0x00, 0x00, 0x00, 0x2a, 0x00, 0x10, 0x00, 0x06, 0x00, 0x00, 0x00, 0x0a, 0x00, 0x10, 0x00,
	0x07, 0x00, 0x00, 0x00, 0x1d, 0x00, 0x00, 0x07, 0x42, 0x00, 0x10, 0x00, 0x06, 0x00, 0x00, 0x00,
	0x01, 0x40, 0x00, 0x00, 0x00, 0x00, 0x00, 0x00, 0x2a, 0x00, 0x10, 0x00, 0x06, 0x00, 0x00, 0x00,
	0x01, 0x00, 0x00, 0x07, 0x42, 0x00, 0x10, 0x00, 0x06, 0x00, 0x00, 0x00, 0x2a, 0x00, 0x10, 0x00,
	0x06, 0x00, 0x00, 0x00, 0x01, 0x40, 0x00, 0x00, 0x00, 0x00, 0x80, 0x3f, 0x00, 0x00, 0x00, 0x07,
	0x12, 0x00, 0x10, 0x00, 0x06, 0x00, 0x00, 0x00, 0x2a, 0x00, 0x10, 0x00, 0x06, 0x00, 0x00, 0x00,
	0x0a, 0x00, 0x10, 0x00, 0x06, 0x00, 0x00, 0x00, 0x1e, 0x00, 0x00, 0x07, 0x22, 0x00, 0x10, 0x00,
	0x06, 0x00, 0x00, 0x00, 0x1a, 0x00, 0x10, 0x00, 0x06, 0x00, 0x00, 0x00, 0x01, 0x40, 0x00, 0x00,
	0x01, 0x00, 0x00, 0x00, 0x16, 0x00, 0x00, 0x01, 0x36, 0x00, 0x00, 0x05, 0x42, 0x00, 0x10, 0x00,
	0x04, 0x00, 0x00, 0x00, 0x0a, 0x00, 0x10, 0x00, 0x06, 0x00, 0x00, 0x00, 0x1e, 0x00, 0x00, 0x07,
	0x82, 0x00, 0x10, 0x00, 0x04, 0x00, 0x00, 0x00, 0x3a, 0x00, 0x10, 0x00, 0x04, 0x00, 0x00, 0x00,
	0x01, 0x40, 0x00, 0x00, 0x01, 0x00, 0x00, 0x00, 0x16, 0x00, 0x00, 0x01, 0x0e, 0x00, 0x00, 0x07,
	0x42, 0x00, 0x10, 0x00, 0x00, 0x00, 0x00, 0x00, 0x2a, 0x00, 0x10, 0x00, 0x04, 0x00, 0x00, 0x00,
	0x01, 0x40, 0x00, 0x00, 0x00, 0x00, 0x80, 0x41, 0x12, 0x00, 0x00, 0x01, 0x36, 0x00, 0x00, 0x05,
	0x42, 0x00, 0x10, 0x00, 0x00, 0x00, 0x00, 0x00, 0x01, 0x40, 0x00, 0x00, 0x00, 0x00, 0x00, 0x00,
	0x15, 0x00, 0x00, 0x01, 0x12, 0x00, 0x00, 0x01, 0x36, 0x00, 0x00, 0x05, 0x42, 0x00, 0x10, 0x00,
	0x00, 0x00, 0x00, 0x00, 0x01, 0x40, 0x00, 0x00, 0x00, 0x00, 0x80, 0x3f, 0x15, 0x00, 0x00, 0x01,
	0x12, 0x00, 0x00, 0x01, 0x00, 0x00, 0x00, 0x07, 0x32, 0x00, 0x10, 0x00, 0x04, 0x00, 0x00, 0x00,
	0xe6, 0x1a, 0x10, 0x00, 0x0b, 0x00, 0x00, 0x00, 0x46, 0x10, 0x10, 0x00, 0x0b, 0x00, 0x00, 0x00,
	0x33, 0x00, 0x00, 0x07, 0x32, 0x00, 0x10, 0x00, 0x02, 0x00, 0x00, 0x00, 0x46, 0x00, 0x10, 0x00,
	0x02, 0x00, 0x00, 0x00, 0x46, 0x00, 0x10, 0x00, 0x04, 0x00, 0x00, 0x00, 0x34, 0x00, 0x00, 0x07,
	0xc2, 0x00, 0x10, 0x00, 0x02, 0x00, 0x00, 0x00, 0xa6, 0x0e, 0x10, 0x00, 0x02, 0x00, 0x00, 0x00,
	0x06, 0x14, 0x10, 0x00, 0x0b, 0x00, 0x00, 0x00, 0x00, 0x20, 0x00, 0x08, 0x32, 0x00, 0x10, 0x00,
	0x02, 0x00, 0x00, 0x00, 0xe6, 0x0a, 0x10, 0x80, 0x41, 0x00, 0x00, 0x00, 0x02, 0x00, 0x00, 0x00,
	0x46, 0x00, 0x10, 0x00, 0x02, 0x00, 0x00, 0x00, 0x38, 0x00, 0x00, 0x07, 0x42, 0x00, 0x10, 0x00,
	0x00, 0x00, 0x00, 0x00, 0x1a, 0x00, 0x10, 0x00, 0x02, 0x00, 0x00, 0x00, 0x0a, 0x00, 0x10, 0x00,
	0x02, 0x00, 0x00, 0x00, 0x15, 0x00, 0x00, 0x01, 0x00, 0x00, 0x00, 0x08, 0x32, 0x00, 0x10, 0x00,
	0x02, 0x00, 0x00, 0x00, 0xe6, 0x1a, 0x10, 0x00, 0x01, 0x00, 0x00, 0x00, 0x46, 0x10, 0x10, 0x80,
	0x41, 0x00, 0x00, 0x00, 0x0c, 0x00, 0x00, 0x00, 0x0e, 0x00, 0x00, 0x07, 0x32, 0x00, 0x10, 0x00,
	0x02, 0x00, 0x00, 0x00, 0x46, 0x00, 0x10, 0x00, 0x02, 0x00, 0x00, 0x00, 0xe6, 0x1a, 0x10, 0x00,
	0x0c, 0x00, 0x00, 0x00, 0x45, 0x00, 0x00, 0x09, 0xf2, 0x00, 0x10, 0x00, 0x02, 0x00, 0x00, 0x00,
	0x46, 0x00, 0x10, 0x00, 0x02, 0x00, 0x00, 0x00, 0x46, 0x7e, 0x10, 0x00, 0x05, 0x00, 0x00, 0x00,
	0x00, 0x60, 0x10, 0x00, 0x00, 0x00, 0x00, 0x00, 0x38, 0x00, 0x00, 0x07, 0x12, 0x00, 0x10, 0x00,
	0x01, 0x00, 0x00, 0x00, 0x2a, 0x00, 0x10, 0x00, 0x00, 0x00, 0x00, 0x00, 0x3a, 0x00, 0x10, 0x00,
	0x02, 0x00, 0x00, 0x00, 0x15, 0x00, 0x00, 0x01, 0x1f, 0x00, 0x00, 0x03, 0x1a, 0x00, 0x10, 0x00,
	0x00, 0x00, 0x00, 0x00, 0x00, 0x00, 0x00, 0x08, 0x62, 0x00, 0x10, 0x00, 0x00, 0x00, 0x00, 0x00,
	0xa6, 0x1b, 0x10, 0x00, 0x01, 0x00, 0x00, 0x00, 0x06, 0x11, 0x10, 0x80, 0x41, 0x00, 0x00, 0x00,
	0x0b, 0x00, 0x00, 0x00, 0x0e, 0x00, 0x00, 0x07, 0x62, 0x00, 0x10, 0x00, 0x00, 0x00, 0x00, 0x00,
	0x56, 0x06, 0x10, 0x00, 0x00, 0x00, 0x00, 0x00, 0xa6, 0x1b, 0x10, 0x00, 0x0b, 0x00, 0x00, 0x00,
	0x45, 0x00, 0x00, 0x09, 0xf2, 0x00, 0x10, 0x00, 0x01, 0x00, 0x00, 0x00, 0x96, 0x05, 0x10, 0x00,
	0x00, 0x00, 0x00, 0x00, 0x36, 0x79, 0x10, 0x00, 0x05, 0x00, 0x00, 0x00, 0x00, 0x60, 0x10, 0x00,
	0x00, 0x00, 0x00, 0x00, 0x15, 0x00, 0x00, 0x01, 0x15, 0x00, 0x00, 0x01, 0x38, 0x00, 0x00, 0x07,
	0x12, 0x00, 0x10, 0x00, 0x00, 0x00, 0x00, 0x00, 0x0a, 0x00, 0x10, 0x00, 0x00, 0x00, 0x00, 0x00,
	0x0a, 0x00, 0x10, 0x00, 0x01, 0x00, 0x00, 0x00, 0x38, 0x00, 0x00, 0x07, 0x12, 0x00, 0x10, 0x00,
	0x00, 0x00, 0x00, 0x00, 0x0a, 0x00, 0x10, 0x00, 0x00, 0x00, 0x00, 0x00, 0x3a, 0x10, 0x10, 0x00,
	0x0d, 0x00, 0x00, 0x00, 0x36, 0x00, 0x00, 0x05, 0x82, 0x00, 0x10, 0x00, 0x03, 0x00, 0x00, 0x00,
	0x01, 0x40, 0x00, 0x00, 0x00, 0x00, 0x80, 0x3f, 0x38, 0x00, 0x00, 0x07, 0xf2, 0x00, 0x10, 0x00,
	0x00, 0x00, 0x00, 0x00, 0x06, 0x00, 0x10, 0x00, 0x00, 0x00, 0x00, 0x00, 0x46, 0x0e, 0x10, 0x00,
	0x03, 0x00, 0x00, 0x00, 0x36, 0x00, 0x00, 0x05, 0xf2, 0x20, 0x10, 0x00, 0x00, 0x00, 0x00, 0x00,
	0x46, 0x0e, 0x10, 0x00, 0x00, 0x00, 0x00, 0x00, 0x36, 0x00, 0x00, 0x05, 0xf2, 0x20, 0x10, 0x00,
	0x01, 0x00, 0x00, 0x00, 0xf6, 0x0f, 0x10, 0x00, 0x00, 0x00, 0x00, 0x00, 0x3e, 0x00, 0x00, 0x01,
	0x53, 0x54, 0x41, 0x54, 0x74, 0x00, 0x00, 0x00, 0x68, 0x01, 0x00, 0x00, 0x08, 0x00, 0x00, 0x00,
	0x00, 0x00, 0x00, 0x00, 0x10, 0x00, 0x00, 0x00, 0xf3, 0x00, 0x00, 0x00, 0x12, 0x00, 0x00, 0x00,
	0x07, 0x00, 0x00, 0x00, 0x07, 0x00, 0x00, 0x00, 0x0f, 0x00, 0x00, 0x00, 0x00, 0x00, 0x00, 0x00,
	0x00, 0x00, 0x00, 0x00, 0x00, 0x00, 0x00, 0x00, 0x00, 0x00, 0x00, 0x00, 0x00, 0x00, 0x00, 0x00,
	0x02, 0x00, 0x00, 0x00, 0x04, 0x00, 0x00, 0x00, 0x00, 0x00, 0x00, 0x00, 0x00, 0x00, 0x00, 0x00,
	0x00, 0x00, 0x00, 0x00, 0x17, 0x00, 0x00, 0x00, 0x0f, 0x00, 0x00, 0x00, 0x08, 0x00, 0x00, 0x00,
	0x00, 0x00, 0x00, 0x00, 0x00, 0x00, 0x00, 0x00, 0x00, 0x00, 0x00, 0x00, 0x00, 0x00, 0x00, 0x00,
	0x00, 0x00, 0x00, 0x00, 0x00, 0x00, 0x00, 0x00, 0x00, 0x00, 0x00, 0x00,
}

// blurHLSLSum is the SHA-256 of what blurBytecode was compiled from: blur.hlsl
// within the renderer's head and tail.
const blurHLSLSum = "ffab9e8ed96ecf43e0388b5c74d9cc08d0fd2ee49b746a30b48e535caafa56e4"

var blurBytecode = []byte{
	0x44, 0x58, 0x42, 0x43, 0xf1, 0x2c, 0xd8, 0x83, 0x92, 0xb6, 0x46, 0x39, 0x29, 0x32, 0x65, 0xde,
	0x39, 0x9a, 0xac, 0x5a, 0x01, 0x00, 0x00, 0x00, 0x48, 0x22, 0x00, 0x00, 0x05, 0x00, 0x00, 0x00,
	0x34, 0x00, 0x00, 0x00, 0xfc, 0x00, 0x00, 0x00, 0x04, 0x03, 0x00, 0x00, 0x50, 0x03, 0x00, 0x00,
	0xcc, 0x21, 0x00, 0x00, 0x52, 0x44, 0x45, 0x46, 0xc0, 0x00, 0x00, 0x00, 0x00, 0x00, 0x00, 0x00,
	0x00, 0x00, 0x00, 0x00, 0x03, 0x00, 0x00, 0x00, 0x1c, 0x00, 0x00, 0x00, 0x00, 0x04, 0xff, 0xff,
	0x00, 0xa1, 0x00, 0x00, 0x95, 0x00, 0x00, 0x00, 0x7c, 0x00, 0x00, 0x00, 0x03, 0x00, 0x00, 0x00,
	0x00, 0x00, 0x00, 0x00, 0x00, 0x00, 0x00, 0x00, 0x00, 0x00, 0x00, 0x00, 0x00, 0x00, 0x00, 0x00,
	0x01, 0x00, 0x00, 0x00, 0x01, 0x00, 0x00, 0x00, 0x81, 0x00, 0x00, 0x00, 0x02, 0x00, 0x00, 0x00,
	0x05, 0x00, 0x00, 0x00, 0x04, 0x00, 0x00, 0x00, 0xff, 0xff, 0xff, 0xff, 0x03, 0x00, 0x00, 0x00,
	0x01, 0x00, 0x00, 0x00, 0x0d, 0x00, 0x00, 0x00, 0x8d, 0x00, 0x00, 0x00, 0x02, 0x00, 0x00, 0x00,
	0x05, 0x00, 0x00, 0x00, 0x04, 0x00, 0x00, 0x00, 0xff, 0xff, 0xff, 0xff, 0x05, 0x00, 0x00, 0x00,
	0x01, 0x00, 0x00, 0x00, 0x0d, 0x00, 0x00, 0x00, 0x73, 0x61, 0x6d, 0x70, 0x00, 0x62, 0x61, 0x63,
	0x6b, 0x64, 0x72, 0x6f, 0x70, 0x54, 0x65, 0x78, 0x00, 0x63, 0x6c, 0x69, 0x70, 0x54, 0x65, 0x78,
	0x00, 0x4d, 0x69, 0x63, 0x72, 0x6f, 0x73, 0x6f, 0x66, 0x74, 0x20, 0x28, 0x52, 0x29, 0x20, 0x48,
	0x4c, 0x53, 0x4c, 0x20, 0x53, 0x68, 0x61, 0x64, 0x65, 0x72, 0x20, 0x43, 0x6f, 0x6d, 0x70, 0x69,
	0x6c, 0x65, 0x72, 0x20, 0x31, 0x30, 0x2e, 0x31, 0x00, 0xab, 0xab, 0xab, 0x49, 0x53, 0x47, 0x4e,
	0x00, 0x02, 0x00, 0x00, 0x11, 0x00, 0x00, 0x00, 0x08, 0x00, 0x00, 0x00, 0xa0, 0x01, 0x00, 0x00,
	0x00, 0x00, 0x00, 0x00, 0x01, 0x00, 0x00, 0x00, 0x03, 0x00, 0x00, 0x00, 0x00, 0x00, 0x00, 0x00,
	0x0f, 0x00, 0x00, 0x00, 0xac, 0x01, 0x00, 0x00, 0x00, 0x00, 0x00, 0x00, 0x00, 0x00, 0x00, 0x00,
	0x03, 0x00, 0x00, 0x00, 0x01, 0x00, 0x00, 0x00, 0x03, 0x03, 0x00, 0x00, 0xb2, 0x01, 0x00, 0x00,
	0x00, 0x00, 0x00, 0x00, 0x00, 0x00, 0x00, 0x00, 0x03, 0x00, 0x00, 0x00, 0x01, 0x00, 0x00, 0x00,
	0x0c, 0x0c, 0x00, 0x00, 0xb8, 0x01, 0x00, 0x00, 0x00, 0x00, 0x00, 0x00, 0x00, 0x00, 0x00, 0x00,
	0x03, 0x00, 0x00, 0x00, 0x02, 0x00, 0x00, 0x00, 0x03, 0x00, 0x00, 0x00, 0xc1, 0x01, 0x00, 0x00,
	0x00, 0x00, 0x00, 0x00, 0x00, 0x00, 0x00, 0x00, 0x03, 0x00, 0x00, 0x00, 0x03, 0x00, 0x00, 0x00,
	0x0f, 0x0f, 0x00, 0x00, 0xc6, 0x01, 0x00, 0x00, 0x00, 0x00, 0x00, 0x00, 0x00, 0x00, 0x00, 0x00,
	0x03, 0x00, 0x00, 0x00, 0x04, 0x00, 0x00, 0x00, 0x0f, 0x0f, 0x00, 0x00, 0xcc, 0x01, 0x00, 0x00,
	0x00, 0x00, 0x00, 0x00, 0x00, 0x00, 0x00, 0x00, 0x03, 0x00, 0x00, 0x00, 0x05, 0x00, 0x00, 0x00,
	0x0f, 0x0f, 0x00, 0x00, 0xd2, 0x01, 0x00, 0x00, 0x00, 0x00, 0x00, 0x00, 0x00, 0x00, 0x00, 0x00,
	0x03, 0x00, 0x00, 0x00, 0x06, 0x00, 0x00, 0x00, 0x0f, 0x0f, 0x00, 0x00, 0xd2, 0x01, 0x00, 0x00,
	0x01, 0x00, 0x00, 0x00, 0x00, 0x00, 0x00, 0x00, 0x03, 0x00, 0x00, 0x00, 0x07, 0x00, 0x00, 0x00,
	0x0f, 0x07, 0x00, 0x00, 0xd2, 0x01, 0x00, 0x00, 0x02, 0x00, 0x00, 0x00, 0x00, 0x00, 0x00, 0x00,
	0x03, 0x00, 0x00, 0x00, 0x08, 0x00, 0x00, 0x00, 0x0f, 0x07, 0x00, 0x00, 0xd8, 0x01, 0x00, 0x00,
	0x00, 0x00, 0x00, 0x00, 0x00, 0x00, 0x00, 0x00, 0x03, 0x00, 0x00, 0x00, 0x09, 0x00, 0x00, 0x00,
	0x0f, 0x00, 0x00, 0x00, 0xdd, 0x01, 0x00, 0x00, 0x00, 0x00, 0x00, 0x00, 0x00, 0x00, 0x00, 0x00,
	0x03, 0x00, 0x00, 0x00, 0x0a, 0x00, 0x00, 0x00, 0x0f, 0x0f, 0x00, 0x00, 0xe4, 0x01, 0x00, 0x00,
	0x00, 0x00, 0x00, 0x00, 0x00, 0x00, 0x00, 0x00, 0x03, 0x00, 0x00, 0x00, 0x0b, 0x00, 0x00, 0x00,
	0x0f, 0x0f, 0x00, 0x00, 0xe9, 0x01, 0x00, 0x00, 0x00, 0x00, 0x00, 0x00, 0x00, 0x00, 0x00, 0x00,
	0x03, 0x00, 0x00, 0x00, 0x0c, 0x00, 0x00, 0x00, 0x0f, 0x0f, 0x00, 0x00, 0xef, 0x01, 0x00, 0x00,
	0x00, 0x00, 0x00, 0x00, 0x00, 0x00, 0x00, 0x00, 0x03, 0x00, 0x00, 0x00, 0x0d, 0x00, 0x00, 0x00,
	0x0f, 0x0c, 0x00, 0x00, 0xf6, 0x01, 0x00, 0x00, 0x00, 0x00, 0x00, 0x00, 0x00, 0x00, 0x00, 0x00,
	0x03, 0x00, 0x00, 0x00, 0x0e, 0x00, 0x00, 0x00, 0x0f, 0x0f, 0x00, 0x00, 0xf6, 0x01, 0x00, 0x00,
	0x01, 0x00, 0x00, 0x00, 0x00, 0x00, 0x00, 0x00, 0x03, 0x00, 0x00, 0x00, 0x0f, 0x00, 0x00, 0x00,
	0x0f, 0x0f, 0x00, 0x00, 0x53, 0x56, 0x5f, 0x50, 0x6f, 0x73, 0x69, 0x74, 0x69, 0x6f, 0x6e, 0x00,
	0x50, 0x49, 0x58, 0x45, 0x4c, 0x00, 0x57, 0x4f, 0x52, 0x4c, 0x44, 0x00, 0x54, 0x45, 0x58, 0x43,
	0x4f, 0x4f, 0x52, 0x44, 0x00, 0x52, 0x45, 0x43, 0x54, 0x00, 0x52, 0x41, 0x44, 0x49, 0x49, 0x00,
	0x49, 0x4e, 0x4e, 0x45, 0x52, 0x00, 0x43, 0x4f, 0x4c, 0x4f, 0x52, 0x00, 0x47, 0x52, 0x41, 0x44,
	0x00, 0x57, 0x49, 0x44, 0x54, 0x48, 0x53, 0x00, 0x43, 0x4c, 0x49, 0x50, 0x00, 0x43, 0x4c, 0x49,
	0x50, 0x52, 0x00, 0x50, 0x41, 0x52, 0x41, 0x4d, 0x53, 0x00, 0x54, 0x52, 0x41, 0x4e, 0x53, 0x46,
	0x4f, 0x52, 0x4d, 0x00, 0x4f, 0x53, 0x47, 0x4e, 0x44, 0x00, 0x00, 0x00, 0x02, 0x00, 0x00, 0x00,
	0x08, 0x00, 0x00, 0x00, 0x38, 0x00, 0x00, 0x00, 0x00, 0x00, 0x00, 0x00, 0x00, 0x00, 0x00, 0x00,
	0x03, 0x00, 0x00, 0x00, 0x00, 0x00, 0x00, 0x00, 0x0f, 0x00, 0x00, 0x00, 0x38, 0x00, 0x00, 0x00,
	0x01, 0x00, 0x00, 0x00, 0x00, 0x00, 0x00, 0x00, 0x03, 0x00, 0x00, 0x00, 0x01, 0x00, 0x00, 0x00,
	0x0f, 0x00, 0x00, 0x00, 0x53, 0x56, 0x5f, 0x54, 0x61, 0x72, 0x67, 0x65, 0x74, 0x00, 0xab, 0xab,
	0x53, 0x48, 0x44, 0x52, 0x74, 0x1e, 0x00, 0x00, 0x40, 0x00, 0x00, 0x00, 0x9d, 0x07, 0x00, 0x00,
	0x5a, 0x00, 0x00, 0x03, 0x00, 0x60, 0x10, 0x00, 0x00, 0x00, 0x00, 0x00, 0x58, 0x18, 0x00, 0x04,
	0x00, 0x70, 0x10, 0x00, 0x03, 0x00, 0x00, 0x00, 0x55, 0x55, 0x00, 0x00, 0x58, 0x18, 0x00, 0x04,
	0x00, 0x70, 0x10, 0x00, 0x05, 0x00, 0x00, 0x00, 0x55, 0x55, 0x00, 0x00, 0x62, 0x10, 0x00, 0x03,
	0x32, 0x10, 0x10, 0x00, 0x01, 0x00, 0x00, 0x00, 0x62, 0x10, 0x00, 0x03, 0xc2, 0x10, 0x10, 0x00,
	0x01, 0x00, 0x00, 0x00, 0x62, 0x08, 0x00, 0x03, 0xf2, 0x10, 0x10, 0x00, 0x03, 0x00, 0x00, 0x00,
	0x62, 0x08, 0x00, 0x03, 0xf2, 0x10, 0x10, 0x00, 0x04, 0x00, 0x00, 0x00, 0x62, 0x08, 0x00, 0x03,
	0xf2, 0x10, 0x10, 0x00, 0x05, 0x00, 0x00, 0x00, 0x62, 0x08, 0x00, 0x03, 0xf2, 0x10, 0x10, 0x00,
	0x06, 0x00, 0x00, 0x00, 0x62, 0x08, 0x00, 0x03, 0x72, 0x10, 0x10, 0x00, 0x07, 0x00, 0x00, 0x00,
	0x62, 0x08, 0x00, 0x03, 0x72, 0x10, 0x10, 0x00, 0x08, 0x00, 0x00, 0x00, 0x62, 0x08, 0x00, 0x03,
	0xf2, 0x10, 0x10, 0x00, 0x0a, 0x00, 0x00, 0x00, 0x62, 0x08, 0x00, 0x03, 0xf2, 0x10, 0x10, 0x00,
	0x0b, 0x00, 0x00, 0x00, 0x62, 0x08, 0x00, 0x03, 0xf2, 0x10, 0x10, 0x00, 0x0c, 0x00, 0x00, 0x00,
	0x62, 0x08, 0x00, 0x03, 0xc2, 0x10, 0x10, 0x00, 0x0d, 0x00, 0x00, 0x00, 0x62, 0x08, 0x00, 0x03,
	0xf2, 0x10, 0x10, 0x00, 0x0e, 0x00, 0x00, 0x00, 0x62, 0x08, 0x00, 0x03, 0xf2, 0x10, 0x10, 0x00,
	0x0f, 0x00, 0x00, 0x00, 0x65, 0x00, 0x00, 0x03, 0xf2, 0x20, 0x10, 0x00, 0x00, 0x00, 0x00, 0x00,
	0x65, 0x00, 0x00, 0x03, 0xf2, 0x20, 0x10, 0x00, 0x01, 0x00, 0x00, 0x00, 0x68, 0x00, 0x00, 0x02,
	0x09, 0x00, 0x00, 0x00, 0x00, 0x00, 0x00, 0x08, 0x32, 0x00, 0x10, 0x00, 0x00, 0x00, 0x00, 0x00,
	0x46, 0x10, 0x10, 0x80, 0x41, 0x00, 0x00, 0x00, 0x05, 0x00, 0x00, 0x00, 0xe6, 0x1a, 0x10, 0x00,
	0x05, 0x00, 0x00, 0x00, 0x38, 0x00, 0x00, 0x07, 0xc2, 0x00, 0x10, 0x00, 0x00, 0x00, 0x00, 0x00,
	0x06, 0x04, 0x10, 0x00, 0x00, 0x00, 0x00, 0x00, 0x06, 0x04, 0x10, 0x00, 0x00, 0x00, 0x00, 0x00,
	0x00, 0x00, 0x00, 0x07, 0x42, 0x00, 0x10, 0x00, 0x00, 0x00, 0x00, 0x00, 0x3a, 0x00, 0x10, 0x00,
	0x00, 0x00, 0x00, 0x00, 0x2a, 0x00, 0x10, 0x00, 0x00, 0x00, 0x00, 0x00, 0x31, 0x00, 0x00, 0x07,
	0x82, 0x00, 0x10, 0x00, 0x00, 0x00, 0x00, 0x00, 0x01, 0x40, 0x00, 0x00, 0x00, 0x00, 0x00, 0x00,
	0x2a, 0x00, 0x10, 0x00, 0x00, 0x00, 0x00, 0x00, 0x00, 0x00, 0x00, 0x08, 0x32, 0x00, 0x10, 0x00,
	0x01, 0x00, 0x00, 0x00, 0x46, 0x10, 0x10, 0x00, 0x01, 0x00, 0x00, 0x00, 0x46, 0x10, 0x10, 0x80,
	0x41, 0x00, 0x00, 0x00, 0x05, 0x00, 0x00, 0x00, 0x38, 0x00, 0x00, 0x07, 0x32, 0x00, 0x10, 0x00,
	0x00, 0x00, 0x00, 0x00, 0x46, 0x00, 0x10, 0x00, 0x00, 0x00, 0x00, 0x00, 0x46, 0x00, 0x10, 0x00,
	0x01, 0x00, 0x00, 0x00, 0x00, 0x00, 0x00, 0x07, 0x12, 0x00, 0x10, 0x00, 0x00, 0x00, 0x00, 0x00,
	0x1a, 0x00, 0x10, 0x00, 0x00, 0x00, 0x00, 0x00, 0x0a, 0x00, 0x10, 0x00, 0x00, 0x00, 0x00, 0x00,
	0x34, 0x00, 0x00, 0x07, 0x22, 0x00, 0x10, 0x00, 0x00, 0x00, 0x00, 0x00, 0x2a, 0x00, 0x10, 0x00,
	0x00, 0x00, 0x00, 0x00, 0x01, 0x40, 0x00, 0x00, 0x17, 0xb7, 0xd1, 0x38, 0x0e, 0x20, 0x00, 0x07,
	0x12, 0x00, 0x10, 0x00, 0x00, 0x00, 0x00, 0x00, 0x0a, 0x00, 0x10, 0x00, 0x00, 0x00, 0x00, 0x00,
	0x1a, 0x00, 0x10, 0x00, 0x00, 0x00, 0x00, 0x00, 0x01, 0x00, 0x00, 0x07, 0x12, 0x00, 0x10, 0x00,
	0x00, 0x00, 0x00, 0x00, 0x0a, 0x00, 0x10, 0x00, 0x00, 0x00, 0x00, 0x00, 0x3a, 0x00, 0x10, 0x00,
	0x00, 0x00, 0x00, 0x00, 0x00, 0x00, 0x00, 0x08, 0x22, 0x00, 0x10, 0x00, 0x00, 0x00, 0x00, 0x00,
	0x0a, 0x00, 0x10, 0x80, 0x41, 0x00, 0x00, 0x00, 0x00, 0x00, 0x00, 0x00, 0x01, 0x40, 0x00, 0x00,
	0x00, 0x00, 0x80, 0x3f, 0x38, 0x00, 0x00, 0x07, 0x32, 0x00, 0x10, 0x00, 0x00, 0x00, 0x00, 0x00,
	0x46, 0x00, 0x10, 0x00, 0x00, 0x00, 0x00, 0x00, 0x16, 0x15, 0x10, 0x00, 0x06, 0x00, 0x00, 0x00,
	0x00, 0x00, 0x00, 0x07, 0x12, 0x00, 0x10, 0x00, 0x00, 0x00, 0x00, 0x00, 0x0a, 0x00, 0x10, 0x00,
	0x00, 0x00, 0x00, 0x00, 0x1a, 0x00, 0x10, 0x00, 0x00, 0x00, 0x00, 0x00, 0x00, 0x00, 0x00, 0x08,
	0x12, 0x00, 0x10, 0x00, 0x00, 0x00, 0x00, 0x00, 0x0a, 0x00, 0x10, 0x00, 0x00, 0x00, 0x00, 0x00,
	0x2a, 0x10, 0x10, 0x80, 0x41, 0x00, 0x00, 0x00, 0x06, 0x00, 0x00, 0x00, 0x00, 0x00, 0x00, 0x08,
	0x22, 0x00, 0x10, 0x00, 0x00, 0x00, 0x00, 0x00, 0x2a, 0x10, 0x10, 0x80, 0x41, 0x00, 0x00, 0x00,
	0x06, 0x00, 0x00, 0x00, 0x3a, 0x10, 0x10, 0x00, 0x06, 0x00, 0x00, 0x00, 0x0e, 0x20, 0x00, 0x07,
	0x12, 0x00, 0x10, 0x00, 0x00, 0x00, 0x00, 0x00, 0x0a, 0x00, 0x10, 0x00, 0x00, 0x00, 0x00, 0x00,
	0x1a, 0x00, 0x10, 0x00, 0x00, 0x00, 0x00, 0x00, 0x31, 0x00, 0x00, 0x07, 0x22, 0x00, 0x10, 0x00,
	0x00, 0x00, 0x00, 0x00, 0x01, 0x40, 0x00, 0x00, 0x00, 0x00, 0x00, 0x00, 0x0a, 0x00, 0x10, 0x00,
	0x00, 0x00, 0x00, 0x00, 0x1f, 0x00, 0x04, 0x03, 0x1a, 0x00, 0x10, 0x00, 0x00, 0x00, 0x00, 0x00,
	0x36, 0x00, 0x00, 0x05, 0x32, 0x00, 0x10, 0x00, 0x01, 0x00, 0x00, 0x00, 0x46, 0x10, 0x10, 0x00,
	0x01, 0x00, 0x00, 0x00, 0x36, 0x00, 0x00, 0x05, 0x42, 0x00, 0x10, 0x00, 0x01, 0x00, 0x00, 0x00,
	0x01, 0x40, 0x00, 0x00, 0x00, 0x00, 0x80, 0x3f, 0x10, 0x00, 0x00, 0x07, 0x12, 0x00, 0x10, 0x00,
	0x02, 0x00, 0x00, 0x00, 0x46, 0x12, 0x10, 0x00, 0x0e, 0x00, 0x00, 0x00, 0x46, 0x02, 0x10, 0x00,
	0x01, 0x00, 0x00, 0x00, 0x10, 0x00, 0x00, 0x07, 0x22, 0x00, 0x10, 0x00, 0x02, 0x00, 0x00, 0x00,
	0x46, 0x12, 0x10, 0x00, 0x0f, 0x00, 0x00, 0x00, 0x46, 0x02, 0x10, 0x00, 0x01, 0x00, 0x00, 0x00,
	0x00, 0x00, 0x00, 0x08, 0x62, 0x00, 0x10, 0x00, 0x00, 0x00, 0x00, 0x00, 0x06, 0x01, 0x10, 0x00,
	0x02, 0x00, 0x00, 0x00, 0x06, 0x11, 0x10, 0x80, 0x41, 0x00, 0x00, 0x00, 0x0a, 0x00, 0x00, 0x00,
	0x0e, 0x00, 0x00, 0x07, 0x62, 0x00, 0x10, 0x00, 0x00, 0x00, 0x00, 0x00, 0x56, 0x06, 0x10, 0x00,
	0x00, 0x00, 0x00, 0x00, 0xa6, 0x1a, 0x10, 0x00, 0x0d, 0x00, 0x00, 0x00, 0x00, 0x00, 0x00, 0x0a,
	0x62, 0x00, 0x10, 0x00, 0x00, 0x00, 0x00, 0x00, 0x56, 0x06, 0x10, 0x00, 0x00, 0x00, 0x00, 0x00,
	0x02, 0x40, 0x00, 0x00, 0x00, 0x00, 0x00, 0x00, 0x00, 0x00, 0x00, 0xbf, 0x00, 0x00, 0x00, 0xbf,
	0x00, 0x00, 0x00, 0x00, 0x41, 0x00, 0x00, 0x05, 0x32, 0x00, 0x10, 0x00, 0x01, 0x00, 0x00, 0x00,
	0x96, 0x05, 0x10, 0x00, 0x00, 0x00, 0x00, 0x00, 0x00, 0x00, 0x00, 0x08, 0x62, 0x00, 0x10, 0x00,
	0x00, 0x00, 0x00, 0x00, 0x56, 0x06, 0x10, 0x00, 0x00, 0x00, 0x00, 0x00, 0x06, 0x01, 0x10, 0x80,
	0x41, 0x00, 0x00, 0x00, 0x01, 0x00, 0x00, 0x00, 0x1b, 0x00, 0x00, 0x05, 0x32, 0x00, 0x10, 0x00,
	0x01, 0x00, 0x00, 0x00, 0x46, 0x00, 0x10, 0x00, 0x01, 0x00, 0x00, 0x00, 0x1b, 0x00, 0x00, 0x05,
	0xc2, 0x00, 0x10, 0x00, 0x01, 0x00, 0x00, 0x00, 0xa6, 0x1e, 0x10, 0x00, 0x0a, 0x00, 0x00, 0x00,
	0x1e, 0x00, 0x00, 0x0a, 0xc2, 0x00, 0x10, 0x00, 0x01, 0x00, 0x00, 0x00, 0xa6, 0x0e, 0x10, 0x00,
	0x01, 0x00, 0x00, 0x00, 0x02, 0x40, 0x00, 0x00, 0x00, 0x00, 0x00, 0x00, 0x00, 0x00, 0x00, 0x00,
	0xff, 0xff, 0xff, 0xff, 0xff, 0xff, 0xff, 0xff, 0x24, 0x00, 0x00, 0x0a, 0x32, 0x00, 0x10, 0x00,
	0x02, 0x00, 0x00, 0x00, 0x46, 0x00, 0x10, 0x00, 0x01, 0x00, 0x00, 0x00, 0x02, 0x40, 0x00, 0x00,
	0x00, 0x00, 0x00, 0x00, 0x00, 0x00, 0x00, 0x00, 0x00, 0x00, 0x00, 0x00, 0x00, 0x00, 0x00, 0x00,
	0x25, 0x00, 0x00, 0x07, 0x32, 0x00, 0x10, 0x00, 0x02, 0x00, 0x00, 0x00, 0xe6, 0x0a, 0x10, 0x00,
	0x01, 0x00, 0x00, 0x00, 0x46, 0x00, 0x10, 0x00, 0x02, 0x00, 0x00, 0x00, 0x36, 0x00, 0x00, 0x08,
	0xc2, 0x00, 0x10, 0x00, 0x02, 0x00, 0x00, 0x00, 0x02, 0x40, 0x00, 0x00, 0x00, 0x00, 0x00, 0x00,
	0x00, 0x00, 0x00, 0x00, 0x00, 0x00, 0x00, 0x00, 0x00, 0x00, 0x00, 0x00, 0x2d, 0x00, 0x00, 0x07,
	0xf2, 0x00, 0x10, 0x00, 0x02, 0x00, 0x00, 0x00, 0x46, 0x0e, 0x10, 0x00, 0x02, 0x00, 0x00, 0x00,
	0x46, 0x7e, 0x10, 0x00, 0x03, 0x00, 0x00, 0x00, 0x00, 0x00, 0x00, 0x0b, 0x32, 0x00, 0x10, 0x00,
	0x03, 0x00, 0x00, 0x00, 0x96, 0x05, 0x10, 0x80, 0x41, 0x00, 0x00, 0x00, 0x00, 0x00, 0x00, 0x00,
	0x02, 0x40, 0x00, 0x00, 0x00, 0x00, 0x80, 0x3f, 0x00, 0x00, 0x80, 0x3f, 0x00, 0x00, 0x00, 0x00,
	0x00, 0x00, 0x00, 0x00, 0x38, 0x00, 0x00, 0x07, 0xf2, 0x00, 0x10, 0x00, 0x02, 0x00, 0x00, 0x00,
	0x46, 0x0e, 0x10, 0x00, 0x02, 0x00, 0x00, 0x00, 0x06, 0x00, 0x10, 0x00, 0x03, 0x00, 0x00, 0x00,
	0x1e, 0x00, 0x00, 0x0a, 0xf2, 0x00, 0x10, 0x00, 0x04, 0x00, 0x00, 0x00, 0x46, 0x04, 0x10, 0x00,
	0x01, 0x00, 0x00, 0x00, 0x02, 0x40, 0x00, 0x00, 0x01, 0x00, 0x00, 0x00, 0x00, 0x00, 0x00, 0x00,
	0x00, 0x00, 0x00, 0x00, 0x01, 0x00, 0x00, 0x00, 0x24, 0x00, 0x00, 0x0a, 0xf2, 0x00, 0x10, 0x00,
	0x04, 0x00, 0x00, 0x00, 0x46, 0x0e, 0x10, 0x00, 0x04, 0x00, 0x00, 0x00, 0x02, 0x40, 0x00, 0x00,
	0x00, 0x00, 0x00, 0x00, 0x00, 0x00, 0x00, 0x00, 0x00, 0x00, 0x00, 0x00, 0x00, 0x00, 0x00, 0x00,
	0x25, 0x00, 0x00, 0x07, 0xf2, 0x00, 0x10, 0x00, 0x04, 0x00, 0x00, 0x00, 0xe6, 0x0e, 0x10, 0x00,
	0x01, 0x00, 0x00, 0x00, 0xe6, 0x04, 0x10, 0x00, 0x04, 0x00, 0x00, 0x00, 0x36, 0x00, 0x00, 0x05,
	0x32, 0x00, 0x10, 0x00, 0x05, 0x00, 0x00, 0x00, 0xe6, 0x0a, 0x10, 0x00, 0x04, 0x00, 0x00, 0x00,
	0x36, 0x00, 0x00, 0x08, 0xc2, 0x00, 0x10, 0x00, 0x05, 0x00, 0x00, 0x00, 0x02, 0x40, 0x00, 0x00,
	0x00, 0x00, 0x00, 0x00, 0x00, 0x00, 0x00, 0x00, 0x00, 0x00, 0x00, 0x00, 0x00, 0x00, 0x00, 0x00,
	0x2d, 0x00, 0x00, 0x07, 0xf2, 0x00, 0x10, 0x00, 0x05, 0x00, 0x00, 0x00, 0x46, 0x0e, 0x10, 0x00,
	0x05, 0x00, 0x00, 0x00, 0x46, 0x7e, 0x10, 0x00, 0x03, 0x00, 0x00, 0x00, 0x38, 0x00, 0x00, 0x07,
	0xf2, 0x00, 0x10, 0x00, 0x05, 0x00, 0x00, 0x00, 0x56, 0x05, 0x10, 0x00, 0x00, 0x00, 0x00, 0x00,
	0x46, 0x0e, 0x10, 0x00, 0x05, 0x00, 0x00, 0x00, 0x00, 0x00, 0x00, 0x07, 0xf2, 0x00, 0x10, 0x00,
	0x02, 0x00, 0x00, 0x00, 0x46, 0x0e, 0x10, 0x00, 0x02, 0x00, 0x00, 0x00, 0x46, 0x0e, 0x10, 0x00,
	0x05, 0x00, 0x00, 0x00, 0x36, 0x00, 0x00, 0x08, 0xc2, 0x00, 0x10, 0x00, 0x04, 0x00, 0x00, 0x00,
	0x02, 0x40, 0x00, 0x00, 0x00, 0x00, 0x00, 0x00, 0x00, 0x00, 0x00, 0x00, 0x00, 0x00, 0x00, 0x00,
	0x00, 0x00, 0x00, 0x00, 0x2d, 0x00, 0x00, 0x07, 0xf2, 0x00, 0x10, 0x00, 0x04, 0x00, 0x00, 0x00,
	0x46, 0x0e, 0x10, 0x00, 0x04, 0x00, 0x00, 0x00, 0x46, 0x7e, 0x10, 0x00, 0x03, 0x00, 0x00, 0x00,
	0x38, 0x00, 0x00, 0x07, 0xf2, 0x00, 0x10, 0x00, 0x04, 0x00, 0x00, 0x00, 0x06, 0x00, 0x10, 0x00,
	0x03, 0x00, 0x00, 0x00, 0x46, 0x0e, 0x10, 0x00, 0x04, 0x00, 0x00, 0x00, 0x1e, 0x00, 0x00, 0x0a,
	0x32, 0x00, 0x10, 0x00, 0x01, 0x00, 0x00, 0x00, 0x46, 0x00, 0x10, 0x00, 0x01, 0x00, 0x00, 0x00,
	0x02, 0x40, 0x00, 0x00, 0x01, 0x00, 0x00, 0x00, 0x01, 0x00, 0x00, 0x00, 0x00, 0x00, 0x00, 0x00,
	0x00, 0x00, 0x00, 0x00, 0x24, 0x00, 0x00, 0x0a, 0x32, 0x00, 0x10, 0x00, 0x01, 0x00, 0x00, 0x00,
	0x46, 0x00, 0x10, 0x00, 0x01, 0x00, 0x00, 0x00, 0x02, 0x40, 0x00, 0x00, 0x00, 0x00, 0x00, 0x00,
	0x00, 0x00, 0x00, 0x00, 0x00, 0x00, 0x00, 0x00, 0x00, 0x00, 0x00, 0x00, 0x25, 0x00, 0x00, 0x07,
	0x32, 0x00, 0x10, 0x00, 0x01, 0x00, 0x00, 0x00, 0xe6, 0x0a, 0x10, 0x00, 0x01, 0x00, 0x00, 0x00,
	0x46, 0x00, 0x10, 0x00, 0x01, 0x00, 0x00, 0x00, 0x36, 0x00, 0x00, 0x08, 0xc2, 0x00, 0x10, 0x00,
	0x01, 0x00, 0x00, 0x00, 0x02, 0x40, 0x00, 0x00, 0x00, 0x00, 0x00, 0x00, 0x00, 0x00, 0x00, 0x00,
	0x00, 0x00, 0x00, 0x00, 0x00, 0x00, 0x00, 0x00, 0x2d, 0x00, 0x00, 0x07, 0xf2, 0x00, 0x10, 0x00,
	0x01, 0x00, 0x00, 0x00, 0x46, 0x0e, 0x10, 0x00, 0x01, 0x00, 0x00, 0x00, 0x46, 0x7e, 0x10, 0x00,
	0x03, 0x00, 0x00, 0x00, 0x38, 0x00, 0x00, 0x07, 0xf2, 0x00, 0x10, 0x00, 0x01, 0x00, 0x00, 0x00,
	0x56, 0x05, 0x10, 0x00, 0x00, 0x00, 0x00, 0x00, 0x46, 0x0e, 0x10, 0x00, 0x01, 0x00, 0x00, 0x00,
	0x00, 0x00, 0x00, 0x07, 0xf2, 0x00, 0x10, 0x00, 0x01, 0x00, 0x00, 0x00, 0x46, 0x0e, 0x10, 0x00,
	0x01, 0x00, 0x00, 0x00, 0x46, 0x0e, 0x10, 0x00, 0x04, 0x00, 0x00, 0x00, 0x38, 0x00, 0x00, 0x07,
	0xf2, 0x00, 0x10, 0x00, 0x02, 0x00, 0x00, 0x00, 0x56, 0x05, 0x10, 0x00, 0x03, 0x00, 0x00, 0x00,
	0x46, 0x0e, 0x10, 0x00, 0x02, 0x00, 0x00, 0x00, 0x38, 0x00, 0x00, 0x07, 0xf2, 0x00, 0x10, 0x00,
	0x01, 0x00, 0x00, 0x00, 0xa6, 0x0a, 0x10, 0x00, 0x00, 0x00, 0x00, 0x00, 0x46, 0x0e, 0x10, 0x00,
	0x01, 0x00, 0x00, 0x00, 0x00, 0x00, 0x00, 0x07, 0xf2, 0x00, 0x10, 0x00, 0x01, 0x00, 0x00, 0x00,
	0x46, 0x0e, 0x10, 0x00, 0x01, 0x00, 0x00, 0x00, 0x46, 0x0e, 0x10, 0x00, 0x02, 0x00, 0x00, 0x00,
	0x38, 0x00, 0x00, 0x0a, 0xe2, 0x00, 0x10, 0x00, 0x00, 0x00, 0x00, 0x00, 0x06, 0x09, 0x10, 0x00,
	0x01, 0x00, 0x00, 0x00, 0x02, 0x40, 0x00, 0x00, 0x00, 0x00, 0x00, 0x00, 0xd0, 0xb3, 0x59, 0x3e,
	0x59, 0x17, 0x37, 0x3f, 0x98, 0xdd, 0x93, 0x3d, 0x00, 0x00, 0x00, 0x07, 0x22, 0x00, 0x10, 0x00,
	0x00, 0x00, 0x00, 0x00, 0x2a, 0x00, 0x10, 0x00, 0x00, 0x00, 0x00, 0x00, 0x1a, 0x00, 0x10, 0x00,
	0x00, 0x00, 0x00, 0x00, 0x00, 0x00, 0x00, 0x07, 0x22, 0x00, 0x10, 0x00, 0x00, 0x00, 0x00, 0x00,
	0x3a, 0x00, 0x10, 0x00, 0x00, 0x00, 0x00, 0x00, 0x1a, 0x00, 0x10, 0x00, 0x00, 0x00, 0x00, 0x00,
	0x00, 0x00, 0x00, 0x08, 0x72, 0x00, 0x10, 0x00, 0x02, 0x00, 0x00, 0x00, 0x56, 0x05, 0x10, 0x80,
	0x41, 0x00, 0x00, 0x00, 0x00, 0x00, 0x00, 0x00, 0x46, 0x02, 0x10, 0x00, 0x01, 0x00, 0x00, 0x00,
	0x00, 0x00, 0x00, 0x07, 0x42, 0x00, 0x10, 0x00, 0x00, 0x00, 0x00, 0x00, 0x0a, 0x10, 0x10, 0x00,
	0x07, 0x00, 0x00, 0x00, 0x01, 0x40, 0x00, 0x00, 0x00, 0x00, 0x80, 0x3f, 0x38, 0x00, 0x00, 0x07,
	0x72, 0x00, 0x10, 0x00, 0x02, 0x00, 0x00, 0x00, 0xa6, 0x0a, 0x10, 0x00, 0x00, 0x00, 0x00, 0x00,
	0x46, 0x02, 0x10, 0x00, 0x02, 0x00, 0x00, 0x00, 0x00, 0x00, 0x00, 0x07, 0xe2, 0x00, 0x10, 0x00,
	0x00, 0x00, 0x00, 0x00, 0x56, 0x05, 0x10, 0x00, 0x00, 0x00, 0x00, 0x00, 0x06, 0x09, 0x10, 0x00,
	0x02, 0x00, 0x00, 0x00, 0x38, 0x00, 0x00, 0x07, 0x12, 0x00, 0x10, 0x00, 0x02, 0x00, 0x00, 0x00,
	0x3a, 0x00, 0x10, 0x00, 0x01, 0x00, 0x00, 0x00, 0x1a, 0x10, 0x10, 0x00, 0x07, 0x00, 0x00, 0x00,
	0x00, 0x00, 0x00, 0x07, 0xe2, 0x00, 0x10, 0x00, 0x00, 0x00, 0x00, 0x00, 0x56, 0x0e, 0x10, 0x00,
	0x00, 0x00, 0x00, 0x00, 0x06, 0x00, 0x10, 0x00, 0x02, 0x00, 0x00, 0x00, 0x34, 0x00, 0x00, 0x0a,
	0xe2, 0x00, 0x10, 0x00, 0x00, 0x00, 0x00, 0x00, 0x56, 0x0e, 0x10, 0x00, 0x00, 0x00, 0x00, 0x00,
	0x02, 0x40, 0x00, 0x00, 0x00, 0x00, 0x00, 0x00, 0x00, 0x00, 0x00, 0x00, 0x00, 0x00, 0x00, 0x00,
	0x00, 0x00, 0x00, 0x00, 0x33, 0x00, 0x00, 0x07, 0x72, 0x00, 0x10, 0x00, 0x01, 0x00, 0x00, 0x00,
	0xf6, 0x0f, 0x10, 0x00, 0x01, 0x00, 0x00, 0x00, 0x96, 0x07, 0x10, 0x00, 0x00, 0x00, 0x00, 0x00,
	0x36, 0x00, 0x00, 0x05, 0x72, 0x00, 0x10, 0x00, 0x02, 0x00, 0x00, 0x00, 0x46, 0x12, 0x10, 0x00,
	0x08, 0x00, 0x00, 0x00, 0x36, 0x00, 0x00, 0x05, 0x82, 0x00, 0x10, 0x00, 0x02, 0x00, 0x00, 0x00,
	0x01, 0x40, 0x00, 0x00, 0x00, 0x00, 0x80, 0x3f, 0x00, 0x00, 0x00, 0x08, 0xf2, 0x00, 0x10, 0x00,
	0x02, 0x00, 0x00, 0x00, 0x46, 0x0e, 0x10, 0x80, 0x41, 0x00, 0x00, 0x00, 0x01, 0x00, 0x00, 0x00,
	0x46, 0x0e, 0x10, 0x00, 0x02, 0x00, 0x00, 0x00, 0x38, 0x00, 0x00, 0x07, 0xf2, 0x00, 0x10, 0x00,
	0x02, 0x00, 0x00, 0x00, 0x46, 0x0e, 0x10, 0x00, 0x02, 0x00, 0x00, 0x00, 0xa6, 0x1a, 0x10, 0x00,
	0x07, 0x00, 0x00, 0x00, 0x00, 0x00, 0x00, 0x07, 0xf2, 0x00, 0x10, 0x00, 0x01, 0x00, 0x00, 0x00,
	0x46, 0x0e, 0x10, 0x00, 0x01, 0x00, 0x00, 0x00, 0x46, 0x0e, 0x10, 0x00, 0x02, 0x00, 0x00, 0x00,
	0x38, 0x00, 0x00, 0x07, 0xf2, 0x00, 0x10, 0x00, 0x00, 0x00, 0x00, 0x00, 0x06, 0x00, 0x10, 0x00,
	0x00, 0x00, 0x00, 0x00, 0x46, 0x0e, 0x10, 0x00, 0x01, 0x00, 0x00, 0x00, 0x12, 0x00, 0x00, 0x01,
	0x36, 0x00, 0x00, 0x08, 0xf2, 0x00, 0x10, 0x00, 0x00, 0x00, 0x00, 0x00, 0x02, 0x40, 0x00, 0x00,
	0x00, 0x00, 0x00, 0x00, 0x00, 0x00, 0x00, 0x00, 0x00, 0x00, 0x00, 0x00, 0x00, 0x00, 0x00, 0x00,
	0x15, 0x00, 0x00, 0x01, 0x31, 0x00, 0x00, 0x07, 0x12, 0x00, 0x10, 0x00, 0x01, 0x00, 0x00, 0x00,
	0x3a, 0x10, 0x10, 0x00, 0x0e, 0x00, 0x00, 0x00, 0x01, 0x40, 0x00, 0x00, 0x00, 0x00, 0x00, 0x3f,
	0x00, 0x00, 0x00, 0x08, 0x62, 0x00, 0x10, 0x00, 0x01, 0x00, 0x00, 0x00, 0x06, 0x11, 0x10, 0x00,
	0x01, 0x00, 0x00, 0x00, 0x06, 0x11, 0x10, 0x80, 0x41, 0x00, 0x00, 0x00, 0x03, 0x00, 0x00, 0x00,
	0x38, 0x00, 0x00, 0x0a, 0x32, 0x00, 0x10, 0x00, 0x02, 0x00, 0x00, 0x00, 0xe6, 0x1a, 0x10, 0x00,
	0x03, 0x00, 0x00, 0x00, 0x02, 0x40, 0x00, 0x00, 0x00, 0x00, 0x00, 0x3f, 0x00, 0x00, 0x00, 0x3f,
	0x00, 0x00, 0x00, 0x00, 0x00, 0x00, 0x00, 0x00, 0x00, 0x00, 0x00, 0x08, 0x62, 0x00, 0x10, 0x00,
	0x01, 0x00, 0x00, 0x00, 0x56, 0x06, 0x10, 0x00, 0x01, 0x00, 0x00, 0x00, 0x06, 0x01, 0x10, 0x80,
	0x41, 0x00, 0x00, 0x00, 0x02, 0x00, 0x00, 0x00, 0x31, 0x00, 0x00, 0x0a, 0xc2, 0x00, 0x10, 0x00,
	0x02, 0x00, 0x00, 0x00, 0x56, 0x09, 0x10, 0x00, 0x01, 0x00, 0x00, 0x00, 0x02, 0x40, 0x00, 0x00,
	0x00, 0x00, 0x00, 0x00, 0x00, 0x00, 0x00, 0x00, 0x00, 0x00, 0x00, 0x00, 0x00, 0x00, 0x00, 0x00,
	0x37, 0x00, 0x00, 0x09, 0x32, 0x00, 0x10, 0x00, 0x03, 0x00, 0x00, 0x00, 0xf6, 0x0f, 0x10, 0x00,
	0x02, 0x00, 0x00, 0x00, 0x46, 0x10, 0x10, 0x00, 0x04, 0x00, 0x00, 0x00, 0xb6, 0x1f, 0x10, 0x00,
	0x04, 0x00, 0x00, 0x00, 0x37, 0x00, 0x00, 0x09, 0x82, 0x00, 0x10, 0x00, 0x01, 0x00, 0x00, 0x00,
	0x2a, 0x00, 0x10, 0x00, 0x02, 0x00, 0x00, 0x00, 0x0a, 0x00, 0x10, 0x00, 0x03, 0x00, 0x00, 0x00,
	0x1a, 0x00, 0x10, 0x00, 0x03, 0x00, 0x00, 0x00, 0x00, 0x00, 0x00, 0x09, 0x62, 0x00, 0x10, 0x00,
	0x01, 0x00, 0x00, 0x00, 0x06, 0x01, 0x10, 0x80, 0x41, 0x00, 0x00, 0x00, 0x02, 0x00, 0x00, 0x00,
	0x56, 0x06, 0x10, 0x80, 0x81, 0x00, 0x00, 0x00, 0x01, 0x00, 0x00, 0x00, 0x00, 0x00, 0x00, 0x07,
	0x62, 0x00, 0x10, 0x00, 0x01, 0x00, 0x00, 0x00, 0xf6, 0x0f, 0x10, 0x00, 0x01, 0x00, 0x00, 0x00,
	0x56, 0x06, 0x10, 0x00, 0x01, 0x00, 0x00, 0x00, 0x34, 0x00, 0x00, 0x0a, 0xc2, 0x00, 0x10, 0x00,
	0x02, 0x00, 0x00, 0x00, 0x56, 0x09, 0x10, 0x00, 0x01, 0x00, 0x00, 0x00, 0x02, 0x40, 0x00, 0x00,
	0x00, 0x00, 0x00, 0x00, 0x00, 0x00, 0x00, 0x00, 0x00, 0x00, 0x00, 0x00, 0x00, 0x00, 0x00, 0x00,
	0x0f, 0x00, 0x00, 0x07, 0x42, 0x00, 0x10, 0x00, 0x02, 0x00, 0x00, 0x00, 0xe6, 0x0a, 0x10, 0x00,
	0x02, 0x00, 0x00, 0x00, 0xe6, 0x0a, 0x10, 0x00, 0x02, 0x00, 0x00, 0x00, 0x4b, 0x00, 0x00, 0x05,
	0x42, 0x00, 0x10, 0x00, 0x02, 0x00, 0x00, 0x00, 0x2a, 0x00, 0x10, 0x00, 0x02, 0x00, 0x00, 0x00,
	0x34, 0x00, 0x00, 0x07, 0x22, 0x00, 0x10, 0x00, 0x01, 0x00, 0x00, 0x00, 0x2a, 0x00, 0x10, 0x00,
	0x01, 0x00, 0x00, 0x00, 0x1a, 0x00, 0x10, 0x00, 0x01, 0x00, 0x00, 0x00, 0x33, 0x00, 0x00, 0x07,
	0x22, 0x00, 0x10, 0x00, 0x01, 0x00, 0x00, 0x00, 0x1a, 0x00, 0x10, 0x00, 0x01, 0x00, 0x00, 0x00,
	0x01, 0x40, 0x00, 0x00, 0x00, 0x00, 0x00, 0x00, 0x00, 0x00, 0x00, 0x07, 0x22, 0x00, 0x10, 0x00,
	0x01, 0x00, 0x00, 0x00, 0x1a, 0x00, 0x10, 0x00, 0x01, 0x00, 0x00, 0x00, 0x2a, 0x00, 0x10, 0x00,
	0x02, 0x00, 0x00, 0x00, 0x00, 0x00, 0x00, 0x08, 0x22, 0x00, 0x10, 0x00, 0x01, 0x00, 0x00, 0x00,
	0x3a, 0x00, 0x10, 0x80, 0x41, 0x00, 0x00, 0x00, 0x01, 0x00, 0x00, 0x00, 0x1a, 0x00, 0x10, 0x00,
	0x01, 0x00, 0x00, 0x00, 0x00, 0x00, 0x00, 0x0a, 0xf2, 0x00, 0x10, 0x00, 0x03, 0x00, 0x00, 0x00,
	0x46, 0x14, 0x10, 0x00, 0x01, 0x00, 0x00, 0x00, 0x02, 0x40, 0x00, 0x00, 0x00, 0x00, 0x00, 0x3f,
	0x00, 0x00, 0x00, 0x3f, 0x00, 0x00, 0x00, 0xbf, 0x00, 0x00, 0x00, 0xbf, 0x1f, 0x00, 0x00, 0x03,
	0x0a, 0x00, 0x10, 0x00, 0x01, 0x00, 0x00, 0x00, 0x0b, 0x00, 0x00, 0x05, 0xc2, 0x00, 0x10, 0x00,
	0x02, 0x00, 0x00, 0x00, 0x06, 0x14, 0x10, 0x00, 0x01, 0x00, 0x00, 0x00, 0x0c, 0x00, 0x00, 0x05,
	0x32, 0x00, 0x10, 0x00, 0x04, 0x00, 0x00, 0x00, 0x46, 0x10, 0x10, 0x00, 0x01, 0x00, 0x00, 0x00,
	0x00, 0x00, 0x00, 0x07, 0xc2, 0x00, 0x10, 0x00, 0x04, 0x00, 0x00, 0x00, 0xa6, 0x0e, 0x10, 0x00,
	0x02, 0x00, 0x00, 0x00, 0x06, 0x04, 0x10, 0x00, 0x04, 0x00, 0x00, 0x00, 0x38, 0x00, 0x00, 0x0a,
	0xc2, 0x00, 0x10, 0x00, 0x04, 0x00, 0x00, 0x00, 0xa6, 0x0e, 0x10, 0x00, 0x04, 0x00, 0x00, 0x00,
	0x02, 0x40, 0x00, 0x00, 0x00, 0x00, 0x00, 0x00, 0x00, 0x00, 0x00, 0x00, 0x00, 0x00, 0x00, 0x3f,
	0x00, 0x00, 0x00, 0x3f, 0x00, 0x00, 0x00, 0x08, 0x32, 0x00, 0x10, 0x00, 0x05, 0x00, 0x00, 0x00,
	0xe6, 0x0a, 0x10, 0x00, 0x02, 0x00, 0x00, 0x00, 0x46, 0x00, 0x10, 0x80, 0x41, 0x00, 0x00, 0x00,
	0x04, 0x00, 0x00, 0x00, 0x38, 0x00, 0x00, 0x0a, 0x32, 0x00, 0x10, 0x00, 0x05, 0x00, 0x00, 0x00,
	0x46, 0x00, 0x10, 0x00, 0x05, 0x00, 0x00, 0x00, 0x02, 0x40, 0x00, 0x00, 0x00, 0x00, 0x00, 0x3f,
	0x00, 0x00, 0x00, 0x3f, 0x00, 0x00, 0x00, 0x00, 0x00, 0x00, 0x00, 0x00, 0x00, 0x00, 0x00, 0x09,
	0x42, 0x00, 0x10, 0x00, 0x01, 0x00, 0x00, 0x00, 0x3a, 0x00, 0x10, 0x80, 0x81, 0x00, 0x00, 0x00,
	0x04, 0x00, 0x00, 0x00, 0x2a, 0x00, 0x10, 0x80, 0x81, 0x00, 0x00, 0x00, 0x04, 0x00, 0x00, 0x00,
	0x00, 0x00, 0x00, 0x09, 0x42, 0x00, 0x10, 0x00, 0x04, 0x00, 0x00, 0x00, 0x1a, 0x00, 0x10, 0x80,
	0x81, 0x00, 0x00, 0x00, 0x05, 0x00, 0x00, 0x00, 0x0a, 0x00, 0x10, 0x80, 0x81, 0x00, 0x00, 0x00,
	0x05, 0x00, 0x00, 0x00, 0x34, 0x00, 0x00, 0x07, 0x42, 0x00, 0x10, 0x00, 0x01, 0x00, 0x00, 0x00,
	0x2a, 0x00, 0x10, 0x00, 0x01, 0x00, 0x00, 0x00, 0x2a, 0x00, 0x10, 0x00, 0x04, 0x00, 0x00, 0x00,
	0x38, 0x00, 0x00, 0x07, 0x42, 0x00, 0x10, 0x00, 0x01, 0x00, 0x00, 0x00, 0x2a, 0x00, 0x10, 0x00,
	0x01, 0x00, 0x00, 0x00, 0x01, 0x40, 0x00, 0x00, 0x00, 0x00, 0x00, 0x40, 0x31, 0x00, 0x00, 0x08,
	0x42, 0x00, 0x10, 0x00, 0x04, 0x00, 0x00, 0x00, 0x1a, 0x00, 0x10, 0x00, 0x01, 0x00, 0x00, 0x00,
	0x2a, 0x00, 0x10, 0x80, 0x41, 0x00, 0x00, 0x00, 0x01, 0x00, 0x00, 0x00, 0x1f, 0x00, 0x00, 0x03,
	0x2a, 0x00, 0x10, 0x00, 0x04, 0x00, 0x00, 0x00, 0x31, 0x00, 0x00, 0x07, 0x42, 0x00, 0x10, 0x00,
	0x01, 0x00, 0x00, 0x00, 0x2a, 0x00, 0x10, 0x00, 0x01, 0x00, 0x00, 0x00, 0x1a, 0x00, 0x10, 0x00,
	0x01, 0x00, 0x00, 0x00, 0x1f, 0x00, 0x00, 0x03, 0x2a, 0x00, 0x10, 0x00, 0x01, 0x00, 0x00, 0x00,
	0x36, 0x00, 0x00, 0x05, 0x42, 0x00, 0x10, 0x00, 0x01, 0x00, 0x00, 0x00, 0x01, 0x40, 0x00, 0x00,
	0x00, 0x00, 0x00, 0x00, 0x36, 0x00, 0x00, 0x05, 0x42, 0x00, 0x10, 0x00, 0x04, 0x00, 0x00, 0x00,
	0x01, 0x40, 0x00, 0x00, 0x00, 0x00, 0x00, 0x00, 0x30, 0x00, 0x00, 0x01, 0x21, 0x00, 0x00, 0x07,
	0x82, 0x00, 0x10, 0x00, 0x04, 0x00, 0x00, 0x00, 0x2a, 0x00, 0x10, 0x00, 0x04, 0x00, 0x00, 0x00,
	0x01, 0x40, 0x00, 0x00, 0x04, 0x00, 0x00, 0x00, 0x03, 0x00, 0x04, 0x03, 0x3a, 0x00, 0x10, 0x00,
	0x04, 0x00, 0x00, 0x00, 0x2b, 0x00, 0x00, 0x05, 0x82, 0x00, 0x10, 0x00, 0x04, 0x00, 0x00, 0x00,
	0x2a, 0x00, 0x10, 0x00, 0x04, 0x00, 0x00, 0x00, 0x00, 0x00, 0x00, 0x07, 0x82, 0x00, 0x10, 0x00,
	0x04, 0x00, 0x00, 0x00, 0x3a, 0x00, 0x10, 0x00, 0x04, 0x00, 0x00, 0x00, 0x01, 0x40, 0x00, 0x00,
	0x00, 0x00, 0x00, 0x3f, 0x0e, 0x00, 0x00, 0x07, 0x82, 0x00, 0x10, 0x00, 0x04, 0x00, 0x00, 0x00,
	0x3a, 0x00, 0x10, 0x00, 0x04, 0x00, 0x00, 0x00, 0x01, 0x40, 0x00, 0x00, 0x00, 0x00, 0x80, 0x40,
	0x00, 0x00, 0x00, 0x07, 0x82, 0x00, 0x10, 0x00, 0x04, 0x00, 0x00, 0x00, 0x3a, 0x00, 0x10, 0x00,
	0x04, 0x00, 0x00, 0x00, 0x01, 0x40, 0x00, 0x00, 0x00, 0x00, 0x00, 0xbf, 0x38, 0x00, 0x00, 0x07,
	0x32, 0x00, 0x10, 0x00, 0x05, 0x00, 0x00, 0x00, 0xf6, 0x0f, 0x10, 0x00, 0x04, 0x00, 0x00, 0x00,
	0x46, 0x00, 0x10, 0x00, 0x04, 0x00, 0x00, 0x00, 0x36, 0x00, 0x00, 0x05, 0x82, 0x00, 0x10, 0x00,
	0x04, 0x00, 0x00, 0x00, 0x2a, 0x00, 0x10, 0x00, 0x01, 0x00, 0x00, 0x00, 0x36, 0x00, 0x00, 0x05,
	0x42, 0x00, 0x10, 0x00, 0x05, 0x00, 0x00, 0x00, 0x01, 0x40, 0x00, 0x00, 0x00, 0x00, 0x00, 0x00,
	0x30, 0x00, 0x00, 0x01, 0x21, 0x00, 0x00, 0x07, 0x82, 0x00, 0x10, 0x00, 0x05, 0x00, 0x00, 0x00,
	0x2a, 0x00, 0x10, 0x00, 0x05, 0x00, 0x00, 0x00, 0x01, 0x40, 0x00, 0x00, 0x04, 0x00, 0x00, 0x00,
	0x03, 0x00, 0x04, 0x03, 0x3a, 0x00, 0x10, 0x00, 0x05, 0x00, 0x00, 0x00, 0x2b, 0x00, 0x00, 0x05,
	0x82, 0x00, 0x10, 0x00, 0x05, 0x00, 0x00, 0x00, 0x2a, 0x00, 0x10, 0x00, 0x05, 0x00, 0x00, 0x00,
	0x00, 0x00, 0x00, 0x07, 0x82, 0x00, 0x10, 0x00, 0x05, 0x00, 0x00, 0x00, 0x3a, 0x00, 0x10, 0x00,
	0x05, 0x00, 0x00, 0x00, 0x01, 0x40, 0x00, 0x00, 0x00, 0x00, 0x00, 0x3f, 0x0e, 0x00, 0x00, 0x07,
	0x82, 0x00, 0x10, 0x00, 0x05, 0x00, 0x00, 0x00, 0x3a, 0x00, 0x10, 0x00, 0x05, 0x00, 0x00, 0x00,
	0x01, 0x40, 0x00, 0x00, 0x00, 0x00, 0x80, 0x40, 0x00, 0x00, 0x00, 0x07, 0x82, 0x00, 0x10, 0x00,
	0x05, 0x00, 0x00, 0x00, 0x3a, 0x00, 0x10, 0x00, 0x05, 0x00, 0x00, 0x00, 0x01, 0x40, 0x00, 0x00,
	0x00, 0x00, 0x00, 0xbf, 0x38, 0x00, 0x00, 0x07, 0x32, 0x00, 0x10, 0x00, 0x06, 0x00, 0x00, 0x00,
	0xe6, 0x0a, 0x10, 0x00, 0x02, 0x00, 0x00, 0x00, 0xf6, 0x0f, 0x10, 0x00, 0x05, 0x00, 0x00, 0x00,
	0x00, 0x00, 0x00, 0x07, 0x32, 0x00, 0x10, 0x00, 0x06, 0x00, 0x00, 0x00, 0x46, 0x00, 0x10, 0x00,
	0x06, 0x00, 0x00, 0x00, 0x46, 0x10, 0x10, 0x00, 0x01, 0x00, 0x00, 0x00, 0x00, 0x00, 0x00, 0x07,
	0x32, 0x00, 0x10, 0x00, 0x06, 0x00, 0x00, 0x00, 0x46, 0x00, 0x10, 0x00, 0x05, 0x00, 0x00, 0x00,
	0x46, 0x00, 0x10, 0x00, 0x06, 0x00, 0x00, 0x00, 0x00, 0x00, 0x00, 0x08, 0x32, 0x00, 0x10, 0x00,
	0x06, 0x00, 0x00, 0x00, 0x46, 0x00, 0x10, 0x00, 0x06, 0x00, 0x00, 0x00, 0x46, 0x10, 0x10, 0x80,
	0x41, 0x00, 0x00, 0x00, 0x03, 0x00, 0x00, 0x00, 0x00, 0x00, 0x00, 0x08, 0x32, 0x00, 0x10, 0x00,
	0x06, 0x00, 0x00, 0x00, 0x46, 0x00, 0x10, 0x80, 0x41, 0x00, 0x00, 0x00, 0x02, 0x00, 0x00, 0x00,
	0x46, 0x00, 0x10, 0x00, 0x06, 0x00, 0x00, 0x00, 0x31, 0x00, 0x00, 0x0a, 0xc2, 0x00, 0x10, 0x00,
	0x06, 0x00, 0x00, 0x00, 0x06, 0x04, 0x10, 0x00, 0x06, 0x00, 0x00, 0x00, 0x02, 0x40, 0x00, 0x00,
	0x00, 0x00, 0x00, 0x00, 0x00, 0x00, 0x00, 0x00, 0x00, 0x00, 0x00, 0x00, 0x00, 0x00, 0x00, 0x00,
	0x37, 0x00, 0x00, 0x09, 0x32, 0x00, 0x10, 0x00, 0x07, 0x00, 0x00, 0x00, 0xf6, 0x0f, 0x10, 0x00,
	0x06, 0x00, 0x00, 0x00, 0x46, 0x10, 0x10, 0x00, 0x04, 0x00, 0x00, 0x00, 0xb6, 0x1f, 0x10, 0x00,
	0x04, 0x00, 0x00, 0x00, 0x37, 0x00, 0x00, 0x09, 0x82, 0x00, 0x10, 0x00, 0x05, 0x00, 0x00, 0x00,
	0x2a, 0x00, 0x10, 0x00, 0x06, 0x00, 0x00, 0x00, 0x0a, 0x00, 0x10, 0x00, 0x07, 0x00, 0x00, 0x00,
	0x1a, 0x00, 0x10, 0x00, 0x07, 0x00, 0x00, 0x00, 0x00, 0x00, 0x00, 0x09, 0x32, 0x00, 0x10, 0x00,
	0x06, 0x00, 0x00, 0x00, 0x46, 0x00, 0x10, 0x80, 0x41, 0x00, 0x00, 0x00, 0x02, 0x00, 0x00, 0x00,
	0x46, 0x00, 0x10, 0x80, 0x81, 0x00, 0x00, 0x00, 0x06, 0x00, 0x00, 0x00, 0x00, 0x00, 0x00, 0x07,
	0x32, 0x00, 0x10, 0x00, 0x06, 0x00, 0x00, 0x00, 0xf6, 0x0f, 0x10, 0x00, 0x05, 0x00, 0x00, 0x00,
	0x46, 0x00, 0x10, 0x00, 0x06, 0x00, 0x00, 0x00, 0x34, 0x00, 0x00, 0x0a, 0xc2, 0x00, 0x10, 0x00,
	0x06, 0x00, 0x00, 0x00, 0x06, 0x04, 0x10, 0x00, 0x06, 0x00, 0x00, 0x00, 0x02, 0x40, 0x00, 0x00,
	0x00, 0x00, 0x00, 0x00, 0x00, 0x00, 0x00, 0x00, 0x00, 0x00, 0x00, 0x00, 0x00, 0x00, 0x00, 0x00,
	0x0f, 0x00, 0x00, 0x07, 0x42, 0x00, 0x10, 0x00, 0x06, 0x00, 0x00, 0x00, 0xe6, 0x0a, 0x10, 0x00,
	0x06, 0x00, 0x00, 0x00, 0xe6, 0x0a, 0x10, 0x00, 0x06, 0x00, 0x00, 0x00, 0x4b, 0x00, 0x00, 0x05,
	0x42, 0x00, 0x10, 0x00, 0x06, 0x00, 0x00, 0x00, 0x2a, 0x00, 0x10, 0x00, 0x06, 0x00, 0x00, 0x00,
	0x34, 0x00, 0x00, 0x07, 0x12, 0x00, 0x10, 0x00, 0x06, 0x00, 0x00, 0x00, 0x1a, 0x00, 0x10, 0x00,
	0x06, 0x00, 0x00, 0x00, 0x0a, 0x00, 0x10, 0x00, 0x06, 0x00, 0x00, 0x00, 0x33, 0x00, 0x00, 0x07,
	0x12, 0x00, 0x10, 0x00, 0x06, 0x00, 0x00, 0x00, 0x0a, 0x00, 0x10, 0x00, 0x06, 0x00, 0x00, 0x00,
	0x01, 0x40, 0x00, 0x00, 0x00, 0x00, 0x00, 0x00, 0x00, 0x00, 0x00, 0x07, 0x12, 0x00, 0x10, 0x00,
	0x06, 0x00, 0x00, 0x00, 0x0a, 0x00, 0x10, 0x00, 0x06, 0x00, 0x00, 0x00, 0x2a, 0x00, 0x10, 0x00,
	0x06, 0x00, 0x00, 0x00, 0x00, 0x00, 0x00, 0x08, 0x82, 0x00, 0x10, 0x00, 0x05, 0x00, 0x00, 0x00,
	0x3a, 0x00, 0x10, 0x80, 0x41, 0x00, 0x00, 0x00, 0x05, 0x00, 0x00, 0x00, 0x0a, 0x00, 0x10, 0x00,
	0x06, 0x00, 0x00, 0x00, 0x1d, 0x00, 0x00, 0x07, 0x82, 0x00, 0x10, 0x00, 0x05, 0x00, 0x00, 0x00,
	0x01, 0x40, 0x00, 0x00, 0x00, 0x00, 0x00, 0x00, 0x3a, 0x00, 0x10, 0x00, 0x05, 0x00, 0x00, 0x00,
	0x01, 0x00, 0x00, 0x07, 0x82, 0x00, 0x10, 0x00, 0x05, 0x00, 0x00, 0x00, 0x3a, 0x00, 0x10, 0x00,
	0x05, 0x00, 0x00, 0x00, 0x01, 0x40, 0x00, 0x00, 0x00, 0x00, 0x80, 0x3f, 0x00, 0x00, 0x00, 0x07,
	0x82, 0x00, 0x10, 0x00, 0x04, 0x00, 0x00, 0x00, 0x3a, 0x00, 0x10, 0x00, 0x04, 0x00, 0x00, 0x00,
	0x3a, 0x00, 0x10, 0x00, 0x05, 0x00, 0x00, 0x00, 0x1e, 0x00, 0x00, 0x07, 0x42, 0x00, 0x10, 0x00,
	0x05, 0x00, 0x00, 0x00, 0x2a, 0x00, 0x10, 0x00, 0x05, 0x00, 0x00, 0x00, 0x01, 0x40, 0x00, 0x00,
	0x01, 0x00, 0x00, 0x00, 0x16, 0x00, 0x00, 0x01, 0x36, 0x00, 0x00, 0x05, 0x42, 0x00, 0x10, 0x00,
	0x01, 0x00, 0x00, 0x00, 0x3a, 0x00, 0x10, 0x00, 0x04, 0x00, 0x00, 0x00, 0x1e, 0x00, 0x00, 0x07,
	0x42, 0x00, 0x10, 0x00, 0x04, 0x00, 0x00, 0x00, 0x2a, 0x00, 0x10, 0x00, 0x04, 0x00, 0x00, 0x00,
	0x01, 0x40, 0x00, 0x00, 0x01, 0x00, 0x00, 0x00, 0x16, 0x00, 0x00, 0x01, 0x0e, 0x00, 0x00, 0x07,
	0x42, 0x00, 0x10, 0x00, 0x01, 0x00, 0x00, 0x00, 0x2a, 0x00, 0x10, 0x00, 0x01, 0x00, 0x00, 0x00,
	0x01, 0x40, 0x00, 0x00, 0x00, 0x00, 0x80, 0x41, 0x12, 0x00, 0x00, 0x01, 0x36, 0x00, 0x00, 0x05,
	0x42, 0x00, 0x10, 0x00, 0x01, 0x00, 0x00, 0x00, 0x01, 0x40, 0x00, 0x00, 0x00, 0x00, 0x00, 0x00,
	0x15, 0x00, 0x00, 0x01, 0x12, 0x00, 0x00, 0x01, 0x36, 0x00, 0x00, 0x05, 0x42, 0x00, 0x10, 0x00,
	0x01, 0x00, 0x00, 0x00, 0x01, 0x40, 0x00, 0x00, 0x00, 0x00, 0x80, 0x3f, 0x15, 0x00, 0x00, 0x01,
	0x12, 0x00, 0x00, 0x01, 0x31, 0x00, 0x00, 0x07, 0x82, 0x00, 0x10, 0x00, 0x01, 0x00, 0x00, 0x00,
	0x01, 0x40, 0x00, 0x00, 0x00, 0x00, 0x00, 0x00, 0x3a, 0x00, 0x10, 0x00, 0x01, 0x00, 0x00, 0x00,
	0x00, 0x20, 0x00, 0x08, 0x22, 0x00, 0x10, 0x00, 0x01, 0x00, 0x00, 0x00, 0x1a, 0x00, 0x10, 0x80,
	0x41, 0x00, 0x00, 0x00, 0x01, 0x00, 0x00, 0x00, 0x01, 0x40, 0x00, 0x00, 0x00, 0x00, 0x00, 0x3f,
	0x00, 0x00, 0x00, 0x07, 0x32, 0x00, 0x10, 0x00, 0x02, 0x00, 0x00, 0x00, 0xe6, 0x1a, 0x10, 0x00,
	0x03, 0x00, 0x00, 0x00, 0x46, 0x10, 0x10, 0x00, 0x03, 0x00, 0x00, 0x00, 0x33, 0x00, 0x00, 0x07,
	0x32, 0x00, 0x10, 0x00, 0x02, 0x00, 0x00, 0x00, 0x46, 0x00, 0x10, 0x00, 0x03, 0x00, 0x00, 0x00,
	0x46, 0x00, 0x10, 0x00, 0x02, 0x00, 0x00, 0x00, 0x34, 0x00, 0x00, 0x07, 0xc2, 0x00, 0x10, 0x00,
	0x02, 0x00, 0x00, 0x00, 0xa6, 0x0e, 0x10, 0x00, 0x03, 0x00, 0x00, 0x00, 0x06, 0x14, 0x10, 0x00,
	0x03, 0x00, 0x00, 0x00, 0x00, 0x20, 0x00, 0x08, 0x32, 0x00, 0x10, 0x00, 0x02, 0x00, 0x00, 0x00,
	0xe6, 0x0a, 0x10, 0x80, 0x41, 0x00, 0x00, 0x00, 0x02, 0x00, 0x00, 0x00, 0x46, 0x00, 0x10, 0x00,
	0x02, 0x00, 0x00, 0x00, 0x38, 0x00, 0x00, 0x07, 0x12, 0x00, 0x10, 0x00, 0x02, 0x00, 0x00, 0x00,
	0x1a, 0x00, 0x10, 0x00, 0x02, 0x00, 0x00, 0x00, 0x0a, 0x00, 0x10, 0x00, 0x02, 0x00, 0x00, 0x00,
	0x37, 0x00, 0x00, 0x09, 0x42, 0x00, 0x10, 0x00, 0x01, 0x00, 0x00, 0x00, 0x3a, 0x00, 0x10, 0x00,
	0x01, 0x00, 0x00, 0x00, 0x1a, 0x00, 0x10, 0x00, 0x01, 0x00, 0x00, 0x00, 0x0a, 0x00, 0x10, 0x00,
	0x02, 0x00, 0x00, 0x00, 0x15, 0x00, 0x00, 0x01, 0x31, 0x00, 0x00, 0x07, 0x22, 0x00, 0x10, 0x00,
	0x01, 0x00, 0x00, 0x00, 0x3a, 0x10, 0x10, 0x00, 0x0f, 0x00, 0x00, 0x00, 0x01, 0x40, 0x00, 0x00,
	0x00, 0x00, 0x00, 0x3f, 0x00, 0x00, 0x00, 0x08, 0x32, 0x00, 0x10, 0x00, 0x02, 0x00, 0x00, 0x00,
	0xe6, 0x1a, 0x10, 0x00, 0x01, 0x00, 0x00, 0x00, 0x46, 0x10, 0x10, 0x80, 0x41, 0x00, 0x00, 0x00,
	0x0b, 0x00, 0x00, 0x00, 0x38, 0x00, 0x00, 0x0a, 0xc2, 0x00, 0x10, 0x00, 0x02, 0x00, 0x00, 0x00,
	0xa6, 0x1e, 0x10, 0x00, 0x0b, 0x00, 0x00, 0x00, 0x02, 0x40, 0x00, 0x00, 0x00, 0x00, 0x00, 0x00,
	0x00, 0x00, 0x00, 0x00, 0x00, 0x00, 0x00, 0x3f, 0x00, 0x00, 0x00, 0x3f, 0x00, 0x00, 0x00, 0x08,
	0x32, 0x00, 0x10, 0x00, 0x04, 0x00, 0x00, 0x00, 0xe6, 0x0a, 0x10, 0x80, 0x41, 0x00, 0x00, 0x00,
	0x02, 0x00, 0x00, 0x00, 0x46, 0x00, 0x10, 0x00, 0x02, 0x00, 0x00, 0x00, 0x31, 0x00, 0x00, 0x0a,
	0xc2, 0x00, 0x10, 0x00, 0x04, 0x00, 0x00, 0x00, 0x06, 0x04, 0x10, 0x00, 0x04, 0x00, 0x00, 0x00,
	0x02, 0x40, 0x00, 0x00, 0x00, 0x00, 0x00, 0x00, 0x00, 0x00, 0x00, 0x00, 0x00, 0x00, 0x00, 0x00,
	0x00, 0x00, 0x00, 0x00, 0x37, 0x00, 0x00, 0x09, 0x32, 0x00, 0x10, 0x00, 0x05, 0x00, 0x00, 0x00,
	0xf6, 0x0f, 0x10, 0x00, 0x04, 0x00, 0x00, 0x00, 0x46, 0x10, 0x10, 0x00, 0x0c, 0x00, 0x00, 0x00,
	0xb6, 0x1f, 0x10, 0x00, 0x0c, 0x00, 0x00, 0x00, 0x37, 0x00, 0x00, 0x09, 0x82, 0x00, 0x10, 0x00,
	0x01, 0x00, 0x00, 0x00, 0x2a, 0x00, 0x10, 0x00, 0x04, 0x00, 0x00, 0x00, 0x0a, 0x00, 0x10, 0x00,
	0x05, 0x00, 0x00, 0x00, 0x1a, 0x00, 0x10, 0x00, 0x05, 0x00, 0x00, 0x00, 0x31, 0x00, 0x00, 0x07,
	0x42, 0x00, 0x10, 0x00, 0x04, 0x00, 0x00, 0x00, 0x01, 0x40, 0x00, 0x00, 0x00, 0x00, 0x00, 0x00,
	0x3a, 0x00, 0x10, 0x00, 0x01, 0x00, 0x00, 0x00, 0x00, 0x00, 0x00, 0x09, 0x32, 0x00, 0x10, 0x00,
	0x04, 0x00, 0x00, 0x00, 0xe6, 0x0a, 0x10, 0x80, 0x41, 0x00, 0x00, 0x00, 0x02, 0x00, 0x00, 0x00,
	0x46, 0x00, 0x10, 0x80, 0x81, 0x00, 0x00, 0x00, 0x04, 0x00, 0x00, 0x00, 0x00, 0x00, 0x00, 0x07,
	0x32, 0x00, 0x10, 0x00, 0x04, 0x00, 0x00, 0x00, 0xf6, 0x0f, 0x10, 0x00, 0x01, 0x00, 0x00, 0x00,
	0x46, 0x00, 0x10, 0x00, 0x04, 0x00, 0x00, 0x00, 0x34, 0x00, 0x00, 0x0a, 0x32, 0x00, 0x10, 0x00,
	0x05, 0x00, 0x00, 0x00, 0x46, 0x00, 0x10, 0x00, 0x04, 0x00, 0x00, 0x00, 0x02, 0x40, 0x00, 0x00,
	0x00, 0x00, 0x00, 0x00, 0x00, 0x00, 0x00, 0x00, 0x00, 0x00, 0x00, 0x00, 0x00, 0x00, 0x00, 0x00,
	0x0f, 0x00, 0x00, 0x07, 0x82, 0x00, 0x10, 0x00, 0x04, 0x00, 0x00, 0x00, 0x46, 0x00, 0x10, 0x00,
	0x05, 0x00, 0x00, 0x00, 0x46, 0x00, 0x10, 0x00, 0x05, 0x00, 0x00, 0x00, 0x4b, 0x00, 0x00, 0x05,
	0x82, 0x00, 0x10, 0x00, 0x04, 0x00, 0x00, 0x00, 0x3a, 0x00, 0x10, 0x00, 0x04, 0x00, 0x00, 0x00,
	0x34, 0x00, 0x00, 0x07, 0x12, 0x00, 0x10, 0x00, 0x04, 0x00, 0x00, 0x00, 0x1a, 0x00, 0x10, 0x00,
	0x04, 0x00, 0x00, 0x00, 0x0a, 0x00, 0x10, 0x00, 0x04, 0x00, 0x00, 0x00, 0x33, 0x00, 0x00, 0x07,
	0x12, 0x00, 0x10, 0x00, 0x04, 0x00, 0x00, 0x00, 0x0a, 0x00, 0x10, 0x00, 0x04, 0x00, 0x00, 0x00,
	0x01, 0x40, 0x00, 0x00, 0x00, 0x00, 0x00, 0x00, 0x00, 0x00, 0x00, 0x07, 0x12, 0x00, 0x10, 0x00,
	0x04, 0x00, 0x00, 0x00, 0x0a, 0x00, 0x10, 0x00, 0x04, 0x00, 0x00, 0x00, 0x3a, 0x00, 0x10, 0x00,
	0x04, 0x00, 0x00, 0x00, 0x00, 0x00, 0x00, 0x08, 0x82, 0x00, 0x10, 0x00, 0x01, 0x00, 0x00, 0x00,
	0x3a, 0x00, 0x10, 0x80, 0x41, 0x00, 0x00, 0x00, 0x01, 0x00, 0x00, 0x00, 0x0a, 0x00, 0x10, 0x00,
	0x04, 0x00, 0x00, 0x00, 0x00, 0x20, 0x00, 0x08, 0x82, 0x00, 0x10, 0x00, 0x01, 0x00, 0x00, 0x00,
	0x3a, 0x00, 0x10, 0x80, 0x41, 0x00, 0x00, 0x00, 0x01, 0x00, 0x00, 0x00, 0x01, 0x40, 0x00, 0x00,
	0x00, 0x00, 0x00, 0x3f, 0x00, 0x00, 0x00, 0x07, 0x32, 0x00, 0x10, 0x00, 0x04, 0x00, 0x00, 0x00,
	0xe6, 0x1a, 0x10, 0x00, 0x0b, 0x00, 0x00, 0x00, 0x46, 0x10, 0x10, 0x00, 0x0b, 0x00, 0x00, 0x00,
	0x00, 0x00, 0x00, 0x0a, 0xf2, 0x00, 0x10, 0x00, 0x05, 0x00, 0x00, 0x00, 0xe6, 0x1e, 0x10, 0x00,
	0x01, 0x00, 0x00, 0x00, 0x02, 0x40, 0x00, 0x00, 0x00, 0x00, 0x00, 0x3f, 0x00, 0x00, 0x00, 0x3f,
	0x00, 0x00, 0x00, 0xbf, 0x00, 0x00, 0x00, 0xbf, 0x33, 0x00, 0x00, 0x07, 0x32, 0x00, 0x10, 0x00,
	0x05, 0x00, 0x00, 0x00, 0x46, 0x00, 0x10, 0x00, 0x04, 0x00, 0x00, 0x00, 0x46, 0x00, 0x10, 0x00,
	0x05, 0x00, 0x00, 0x00, 0x34, 0x00, 0x00, 0x07, 0xc2, 0x00, 0x10, 0x00, 0x05, 0x00, 0x00, 0x00,
	0xa6, 0x0e, 0x10, 0x00, 0x05, 0x00, 0x00, 0x00, 0x06, 0x14, 0x10, 0x00, 0x0b, 0x00, 0x00, 0x00,
	0x00, 0x20, 0x00, 0x08, 0x32, 0x00, 0x10, 0x00, 0x05, 0x00, 0x00, 0x00, 0xe6, 0x0a, 0x10, 0x80,
	0x41, 0x00, 0x00, 0x00, 0x05, 0x00, 0x00, 0x00, 0x46, 0x00, 0x10, 0x00, 0x05, 0x00, 0x00, 0x00,
	0x38, 0x00, 0x00, 0x07, 0x82, 0x00, 0x10, 0x00, 0x04, 0x00, 0x00, 0x00, 0x1a, 0x00, 0x10, 0x00,
	0x05, 0x00, 0x00, 0x00, 0x0a, 0x00, 0x10, 0x00, 0x05, 0x00, 0x00, 0x00, 0x37, 0x00, 0x00, 0x09,
	0x12, 0x00, 0x10, 0x00, 0x05, 0x00, 0x00, 0x00, 0x2a, 0x00, 0x10, 0x00, 0x04, 0x00, 0x00, 0x00,
	0x3a, 0x00, 0x10, 0x00, 0x01, 0x00, 0x00, 0x00, 0x3a, 0x00, 0x10, 0x00, 0x04, 0x00, 0x00, 0x00,
	0x1f, 0x00, 0x00, 0x03, 0x1a, 0x00, 0x10, 0x00, 0x01, 0x00, 0x00, 0x00, 0x31, 0x00, 0x00, 0x07,
	0x22, 0x00, 0x10, 0x00, 0x01, 0x00, 0x00, 0x00, 0x01, 0x40, 0x00, 0x00, 0x00, 0x00, 0xc0, 0x3f,
	0x3a, 0x10, 0x10, 0x00, 0x0f, 0x00, 0x00, 0x00, 0x1f, 0x00, 0x04, 0x03, 0x1a, 0x00, 0x10, 0x00,
	0x01, 0x00, 0x00, 0x00, 0x1f, 0x00, 0x00, 0x03, 0x0a, 0x00, 0x10, 0x00, 0x01, 0x00, 0x00, 0x00,
	0x0b, 0x00, 0x00, 0x05, 0x92, 0x00, 0x10, 0x00, 0x01, 0x00, 0x00, 0x00, 0x06, 0x14, 0x10, 0x00,
	0x01, 0x00, 0x00, 0x00, 0x0c, 0x00, 0x00, 0x05, 0xc2, 0x00, 0x10, 0x00, 0x04, 0x00, 0x00, 0x00,
	0x06, 0x14, 0x10, 0x00, 0x01, 0x00, 0x00, 0x00, 0x00, 0x00, 0x00, 0x07, 0x32, 0x00, 0x10, 0x00,
	0x06, 0x00, 0x00, 0x00, 0xc6, 0x00, 0x10, 0x00, 0x01, 0x00, 0x00, 0x00, 0xe6, 0x0a, 0x10, 0x00,
	0x04, 0x00, 0x00, 0x00, 0x00, 0x00, 0x00, 0x08, 0xc2, 0x00, 0x10, 0x00, 0x06, 0x00, 0x00, 0x00,
	0x06, 0x0c, 0x10, 0x00, 0x01, 0x00, 0x00, 0x00, 0xa6, 0x0e, 0x10, 0x80, 0x41, 0x00, 0x00, 0x00,
	0x04, 0x00, 0x00, 0x00, 0x38, 0x00, 0x00, 0x0a, 0xf2, 0x00, 0x10, 0x00, 0x06, 0x00, 0x00, 0x00,
	0x46, 0x0e, 0x10, 0x00, 0x06, 0x00, 0x00, 0x00, 0x02, 0x40, 0x00, 0x00, 0x00, 0x00, 0x00, 0x3f,
	0x00, 0x00, 0x00, 0x3f, 0x00, 0x00, 0x00, 0x3f, 0x00, 0x00, 0x00, 0x3f, 0x00, 0x00, 0x00, 0x09,
	0x12, 0x00, 0x10, 0x00, 0x06, 0x00, 0x00, 0x00, 0x1a, 0x00, 0x10, 0x80, 0x81, 0x00, 0x00, 0x00,
	0x06, 0x00, 0x00, 0x00, 0x0a, 0x00, 0x10, 0x80, 0x81, 0x00, 0x00, 0x00, 0x06, 0x00, 0x00, 0x00,
	0x00, 0x00, 0x00, 0x09, 0x22, 0x00, 0x10, 0x00, 0x06, 0x00, 0x00, 0x00, 0x3a, 0x00, 0x10, 0x80,
	0x81, 0x00, 0x00, 0x00, 0x06, 0x00, 0x00, 0x00, 0x2a, 0x00, 0x10, 0x80, 0x81, 0x00, 0x00, 0x00,
	0x06, 0x00, 0x00, 0x00, 0x34, 0x00, 0x00, 0x07, 0x12, 0x00, 0x10, 0x00, 0x06, 0x00, 0x00, 0x00,
	0x1a, 0x00, 0x10, 0x00, 0x06, 0x00, 0x00, 0x00, 0x0a, 0x00, 0x10, 0x00, 0x06, 0x00, 0x00, 0x00,
	0x38, 0x00, 0x00, 0x07, 0x12, 0x00, 0x10, 0x00, 0x06, 0x00, 0x00, 0x00, 0x0a, 0x00, 0x10, 0x00,
	0x06, 0x00, 0x00, 0x00, 0x01, 0x40, 0x00, 0x00, 0x00, 0x00, 0x00, 0x40, 0x00, 0x00, 0x00, 0x08,
	0x62, 0x00, 0x10, 0x00, 0x06, 0x00, 0x00, 0x00, 0x06, 0x11, 0x10, 0x00, 0x01, 0x00, 0x00, 0x00,
	0x06, 0x11, 0x10, 0x80, 0x41, 0x00, 0x00, 0x00, 0x0b, 0x00, 0x00, 0x00, 0x00, 0x00, 0x00, 0x08,
	0x62, 0x00, 0x10, 0x00, 0x06, 0x00, 0x00, 0x00, 0xa6, 0x0b, 0x10, 0x80, 0x41, 0x00, 0x00, 0x00,
	0x02, 0x00, 0x00, 0x00, 0x56, 0x06, 0x10, 0x00, 0x06, 0x00, 0x00, 0x00, 0x00, 0x00, 0x00, 0x09,
	0x62, 0x00, 0x10, 0x00, 0x06, 0x00, 0x00, 0x00, 0xa6, 0x0b, 0x10, 0x80, 0x41, 0x00, 0x00, 0x00,
	0x02, 0x00, 0x00, 0x00, 0x56, 0x06, 0x10, 0x80, 0x81, 0x00, 0x00, 0x00, 0x06, 0x00, 0x00, 0x00,
	0x34, 0x00, 0x00, 0x0a, 0x32, 0x00, 0x10, 0x00, 0x07, 0x00, 0x00, 0x00, 0x96, 0x05, 0x10, 0x00,
	0x06, 0x00, 0x00, 0x00, 0x02, 0x40, 0x00, 0x00, 0x00, 0x00, 0x00, 0x00, 0x00, 0x00, 0x00, 0x00,
	0x00, 0x00, 0x00, 0x00, 0x00, 0x00, 0x00, 0x00, 0x0f, 0x00, 0x00, 0x07, 0x82, 0x00, 0x10, 0x00,
	0x06, 0x00, 0x00, 0x00, 0x46, 0x00, 0x10, 0x00, 0x07, 0x00, 0x00, 0x00, 0x46, 0x00, 0x10, 0x00,
	0x07, 0x00, 0x00, 0x00, 0x4b, 0x00, 0x00, 0x05, 0x82, 0x00, 0x10, 0x00, 0x06, 0x00, 0x00, 0x00,
	0x3a, 0x00, 0x10, 0x00, 0x06, 0x00, 0x00, 0x00, 0x34, 0x00, 0x00, 0x07, 0x22, 0x00, 0x10, 0x00,
	0x06, 0x00, 0x00, 0x00, 0x2a, 0x00, 0x10, 0x00, 0x06, 0x00, 0x00, 0x00, 0x1a, 0x00, 0x10, 0x00,
	0x06, 0x00, 0x00, 0x00, 0x33, 0x00, 0x00, 0x07, 0x22, 0x00, 0x10, 0x00, 0x06, 0x00, 0x00, 0x00,
	0x1a, 0x00, 0x10, 0x00, 0x06, 0x00, 0x00, 0x00, 0x01, 0x40, 0x00, 0x00, 0x00, 0x00, 0x00, 0x00,
	0x00, 0x00, 0x00, 0x07, 0x22, 0x00, 0x10, 0x00, 0x06, 0x00, 0x00, 0x00, 0x1a, 0x00, 0x10, 0x00,
	0x06, 0x00, 0x00, 0x00, 0x3a, 0x00, 0x10, 0x00, 0x06, 0x00, 0x00, 0x00, 0x31, 0x00, 0x00, 0x08,
	0x42, 0x00, 0x10, 0x00, 0x06, 0x00, 0x00, 0x00, 0x1a, 0x00, 0x10, 0x00, 0x06, 0x00, 0x00, 0x00,
	0x0a, 0x00, 0x10, 0x80, 0x41, 0x00, 0x00, 0x00, 0x06, 0x00, 0x00, 0x00, 0x1f, 0x00, 0x00, 0x03,
	0x2a, 0x00, 0x10, 0x00, 0x06, 0x00, 0x00, 0x00, 0x31, 0x00, 0x00, 0x07, 0x12, 0x00, 0x10, 0x00,
	0x06, 0x00, 0x00, 0x00, 0x0a, 0x00, 0x10, 0x00, 0x06, 0x00, 0x00, 0x00, 0x1a, 0x00, 0x10, 0x00,
	0x06, 0x00, 0x00, 0x00, 0x1f, 0x00, 0x00, 0x03, 0x0a, 0x00, 0x10, 0x00, 0x06, 0x00, 0x00, 0x00,
	0x36, 0x00, 0x00, 0x08, 0x32, 0x00, 0x10, 0x00, 0x06, 0x00, 0x00, 0x00, 0x02, 0x40, 0x00, 0x00,
	0x00, 0x00, 0x00, 0x00, 0x00, 0x00, 0x00, 0x00, 0x00, 0x00, 0x00, 0x00, 0x00, 0x00, 0x00, 0x00,
	0x30, 0x00, 0x00, 0x01, 0x21, 0x00, 0x00, 0x07, 0x42, 0x00, 0x10, 0x00, 0x06, 0x00, 0x00, 0x00,
	0x1a, 0x00, 0x10, 0x00, 0x06, 0x00, 0x00, 0x00, 0x01, 0x40, 0x00, 0x00, 0x04, 0x00, 0x00, 0x00,
	0x03, 0x00, 0x04, 0x03, 0x2a, 0x00, 0x10, 0x00, 0x06, 0x00, 0x00, 0x00, 0x2b, 0x00, 0x00, 0x05,
	0x42, 0x00, 0x10, 0x00, 0x06, 0x00, 0x00, 0x00, 0x1a, 0x00, 0x10, 0x00, 0x06, 0x00, 0x00, 0x00,
	0x00, 0x00, 0x00, 0x07, 0x42, 0x00, 0x10, 0x00, 0x06, 0x00, 0x00, 0x00, 0x2a, 0x00, 0x10, 0x00,
	0x06, 0x00, 0x00, 0x00, 0x01, 0x40, 0x00, 0x00, 0x00, 0x00, 0x00, 0x3f, 0x0e, 0x00, 0x00, 0x07,
	0x42, 0x00, 0x10, 0x00, 0x06, 0x00, 0x00, 0x00, 0x2a, 0x00, 0x10, 0x00, 0x06, 0x00, 0x00, 0x00,
	0x01, 0x40, 0x00, 0x00, 0x00, 0x00, 0x80, 0x40, 0x00, 0x00, 0x00, 0x07, 0x42, 0x00, 0x10, 0x00,
	0x06, 0x00, 0x00, 0x00, 0x2a, 0x00, 0x10, 0x00, 0x06, 0x00, 0x00, 0x00, 0x01, 0x40, 0x00, 0x00,
	0x00, 0x00, 0x00, 0xbf, 0x38, 0x00, 0x00, 0x07, 0xc2, 0x00, 0x10, 0x00, 0x06, 0x00, 0x00, 0x00,
	0xa6, 0x0e, 0x10, 0x00, 0x04, 0x00, 0x00, 0x00, 0xa6, 0x0a, 0x10, 0x00, 0x06, 0x00, 0x00, 0x00,
	0x36, 0x00, 0x00, 0x05, 0x12, 0x00, 0x10, 0x00, 0x07, 0x00, 0x00, 0x00, 0x0a, 0x00, 0x10, 0x00,
	0x06, 0x00, 0x00, 0x00, 0x36, 0x00, 0x00, 0x05, 0x22, 0x00, 0x10, 0x00, 0x07, 0x00, 0x00, 0x00,
	0x01, 0x40, 0x00, 0x00, 0x00, 0x00, 0x00, 0x00, 0x30, 0x00, 0x00, 0x01, 0x21, 0x00, 0x00, 0x07,
	0x42, 0x00, 0x10, 0x00, 0x07, 0x00, 0x00, 0x00, 0x1a, 0x00, 0x10, 0x00, 0x07, 0x00, 0x00, 0x00,
	0x01, 0x40, 0x00, 0x00, 0x04, 0x00, 0x00, 0x00, 0x03, 0x00, 0x04, 0x03, 0x2a, 0x00, 0x10, 0x00,
	0x07, 0x00, 0x00, 0x00, 0x2b, 0x00, 0x00, 0x05, 0x42, 0x00, 0x10, 0x00, 0x07, 0x00, 0x00, 0x00,
	0x1a, 0x00, 0x10, 0x00, 0x07, 0x00, 0x00, 0x00, 0x00, 0x00, 0x00, 0x07, 0x42, 0x00, 0x10, 0x00,
	0x07, 0x00, 0x00, 0x00, 0x2a, 0x00, 0x10, 0x00, 0x07, 0x00, 0x00, 0x00, 0x01, 0x40, 0x00, 0x00,
	0x00, 0x00, 0x00, 0x3f, 0x0e, 0x00, 0x00, 0x07, 0x42, 0x00, 0x10, 0x00, 0x07, 0x00, 0x00, 0x00,
	0x2a, 0x00, 0x10, 0x00, 0x07, 0x00, 0x00, 0x00, 0x01, 0x40, 0x00, 0x00, 0x00, 0x00, 0x80, 0x40,
	0x00, 0x00, 0x00, 0x07, 0x42, 0x00, 0x10, 0x00, 0x07, 0x00, 0x00, 0x00, 0x2a, 0x00, 0x10, 0x00,
	0x07, 0x00, 0x00, 0x00, 0x01, 0x40, 0x00, 0x00, 0x00, 0x00, 0x00, 0xbf, 0x38, 0x00, 0x00, 0x07,
	0xc2, 0x00, 0x10, 0x00, 0x07, 0x00, 0x00, 0x00, 0x06, 0x0c, 0x10, 0x00, 0x01, 0x00, 0x00, 0x00,
	0xa6, 0x0a, 0x10, 0x00, 0x07, 0x00, 0x00, 0x00, 0x00, 0x00, 0x00, 0x07, 0xc2, 0x00, 0x10, 0x00,
	0x07, 0x00, 0x00, 0x00, 0xa6, 0x0e, 0x10, 0x00, 0x07, 0x00, 0x00, 0x00, 0x06, 0x14, 0x10, 0x00,
	0x01, 0x00, 0x00, 0x00, 0x00, 0x00, 0x00, 0x07, 0xc2, 0x00, 0x10, 0x00, 0x07, 0x00, 0x00, 0x00,
	0xa6, 0x0e, 0x10, 0x00, 0x06, 0x00, 0x00, 0x00, 0xa6, 0x0e, 0x10, 0x00, 0x07, 0x00, 0x00, 0x00,
	0x00, 0x00, 0x00, 0x08, 0xc2, 0x00, 0x10, 0x00, 0x07, 0x00, 0x00, 0x00, 0xa6, 0x0e, 0x10, 0x00,
	0x07, 0x00, 0x00, 0x00, 0x06, 0x14, 0x10, 0x80, 0x41, 0x00, 0x00, 0x00, 0x0b, 0x00, 0x00, 0x00,
	0x00, 0x00, 0x00, 0x08, 0xc2, 0x00, 0x10, 0x00, 0x07, 0x00, 0x00, 0x00, 0xa6, 0x0e, 0x10, 0x80,
	0x41, 0x00, 0x00, 0x00, 0x02, 0x00, 0x00, 0x00, 0xa6, 0x0e, 0x10, 0x00, 0x07, 0x00, 0x00, 0x00,
	0x00, 0x00, 0x00, 0x09, 0xc2, 0x00, 0x10, 0x00, 0x07, 0x00, 0x00, 0x00, 0xa6, 0x0e, 0x10, 0x80,
	0x41, 0x00, 0x00, 0x00, 0x02, 0x00, 0x00, 0x00, 0xa6, 0x0e, 0x10, 0x80, 0x81, 0x00, 0x00, 0x00,
	0x07, 0x00, 0x00, 0x00, 0x34, 0x00, 0x00, 0x0a, 0x32, 0x00, 0x10, 0x00, 0x08, 0x00, 0x00, 0x00,
	0xe6, 0x0a, 0x10, 0x00, 0x07, 0x00, 0x00, 0x00, 0x02, 0x40, 0x00, 0x00, 0x00, 0x00, 0x00, 0x00,
	0x00, 0x00, 0x00, 0x00, 0x00, 0x00, 0x00, 0x00, 0x00, 0x00, 0x00, 0x00, 0x0f, 0x00, 0x00, 0x07,
	0x12, 0x00, 0x10, 0x00, 0x08, 0x00, 0x00, 0x00, 0x46, 0x00, 0x10, 0x00, 0x08, 0x00, 0x00, 0x00,
	0x46, 0x00, 0x10, 0x00, 0x08, 0x00, 0x00, 0x00, 0x4b, 0x00, 0x00, 0x05, 0x12, 0x00, 0x10, 0x00,
	0x08, 0x00, 0x00, 0x00, 0x0a, 0x00, 0x10, 0x00, 0x08, 0x00, 0x00, 0x00, 0x34, 0x00, 0x00, 0x07,
	0x42, 0x00, 0x10, 0x00, 0x07, 0x00, 0x00, 0x00, 0x3a, 0x00, 0x10, 0x00, 0x07, 0x00, 0x00, 0x00,
	0x2a, 0x00, 0x10, 0x00, 0x07, 0x00, 0x00, 0x00, 0x33, 0x00, 0x00, 0x07, 0x42, 0x00, 0x10, 0x00,
	0x07, 0x00, 0x00, 0x00, 0x2a, 0x00, 0x10, 0x00, 0x07, 0x00, 0x00, 0x00, 0x01, 0x40, 0x00, 0x00,
	0x00, 0x00, 0x00, 0x00, 0x00, 0x00, 0x00, 0x07, 0x42, 0x00, 0x10, 0x00, 0x07, 0x00, 0x00, 0x00,
	0x2a, 0x00, 0x10, 0x00, 0x07, 0x00, 0x00, 0x00, 0x0a, 0x00, 0x10, 0x00, 0x08, 0x00, 0x00, 0x00,
	0x1d, 0x00, 0x00, 0x07, 0x42, 0x00, 0x10, 0x00, 0x07, 0x00, 0x00, 0x00, 0x01, 0x40, 0x00, 0x00,
	0x00, 0x00, 0x00, 0x00, 0x2a, 0x00, 0x10, 0x00, 0x07, 0x00, 0x00, 0x00, 0x01, 0x00, 0x00, 0x07,
	0x42, 0x00, 0x10, 0x00, 0x07, 0x00, 0x00, 0x00, 0x2a, 0x00, 0x10, 0x00, 0x07, 0x00, 0x00, 0x00,
	0x01, 0x40, 0x00, 0x00, 0x00, 0x00, 0x80, 0x3f, 0x00, 0x00, 0x00, 0x07, 0x12, 0x00, 0x10, 0x00,
	0x07, 0x00, 0x00, 0x00, 0x2a, 0x00, 0x10, 0x00, 0x07, 0x00, 0x00, 0x00, 0x0a, 0x00, 0x10, 0x00,
	0x07, 0x00, 0x00, 0x00, 0x1e, 0x00, 0x00, 0x07, 0x22, 0x00, 0x10, 0x00, 0x07, 0x00, 0x00, 0x00,
	0x1a, 0x00, 0x10, 0x00, 0x07, 0x00, 0x00, 0x00, 0x01, 0x40, 0x00, 0x00, 0x01, 0x00, 0x00, 0x00,
	0x16, 0x00, 0x00, 0x01, 0x36, 0x00, 0x00, 0x05, 0x12, 0x00, 0x10, 0x00, 0x06, 0x00, 0x00, 0x00,
	0x0a, 0x00, 0x10, 0x00, 0x07, 0x00, 0x00, 0x00, 0x1e, 0x00, 0x00, 0x07, 0x22, 0x00, 0x10, 0x00,
	0x06, 0x00, 0x00, 0x00, 0x1a, 0x00, 0x10, 0x00, 0x06, 0x00, 0x00, 0x00, 0x01, 0x40, 0x00, 0x00,
	0x01, 0x00, 0x00, 0x00, 0x16, 0x00, 0x00, 0x01, 0x0e, 0x00, 0x00, 0x07, 0x12, 0x00, 0x10, 0x00,
	0x01, 0x00, 0x00, 0x00, 0x0a, 0x00, 0x10, 0x00, 0x06, 0x00, 0x00, 0x00, 0x01, 0x40, 0x00, 0x00,
	0x00, 0x00, 0x80, 0x41, 0x12, 0x00, 0x00, 0x01, 0x36, 0x00, 0x00, 0x05, 0x12, 0x00, 0x10, 0x00,
	0x01, 0x00, 0x00, 0x00, 0x01, 0x40, 0x00, 0x00, 0x00, 0x00, 0x00, 0x00, 0x15, 0x00, 0x00, 0x01,
	0x12, 0x00, 0x00, 0x01, 0x36, 0x00, 0x00, 0x05, 0x12, 0x00, 0x10, 0x00, 0x01, 0x00, 0x00, 0x00,
	0x01, 0x40, 0x00, 0x00, 0x00, 0x00, 0x80, 0x3f, 0x15, 0x00, 0x00, 0x01, 0x12, 0x00, 0x00, 0x01,
	0x33, 0x00, 0x00, 0x07, 0xc2, 0x00, 0x10, 0x00, 0x02, 0x00, 0x00, 0x00, 0x06, 0x04, 0x10, 0x00,
	0x03, 0x00, 0x00, 0x00, 0x06, 0x04, 0x10, 0x00, 0x04, 0x00, 0x00, 0x00, 0x34, 0x00, 0x00, 0x07,
	0x32, 0x00, 0x10, 0x00, 0x03, 0x00, 0x00, 0x00, 0xe6, 0x0a, 0x10, 0x00, 0x03, 0x00, 0x00, 0x00,
	0x46, 0x10, 0x10, 0x00, 0x0b, 0x00, 0x00, 0x00, 0x00, 0x20, 0x00, 0x08, 0xc2, 0x00, 0x10, 0x00,
	0x02, 0x00, 0x00, 0x00, 0xa6, 0x0e, 0x10, 0x00, 0x02, 0x00, 0x00, 0x00, 0x06, 0x04, 0x10, 0x80,
	0x41, 0x00, 0x00, 0x00, 0x03, 0x00, 0x00, 0x00, 0x38, 0x00, 0x00, 0x07, 0x12, 0x00, 0x10, 0x00,
	0x01, 0x00, 0x00, 0x00, 0x3a, 0x00, 0x10, 0x00, 0x02, 0x00, 0x00, 0x00, 0x2a, 0x00, 0x10, 0x00,
	0x02, 0x00, 0x00, 0x00, 0x15, 0x00, 0x00, 0x01, 0x00, 0x00, 0x00, 0x08, 0xc2, 0x00, 0x10, 0x00,
	0x02, 0x00, 0x00, 0x00, 0xa6, 0x1e, 0x10, 0x00, 0x01, 0x00, 0x00, 0x00, 0x06, 0x14, 0x10, 0x80,
	0x41, 0x00, 0x00, 0x00, 0x0c, 0x00, 0x00, 0x00, 0x0e, 0x00, 0x00, 0x07, 0xc2, 0x00, 0x10, 0x00,
	0x02, 0x00, 0x00, 0x00, 0xa6, 0x0e, 0x10, 0x00, 0x02, 0x00, 0x00, 0x00, 0xa6, 0x1e, 0x10, 0x00,
	0x0c, 0x00, 0x00, 0x00, 0x45, 0x00, 0x00, 0x09, 0xf2, 0x00, 0x10, 0x00, 0x03, 0x00, 0x00, 0x00,
	0xe6, 0x0a, 0x10, 0x00, 0x02, 0x00, 0x00, 0x00, 0x46, 0x7e, 0x10, 0x00, 0x05, 0x00, 0x00, 0x00,
	0x00, 0x60, 0x10, 0x00, 0x00, 0x00, 0x00, 0x00, 0x38, 0x00, 0x00, 0x07, 0x12, 0x00, 0x10, 0x00,
	0x05, 0x00, 0x00, 0x00, 0x0a, 0x00, 0x10, 0x00, 0x01, 0x00, 0x00, 0x00, 0x3a, 0x00, 0x10, 0x00,
	0x03, 0x00, 0x00, 0x00, 0x15, 0x00, 0x00, 0x01, 0x1f, 0x00, 0x00, 0x03, 0x1a, 0x00, 0x10, 0x00,
	0x01, 0x00, 0x00, 0x00, 0x0e, 0x00, 0x00, 0x07, 0x32, 0x00, 0x10, 0x00, 0x01, 0x00, 0x00, 0x00,
	0x46, 0x00, 0x10, 0x00, 0x02, 0x00, 0x00, 0x00, 0xe6, 0x1a, 0x10, 0x00, 0x0b, 0x00, 0x00, 0x00,
	0x45, 0x00, 0x00, 0x09, 0xf2, 0x00, 0x10, 0x00, 0x05, 0x00, 0x00, 0x00, 0x46, 0x00, 0x10, 0x00,
	0x01, 0x00, 0x00, 0x00, 0x36, 0x79, 0x10, 0x00, 0x05, 0x00, 0x00, 0x00, 0x00, 0x60, 0x10, 0x00,
	0x00, 0x00, 0x00, 0x00, 0x15, 0x00, 0x00, 0x01, 0x15, 0x00, 0x00, 0x01, 0x38, 0x00, 0x00, 0x07,
	0x12, 0x00, 0x10, 0x00, 0x01, 0x00, 0x00, 0x00, 0x2a, 0x00, 0x10, 0x00, 0x01, 0x00, 0x00, 0x00,
	0x0a, 0x00, 0x10, 0x00, 0x05, 0x00, 0x00, 0x00, 0x38, 0x00, 0x00, 0x07, 0x12, 0x00, 0x10, 0x00,
	0x01, 0x00, 0x00, 0x00, 0x0a, 0x00, 0x10, 0x00, 0x01, 0x00, 0x00, 0x00, 0x3a, 0x10, 0x10, 0x00,
	0x0d, 0x00, 0x00, 0x00, 0x38, 0x00, 0x00, 0x07, 0xf2, 0x00, 0x10, 0x00, 0x00, 0x00, 0x00, 0x00,
	0x46, 0x0e, 0x10, 0x00, 0x00, 0x00, 0x00, 0x00, 0x06, 0x00, 0x10, 0x00, 0x01, 0x00, 0x00, 0x00,
	0x36, 0x00, 0x00, 0x05, 0xf2, 0x20, 0x10, 0x00, 0x00, 0x00, 0x00, 0x00, 0x46, 0x0e, 0x10, 0x00,
	0x00, 0x00, 0x00, 0x00, 0x36, 0x00, 0x00, 0x05, 0xf2, 0x20, 0x10, 0x00, 0x01, 0x00, 0x00, 0x00,
	0xf6, 0x0f, 0x10, 0x00, 0x00, 0x00, 0x00, 0x00, 0x3e, 0x00, 0x00, 0x01, 0x53, 0x54, 0x41, 0x54,
	0x74, 0x00, 0x00, 0x00, 0x20, 0x01, 0x00, 0x00, 0x09, 0x00, 0x00, 0x00, 0x00, 0x00, 0x00, 0x00,
	0x10, 0x00, 0x00, 0x00, 0xb7, 0x00, 0x00, 0x00, 0x11, 0x00, 0x00, 0x00, 0x03, 0x00, 0x00, 0x00,
	0x08, 0x00, 0x00, 0x00, 0x0e, 0x00, 0x00, 0x00, 0x00, 0x00, 0x00, 0x00, 0x00, 0x00, 0x00, 0x00,
	0x00, 0x00, 0x00, 0x00, 0x00, 0x00, 0x00, 0x00, 0x00, 0x00, 0x00, 0x00, 0x02, 0x00, 0x00, 0x00,
	0x04, 0x00, 0x00, 0x00, 0x00, 0x00, 0x00, 0x00, 0x00, 0x00, 0x00, 0x00, 0x00, 0x00, 0x00, 0x00,
	0x19, 0x00, 0x00, 0x00, 0x08, 0x00, 0x00, 0x00, 0x07, 0x00, 0x00, 0x00, 0x00, 0x00, 0x00, 0x00,
	0x00, 0x00, 0x00, 0x00, 0x00, 0x00, 0x00, 0x00, 0x00, 0x00, 0x00, 0x00, 0x00, 0x00, 0x00, 0x00,
	0x00, 0x00, 0x00, 0x00, 0x00, 0x00, 0x00, 0x00,
}
